seed,amplitude,snr,method,solver,protocol,distance,lam,penalty,sample_size,max_iterations,shrink,device,backend,field_scale,field_terms,loss,unexplained_pct,rms_log,planted_cv_pct,floor_pct,unexplained_brain_pct,rms_log_brain,planted_cv_brain_pct,floor_brain_pct,iterations,seconds,baseline_seconds,timestamp,git_commit,torch_version,host
1,0.2,inf,n3,normal,fixed30,75,1e-07,,,,4,cuda,torch,400,8,,2.10744,0.0213269,3.9497,0.00479213,0.962569,0.00968965,2.80681,0.00448657,30,0.67,0.937,2026-08-01T02:21:40,9124b27,2.13.0+cu130,gonzalo
1,0.2,40,n3,normal,fixed30,75,1e-07,,,,4,cuda,torch,400,8,,3.10554,0.0314308,3.9497,0.00479213,1.75089,0.0176558,2.80681,0.00448657,30,0.68,0.937,2026-08-01T02:21:40,9124b27,2.13.0+cu130,gonzalo
1,0.2,20,n3,normal,fixed30,75,1e-07,,,,4,cuda,torch,400,8,,5.89564,0.0590405,3.9497,0.00479213,3.84262,0.0386343,2.80681,0.00448657,30,0.683,0.937,2026-08-01T02:21:40,9124b27,2.13.0+cu130,gonzalo
1,0.4,inf,n3,normal,fixed30,75,1e-07,,,,4,cuda,torch,400,8,,4.81489,0.0493687,8.01912,0.0083344,2.37231,0.0240765,5.66111,0.00736837,30,0.68,0.937,2026-08-01T02:21:40,9124b27,2.13.0+cu130,gonzalo
1,0.4,40,n3,normal,fixed30,75,1e-07,,,,4,cuda,torch,400,8,,5.72237,0.0584305,8.01912,0.0083344,3.1387,0.031786,5.66111,0.00736837,30,0.682,0.937,2026-08-01T02:21:40,9124b27,2.13.0+cu130,gonzalo
1,0.4,20,n3,normal,fixed30,75,1e-07,,,,4,cuda,torch,400,8,,7.65982,0.0773904,8.01912,0.0083344,4.74164,0.0477692,5.66111,0.00736837,30,0.684,0.937,2026-08-01T02:21:40,9124b27,2.13.0+cu130,gonzalo
1,0.8,inf,n3,normal,fixed30,75,1e-07,,,,4,cuda,torch,400,8,,9.49701,0.100007,16.5439,0.014373,4.7092,0.0483001,11.5177,0.0107413,30,0.684,0.937,2026-08-01T02:21:40,9124b27,2.13.0+cu130,gonzalo
1,0.8,40,n3,normal,fixed30,75,1e-07,,,,4,cuda,torch,400,8,,9.91763,0.104256,16.5439,0.014373,5.12226,0.0524278,11.5177,0.0107413,30,0.684,0.937,2026-08-01T02:21:40,9124b27,2.13.0+cu130,gonzalo
1,0.8,20,n3,normal,fixed30,75,1e-07,,,,4,cuda,torch,400,8,,10.3702,0.108566,16.5439,0.014373,5.74394,0.0585282,11.5177,0.0107413,30,0.685,0.937,2026-08-01T02:21:40,9124b27,2.13.0+cu130,gonzalo
2,0.2,inf,n3,normal,fixed30,75,1e-07,,,,4,cuda,torch,400,8,,2.21816,0.0218927,3.87511,0.00273464,0.970879,0.0096909,3.28263,0.00185466,30,0.682,0.937,2026-08-01T02:21:40,9124b27,2.13.0+cu130,gonzalo
2,0.2,40,n3,normal,fixed30,75,1e-07,,,,4,cuda,torch,400,8,,2.73003,0.0274555,3.87511,0.00273464,1.51555,0.0152737,3.28263,0.00185466,30,0.684,0.937,2026-08-01T02:21:40,9124b27,2.13.0+cu130,gonzalo
2,0.2,20,n3,normal,fixed30,75,1e-07,,,,4,cuda,torch,400,8,,5.48472,0.0550618,3.87511,0.00273464,3.66287,0.0368986,3.28263,0.00185466,30,0.686,0.937,2026-08-01T02:21:40,9124b27,2.13.0+cu130,gonzalo
2,0.4,inf,n3,normal,fixed30,75,1e-07,,,,4,cuda,torch,400,8,,5.0377,0.049861,7.6336,0.00623601,2.28839,0.0229591,6.49394,0.00474227,30,0.686,0.937,2026-08-01T02:21:40,9124b27,2.13.0+cu130,gonzalo
2,0.4,40,n3,normal,fixed30,75,1e-07,,,,4,cuda,torch,400,8,,5.58887,0.0560359,7.6336,0.00623601,2.83659,0.0286753,6.49394,0.00474227,30,0.685,0.937,2026-08-01T02:21:40,9124b27,2.13.0+cu130,gonzalo
2,0.4,20,n3,normal,fixed30,75,1e-07,,,,4,cuda,torch,400,8,,6.89612,0.0696544,7.6336,0.00623601,4.2463,0.0429967,6.49394,0.00474227,30,0.685,0.937,2026-08-01T02:21:40,9124b27,2.13.0+cu130,gonzalo
2,0.8,inf,n3,normal,fixed30,75,1e-07,,,,4,cuda,torch,400,8,,10.1202,0.100446,14.8258,0.0188542,5.20882,0.0526234,12.7108,0.0174539,30,0.683,0.937,2026-08-01T02:21:40,9124b27,2.13.0+cu130,gonzalo
2,0.8,40,n3,normal,fixed30,75,1e-07,,,,4,cuda,torch,400,8,,10.3883,0.103205,14.8258,0.0188542,5.51608,0.0557572,12.7108,0.0174539,30,0.685,0.937,2026-08-01T02:21:40,9124b27,2.13.0+cu130,gonzalo
2,0.8,20,n3,normal,fixed30,75,1e-07,,,,4,cuda,torch,400,8,,10.5931,0.105371,14.8258,0.0188542,6.00502,0.0606436,12.7108,0.0174539,30,0.687,0.937,2026-08-01T02:21:40,9124b27,2.13.0+cu130,gonzalo
3,0.2,inf,n3,normal,fixed30,75,1e-07,,,,4,cuda,torch,400,8,,2.02322,0.0202799,3.96223,0.001591,0.842053,0.00844775,2.92538,0.00121479,30,0.685,0.937,2026-08-01T02:21:40,9124b27,2.13.0+cu130,gonzalo
3,0.2,40,n3,normal,fixed30,75,1e-07,,,,4,cuda,torch,400,8,,2.56052,0.0259113,3.96223,0.001591,1.39357,0.0140542,2.92538,0.00121479,30,0.684,0.937,2026-08-01T02:21:40,9124b27,2.13.0+cu130,gonzalo
3,0.2,20,n3,normal,fixed30,75,1e-07,,,,4,cuda,torch,400,8,,5.28065,0.0529728,3.96223,0.001591,3.53345,0.0355931,2.92538,0.00121479,30,0.691,0.937,2026-08-01T02:21:40,9124b27,2.13.0+cu130,gonzalo
3,0.4,inf,n3,normal,fixed30,75,1e-07,,,,4,cuda,torch,400,8,,4.34544,0.044237,8.00337,0.00308768,1.97193,0.0200085,5.87492,0.00213631,30,0.684,0.937,2026-08-01T02:21:40,9124b27,2.13.0+cu130,gonzalo
3,0.4,40,n3,normal,fixed30,75,1e-07,,,,4,cuda,torch,400,8,,4.85055,0.0496815,8.00337,0.00308768,2.52373,0.025673,5.87492,0.00213631,30,0.683,0.937,2026-08-01T02:21:40,9124b27,2.13.0+cu130,gonzalo
3,0.4,20,n3,normal,fixed30,75,1e-07,,,,4,cuda,torch,400,8,,6.70438,0.0681185,8.00337,0.00308768,4.23537,0.0428881,5.87492,0.00213631,30,0.683,0.937,2026-08-01T02:21:40,9124b27,2.13.0+cu130,gonzalo
3,0.8,inf,n3,normal,fixed30,75,1e-07,,,,4,cuda,torch,400,8,,8.98742,0.0938698,16.3393,0.00715361,4.29809,0.044227,11.8498,0.00503285,30,0.685,0.937,2026-08-01T02:21:40,9124b27,2.13.0+cu130,gonzalo
3,0.8,40,n3,normal,fixed30,75,1e-07,,,,4,cuda,torch,400,8,,9.2836,0.0973573,16.3393,0.00715361,4.64875,0.0479077,11.8498,0.00503285,30,0.684,0.937,2026-08-01T02:21:40,9124b27,2.13.0+cu130,gonzalo
3,0.8,20,n3,normal,fixed30,75,1e-07,,,,4,cuda,torch,400,8,,9.66786,0.101517,16.3393,0.00715361,5.26199,0.0540759,11.8498,0.00503285,30,0.683,0.937,2026-08-01T02:21:40,9124b27,2.13.0+cu130,gonzalo
4,0.2,inf,n3,normal,fixed30,75,1e-07,,,,4,cuda,torch,400,8,,2.3527,0.0236471,4.78204,0.00301097,1.46821,0.014526,3.64935,0.00229466,30,0.684,0.937,2026-08-01T02:21:40,9124b27,2.13.0+cu130,gonzalo
4,0.2,40,n3,normal,fixed30,75,1e-07,,,,4,cuda,torch,400,8,,2.74975,0.0278555,4.78204,0.00301097,1.51896,0.0151869,3.64935,0.00229466,30,0.685,0.937,2026-08-01T02:21:40,9124b27,2.13.0+cu130,gonzalo
4,0.2,20,n3,normal,fixed30,75,1e-07,,,,4,cuda,torch,400,8,,4.78746,0.0487972,4.78204,0.00301097,2.92076,0.0294109,3.64935,0.00229466,30,0.685,0.937,2026-08-01T02:21:40,9124b27,2.13.0+cu130,gonzalo
4,0.4,inf,n3,normal,fixed30,75,1e-07,,,,4,cuda,torch,400,8,,5.02933,0.0502177,9.53594,0.00774396,3.76805,0.0366044,7.282,0.00671299,30,0.684,0.937,2026-08-01T02:21:40,9124b27,2.13.0+cu130,gonzalo
4,0.4,40,n3,normal,fixed30,75,1e-07,,,,4,cuda,torch,400,8,,5.12867,0.0518282,9.53594,0.00774396,3.28702,0.0324052,7.282,0.00671299,30,0.685,0.937,2026-08-01T02:21:40,9124b27,2.13.0+cu130,gonzalo
4,0.4,20,n3,normal,fixed30,75,1e-07,,,,4,cuda,torch,400,8,,6.29225,0.0649281,9.53594,0.00774396,3.60537,0.0364861,7.282,0.00671299,30,0.684,0.937,2026-08-01T02:21:40,9124b27,2.13.0+cu130,gonzalo
4,0.8,inf,n3,normal,fixed30,75,1e-07,,,,4,cuda,torch,400,8,,11.0249,0.1107,18.9441,0.0310387,7.19356,0.0696131,14.4923,0.0302869,30,0.684,0.937,2026-08-01T02:21:40,9124b27,2.13.0+cu130,gonzalo
4,0.8,40,n3,normal,fixed30,75,1e-07,,,,4,cuda,torch,400,8,,11.2699,0.113703,18.9441,0.0310387,6.93483,0.0677498,14.4923,0.0302869,30,0.687,0.937,2026-08-01T02:21:40,9124b27,2.13.0+cu130,gonzalo
4,0.8,20,n3,normal,fixed30,75,1e-07,,,,4,cuda,torch,400,8,,11.5917,0.118385,18.9441,0.0310387,6.74468,0.0670876,14.4923,0.0302869,30,0.685,0.937,2026-08-01T02:21:40,9124b27,2.13.0+cu130,gonzalo
5,0.2,inf,n3,normal,fixed30,75,1e-07,,,,4,cuda,torch,400,8,,2.32363,0.0232023,3.59851,0.0129451,0.981758,0.00985594,2.63017,0.0134565,30,0.684,0.937,2026-08-01T02:21:40,9124b27,2.13.0+cu130,gonzalo
5,0.2,40,n3,normal,fixed30,75,1e-07,,,,4,cuda,torch,400,8,,2.4517,0.0249457,3.59851,0.0129451,1.31897,0.0133387,2.63017,0.0134565,30,0.687,0.937,2026-08-01T02:21:40,9124b27,2.13.0+cu130,gonzalo
5,0.2,20,n3,normal,fixed30,75,1e-07,,,,4,cuda,torch,400,8,,4.89945,0.049164,3.59851,0.0129451,3.3835,0.034097,2.63017,0.0134565,30,0.687,0.937,2026-08-01T02:21:40,9124b27,2.13.0+cu130,gonzalo
5,0.4,inf,n3,normal,fixed30,75,1e-07,,,,4,cuda,torch,400,8,,4.70321,0.0473537,7.25264,0.0289317,1.96273,0.0198433,5.28404,0.0299439,30,0.683,0.937,2026-08-01T02:21:40,9124b27,2.13.0+cu130,gonzalo
5,0.4,40,n3,normal,fixed30,75,1e-07,,,,4,cuda,torch,400,8,,4.54514,0.0464013,7.25264,0.0289317,2.13549,0.0217352,5.28404,0.0299439,30,0.685,0.937,2026-08-01T02:21:40,9124b27,2.13.0+cu130,gonzalo
5,0.4,20,n3,normal,fixed30,75,1e-07,,,,4,cuda,torch,400,8,,5.59395,0.0570414,7.25264,0.0289317,3.60755,0.0366336,5.28404,0.0299439,30,0.687,0.937,2026-08-01T02:21:40,9124b27,2.13.0+cu130,gonzalo
5,0.8,inf,n3,normal,fixed30,75,1e-07,,,,4,cuda,torch,400,8,,8.45649,0.0856958,14.7383,0.0709379,3.68382,0.037571,10.6651,0.0724598,30,0.73,0.937,2026-08-01T02:21:40,9124b27,2.13.0+cu130,gonzalo
5,0.8,40,n3,normal,fixed30,75,1e-07,,,,4,cuda,torch,400,8,,8.47403,0.0869326,14.7383,0.0709379,3.94265,0.0404772,10.6651,0.0724598,30,0.687,0.937,2026-08-01T02:21:40,9124b27,2.13.0+cu130,gonzalo
5,0.8,20,n3,normal,fixed30,75,1e-07,,,,4,cuda,torch,400,8,,8.67781,0.0901197,14.7383,0.0709379,4.7189,0.0485855,10.6651,0.0724598,30,0.689,0.937,2026-08-01T02:21:40,9124b27,2.13.0+cu130,gonzalo
6,0.2,inf,n3,normal,fixed30,75,1e-07,,,,4,cuda,torch,400,8,,2.18872,0.0220278,4.06629,0.00236199,0.959417,0.00959008,3.49629,0.00192267,30,0.686,0.937,2026-08-01T02:21:40,9124b27,2.13.0+cu130,gonzalo
6,0.2,40,n3,normal,fixed30,75,1e-07,,,,4,cuda,torch,400,8,,2.65277,0.026927,4.06629,0.00236199,1.19849,0.01207,3.49629,0.00192267,30,0.688,0.937,2026-08-01T02:21:40,9124b27,2.13.0+cu130,gonzalo
6,0.2,20,n3,normal,fixed30,75,1e-07,,,,4,cuda,torch,400,8,,4.80706,0.0486722,4.06629,0.00236199,2.86867,0.0288159,3.49629,0.00192267,30,0.688,0.937,2026-08-01T02:21:40,9124b27,2.13.0+cu130,gonzalo
6,0.4,inf,n3,normal,fixed30,75,1e-07,,,,4,cuda,torch,400,8,,4.53928,0.046001,8.07184,0.00492231,2.03658,0.0204122,6.96086,0.00401434,30,0.69,0.937,2026-08-01T02:21:40,9124b27,2.13.0+cu130,gonzalo
6,0.4,40,n3,normal,fixed30,75,1e-07,,,,4,cuda,torch,400,8,,4.94436,0.0505156,8.07184,0.00492231,2.20095,0.0222543,6.96086,0.00401434,30,0.687,0.937,2026-08-01T02:21:40,9124b27,2.13.0+cu130,gonzalo
6,0.4,20,n3,normal,fixed30,75,1e-07,,,,4,cuda,torch,400,8,,6.78878,0.0697661,8.07184,0.00492231,3.70873,0.0374785,6.96086,0.00401434,30,0.686,0.937,2026-08-01T02:21:40,9124b27,2.13.0+cu130,gonzalo
6,0.8,inf,n3,normal,fixed30,75,1e-07,,,,4,cuda,torch,400,8,,9.96722,0.103396,15.9113,0.011515,4.79152,0.0487655,13.797,0.00987448,30,0.687,0.937,2026-08-01T02:21:40,9124b27,2.13.0+cu130,gonzalo
6,0.8,40,n3,normal,fixed30,75,1e-07,,,,4,cuda,torch,400,8,,10.3312,0.107295,15.9113,0.011515,5.11925,0.0521719,13.797,0.00987448,30,0.694,0.937,2026-08-01T02:21:40,9124b27,2.13.0+cu130,gonzalo
6,0.8,20,n3,normal,fixed30,75,1e-07,,,,4,cuda,torch,400,8,,10.7677,0.111754,15.9113,0.011515,5.71213,0.0582731,13.797,0.00987448,30,0.686,0.937,2026-08-01T02:21:40,9124b27,2.13.0+cu130,gonzalo
7,0.2,inf,n3,normal,fixed30,75,1e-07,,,,4,cuda,torch,400,8,,2.47646,0.0253414,5.05801,0.00312917,1.1238,0.0113176,4.27706,0.00246918,30,0.688,0.937,2026-08-01T02:21:40,9124b27,2.13.0+cu130,gonzalo
7,0.2,40,n3,normal,fixed30,75,1e-07,,,,4,cuda,torch,400,8,,3.00478,0.0308217,5.05801,0.00312917,1.54995,0.0156667,4.27706,0.00246918,30,0.687,0.937,2026-08-01T02:21:40,9124b27,2.13.0+cu130,gonzalo
7,0.2,20,n3,normal,fixed30,75,1e-07,,,,4,cuda,torch,400,8,,5.17467,0.0527323,5.05801,0.00312917,3.25366,0.0328746,4.27706,0.00246918,30,0.688,0.937,2026-08-01T02:21:40,9124b27,2.13.0+cu130,gonzalo
7,0.4,inf,n3,normal,fixed30,75,1e-07,,,,4,cuda,torch,400,8,,4.69478,0.0486118,10.1879,0.00663565,2.17019,0.0220107,8.59942,0.00565098,30,0.688,0.937,2026-08-01T02:21:40,9124b27,2.13.0+cu130,gonzalo
7,0.4,40,n3,normal,fixed30,75,1e-07,,,,4,cuda,torch,400,8,,5.21739,0.0541104,10.1879,0.00663565,2.64096,0.0268658,8.59942,0.00565098,30,0.686,0.937,2026-08-01T02:21:40,9124b27,2.13.0+cu130,gonzalo
7,0.4,20,n3,normal,fixed30,75,1e-07,,,,4,cuda,torch,400,8,,6.72527,0.0696129,10.1879,0.00663565,4.01349,0.0408058,8.59942,0.00565098,30,0.684,0.937,2026-08-01T02:21:40,9124b27,2.13.0+cu130,gonzalo
7,0.8,inf,n3,normal,fixed30,75,1e-07,,,,4,cuda,torch,400,8,,10.4495,0.110489,20.6432,0.0154814,6.01901,0.0621483,17.3717,0.0139716,30,0.685,0.937,2026-08-01T02:21:40,9124b27,2.13.0+cu130,gonzalo
7,0.8,40,n3,normal,fixed30,75,1e-07,,,,4,cuda,torch,400,8,,10.6467,0.11225,20.6432,0.0154814,6.28932,0.064787,17.3717,0.0139716,30,0.685,0.937,2026-08-01T02:21:40,9124b27,2.13.0+cu130,gonzalo
7,0.8,20,n3,normal,fixed30,75,1e-07,,,,4,cuda,torch,400,8,,11.0209,0.115596,20.6432,0.0154814,6.81777,0.0700724,17.3717,0.0139716,30,0.686,0.937,2026-08-01T02:21:40,9124b27,2.13.0+cu130,gonzalo
8,0.2,inf,n3,normal,fixed30,75,1e-07,,,,4,cuda,torch,400,8,,2.05951,0.020839,4.18503,0.00217594,1.12452,0.0111978,3.35071,0.00130623,30,0.683,0.937,2026-08-01T02:21:40,9124b27,2.13.0+cu130,gonzalo
8,0.2,40,n3,normal,fixed30,75,1e-07,,,,4,cuda,torch,400,8,,2.61154,0.0266229,4.18503,0.00217594,1.37507,0.0138202,3.35071,0.00130623,30,0.683,0.937,2026-08-01T02:21:40,9124b27,2.13.0+cu130,gonzalo
8,0.2,20,n3,normal,fixed30,75,1e-07,,,,4,cuda,torch,400,8,,5.18065,0.052705,4.18503,0.00217594,3.16568,0.0318845,3.35071,0.00130623,30,0.685,0.937,2026-08-01T02:21:40,9124b27,2.13.0+cu130,gonzalo
8,0.4,inf,n3,normal,fixed30,75,1e-07,,,,4,cuda,torch,400,8,,4.13036,0.0419684,8.39204,0.00468117,2.55306,0.025224,6.70955,0.00318396,30,0.681,0.937,2026-08-01T02:21:40,9124b27,2.13.0+cu130,gonzalo
8,0.4,40,n3,normal,fixed30,75,1e-07,,,,4,cuda,torch,400,8,,4.5112,0.0463354,8.39204,0.00468117,2.5016,0.0250725,6.70955,0.00318396,30,0.683,0.937,2026-08-01T02:21:40,9124b27,2.13.0+cu130,gonzalo
8,0.4,20,n3,normal,fixed30,75,1e-07,,,,4,cuda,torch,400,8,,6.0935,0.0628533,8.39204,0.00468117,3.53088,0.0357537,6.70955,0.00318396,30,0.684,0.937,2026-08-01T02:21:40,9124b27,2.13.0+cu130,gonzalo
8,0.8,inf,n3,normal,fixed30,75,1e-07,,,,4,cuda,torch,400,8,,8.83358,0.0905385,16.8781,0.0116011,5.48729,0.0539033,13.4553,0.00958733,30,0.681,0.937,2026-08-01T02:21:40,9124b27,2.13.0+cu130,gonzalo
8,0.8,40,n3,normal,fixed30,75,1e-07,,,,4,cuda,torch,400,8,,8.93882,0.092146,16.8781,0.0116011,5.31071,0.052691,13.4553,0.00958733,30,0.681,0.937,2026-08-01T02:21:40,9124b27,2.13.0+cu130,gonzalo
8,0.8,20,n3,normal,fixed30,75,1e-07,,,,4,cuda,torch,400,8,,9.35564,0.0973758,16.8781,0.0116011,5.41709,0.0545902,13.4553,0.00958733,30,0.68,0.937,2026-08-01T02:21:40,9124b27,2.13.0+cu130,gonzalo
9,0.2,inf,n3,normal,fixed30,75,1e-07,,,,4,cuda,torch,400,8,,2.86239,0.0290582,5.10647,0.00625156,1.14179,0.011498,4.26559,0.00622246,30,0.681,0.937,2026-08-01T02:21:40,9124b27,2.13.0+cu130,gonzalo
9,0.2,40,n3,normal,fixed30,75,1e-07,,,,4,cuda,torch,400,8,,3.52991,0.0359709,5.10647,0.00625156,1.64844,0.016611,4.26559,0.00622246,30,0.681,0.937,2026-08-01T02:21:40,9124b27,2.13.0+cu130,gonzalo
9,0.2,20,n3,normal,fixed30,75,1e-07,,,,4,cuda,torch,400,8,,6.07615,0.0613215,5.10647,0.00625156,3.75041,0.0376623,4.26559,0.00622246,30,0.681,0.937,2026-08-01T02:21:40,9124b27,2.13.0+cu130,gonzalo
9,0.4,inf,n3,normal,fixed30,75,1e-07,,,,4,cuda,torch,400,8,,7.24084,0.0750735,10.3212,0.0156022,3.83187,0.0389792,8.62854,0.0160915,30,0.681,0.937,2026-08-01T02:21:40,9124b27,2.13.0+cu130,gonzalo
9,0.4,40,n3,normal,fixed30,75,1e-07,,,,4,cuda,torch,400,8,,7.80813,0.0807954,10.3212,0.0156022,4.3246,0.043887,8.62854,0.0160915,30,0.685,0.937,2026-08-01T02:21:40,9124b27,2.13.0+cu130,gonzalo
9,0.4,20,n3,normal,fixed30,75,1e-07,,,,4,cuda,torch,400,8,,8.40513,0.0865428,10.3212,0.0156022,5.03351,0.0508934,8.62854,0.0160915,30,0.682,0.937,2026-08-01T02:21:40,9124b27,2.13.0+cu130,gonzalo
9,0.8,inf,n3,normal,fixed30,75,1e-07,,,,4,cuda,torch,400,8,,11.8792,0.126156,21.0496,0.0420231,6.92254,0.0724067,17.644,0.04379,30,0.683,0.937,2026-08-01T02:21:40,9124b27,2.13.0+cu130,gonzalo
9,0.8,40,n3,normal,fixed30,75,1e-07,,,,4,cuda,torch,400,8,,12.0747,0.128256,21.0496,0.0420231,7.19627,0.0752945,17.644,0.04379,30,0.683,0.937,2026-08-01T02:21:40,9124b27,2.13.0+cu130,gonzalo
9,0.8,20,n3,normal,fixed30,75,1e-07,,,,4,cuda,torch,400,8,,12.2591,0.130222,21.0496,0.0420231,7.47852,0.0782122,17.644,0.04379,30,0.683,0.937,2026-08-01T02:21:40,9124b27,2.13.0+cu130,gonzalo
10,0.2,inf,n3,normal,fixed30,75,1e-07,,,,4,cuda,torch,400,8,,2.10309,0.020789,4.29961,0.00355008,0.965354,0.00964441,3.72893,0.0032509,30,0.68,0.937,2026-08-01T02:21:40,9124b27,2.13.0+cu130,gonzalo
10,0.2,40,n3,normal,fixed30,75,1e-07,,,,4,cuda,torch,400,8,,2.46119,0.0248612,4.29961,0.00355008,1.47475,0.0148998,3.72893,0.0032509,30,0.681,0.937,2026-08-01T02:21:40,9124b27,2.13.0+cu130,gonzalo
10,0.2,20,n3,normal,fixed30,75,1e-07,,,,4,cuda,torch,400,8,,4.81766,0.0486377,4.29961,0.00355008,3.34957,0.0339036,3.72893,0.0032509,30,0.685,0.937,2026-08-01T02:21:40,9124b27,2.13.0+cu130,gonzalo
10,0.4,inf,n3,normal,fixed30,75,1e-07,,,,4,cuda,torch,400,8,,4.32237,0.043235,8.6009,0.00686183,2.3086,0.0233994,7.43999,0.00585708,30,0.685,0.937,2026-08-01T02:21:40,9124b27,2.13.0+cu130,gonzalo
10,0.4,40,n3,normal,fixed30,75,1e-07,,,,4,cuda,torch,400,8,,4.72096,0.0478722,8.6009,0.00686183,2.84953,0.0290758,7.43999,0.00585708,30,0.681,0.937,2026-08-01T02:21:40,9124b27,2.13.0+cu130,gonzalo
10,0.4,20,n3,normal,fixed30,75,1e-07,,,,4,cuda,torch,400,8,,6.00462,0.0611,8.6009,0.00686183,4.02252,0.041022,7.43999,0.00585708,30,0.695,0.937,2026-08-01T02:21:40,9124b27,2.13.0+cu130,gonzalo
10,0.8,inf,n3,normal,fixed30,75,1e-07,,,,4,cuda,torch,400,8,,9.19026,0.0925215,17.2108,0.0134552,5.09971,0.0522465,14.8099,0.00995171,30,0.683,0.937,2026-08-01T02:21:40,9124b27,2.13.0+cu130,gonzalo
10,0.8,40,n3,normal,fixed30,75,1e-07,,,,4,cuda,torch,400,8,,9.43757,0.0953598,17.2108,0.0134552,5.36489,0.0550274,14.8099,0.00995171,30,0.686,0.937,2026-08-01T02:21:40,9124b27,2.13.0+cu130,gonzalo
10,0.8,20,n3,normal,fixed30,75,1e-07,,,,4,cuda,torch,400,8,,9.73575,0.0986401,17.2108,0.0134552,5.87155,0.0601668,14.8099,0.00995171,30,0.683,0.937,2026-08-01T02:21:40,9124b27,2.13.0+cu130,gonzalo
11,0.2,inf,n3,normal,fixed30,75,1e-07,,,,4,cuda,torch,400,8,,1.44614,0.0143663,4.13092,0.00249512,0.539707,0.0053788,3.25046,0.00198902,30,0.74,0.937,2026-08-01T02:21:40,9124b27,2.13.0+cu130,gonzalo
11,0.2,40,n3,normal,fixed30,75,1e-07,,,,4,cuda,torch,400,8,,1.75795,0.0177362,4.13092,0.00249512,0.916488,0.00921877,3.25046,0.00198902,30,0.742,0.937,2026-08-01T02:21:40,9124b27,2.13.0+cu130,gonzalo
11,0.2,20,n3,normal,fixed30,75,1e-07,,,,4,cuda,torch,400,8,,4.15576,0.0419492,4.13092,0.00249512,2.76603,0.0278419,3.25046,0.00198902,30,0.741,0.937,2026-08-01T02:21:40,9124b27,2.13.0+cu130,gonzalo
11,0.4,inf,n3,normal,fixed30,75,1e-07,,,,4,cuda,torch,400,8,,3.48449,0.0345266,8.14426,0.00511966,1.3137,0.0131183,6.441,0.00393651,30,0.685,0.937,2026-08-01T02:21:40,9124b27,2.13.0+cu130,gonzalo
11,0.4,40,n3,normal,fixed30,75,1e-07,,,,4,cuda,torch,400,8,,3.82374,0.0384521,8.14426,0.00511966,1.72154,0.0173901,6.441,0.00393651,30,0.685,0.937,2026-08-01T02:21:40,9124b27,2.13.0+cu130,gonzalo
11,0.4,20,n3,normal,fixed30,75,1e-07,,,,4,cuda,torch,400,8,,5.5527,0.0565907,8.14426,0.00511966,3.35204,0.0339077,6.441,0.00393651,30,0.689,0.937,2026-08-01T02:21:40,9124b27,2.13.0+cu130,gonzalo
11,0.8,inf,n3,normal,fixed30,75,1e-07,,,,4,cuda,torch,400,8,,9.00334,0.0907624,15.8344,0.0134185,4.30877,0.0434938,12.6463,0.0103901,30,0.689,0.937,2026-08-01T02:21:40,9124b27,2.13.0+cu130,gonzalo
11,0.8,40,n3,normal,fixed30,75,1e-07,,,,4,cuda,torch,400,8,,9.26213,0.093566,15.8344,0.0134185,4.60787,0.046579,12.6463,0.0103901,30,0.689,0.937,2026-08-01T02:21:40,9124b27,2.13.0+cu130,gonzalo
11,0.8,20,n3,normal,fixed30,75,1e-07,,,,4,cuda,torch,400,8,,9.70956,0.0986987,15.8344,0.0134185,5.17792,0.0525365,12.6463,0.0103901,30,0.689,0.937,2026-08-01T02:21:40,9124b27,2.13.0+cu130,gonzalo
12,0.2,inf,n3,normal,fixed30,75,1e-07,,,,4,cuda,torch,400,8,,2.29467,0.0234557,4.05114,0.00385829,1.09606,0.0110729,3.24863,0.00302982,30,0.688,0.937,2026-08-01T02:21:40,9124b27,2.13.0+cu130,gonzalo
12,0.2,40,n3,normal,fixed30,75,1e-07,,,,4,cuda,torch,400,8,,3.26856,0.0334144,4.05114,0.00385829,1.82193,0.0184552,3.24863,0.00302982,30,0.684,0.937,2026-08-01T02:21:40,9124b27,2.13.0+cu130,gonzalo
12,0.2,20,n3,normal,fixed30,75,1e-07,,,,4,cuda,torch,400,8,,5.74373,0.0581507,4.05114,0.00385829,3.72212,0.0376279,3.24863,0.00302982,30,0.688,0.937,2026-08-01T02:21:40,9124b27,2.13.0+cu130,gonzalo
12,0.4,inf,n3,normal,fixed30,75,1e-07,,,,4,cuda,torch,400,8,,4.563,0.0471984,8.20754,0.00696482,2.25755,0.0229764,6.54936,0.00432617,30,0.68,0.937,2026-08-01T02:21:40,9124b27,2.13.0+cu130,gonzalo
12,0.4,40,n3,normal,fixed30,75,1e-07,,,,4,cuda,torch,400,8,,5.62909,0.0580653,8.20754,0.00696482,3.13738,0.0319897,6.54936,0.00432617,30,0.686,0.937,2026-08-01T02:21:40,9124b27,2.13.0+cu130,gonzalo
12,0.4,20,n3,normal,fixed30,75,1e-07,,,,4,cuda,torch,400,8,,7.53333,0.0769945,8.20754,0.00696482,4.65611,0.0473156,6.54936,0.00432617,30,0.687,0.937,2026-08-01T02:21:40,9124b27,2.13.0+cu130,gonzalo
12,0.8,inf,n3,normal,fixed30,75,1e-07,,,,4,cuda,torch,400,8,,9.03176,0.0946671,16.8609,0.0255927,5.01612,0.0518198,13.3153,0.0231804,30,0.683,0.937,2026-08-01T02:21:40,9124b27,2.13.0+cu130,gonzalo
12,0.8,40,n3,normal,fixed30,75,1e-07,,,,4,cuda,torch,400,8,,9.6089,0.100528,16.8609,0.0255927,5.49525,0.0566996,13.3153,0.0231804,30,0.685,0.937,2026-08-01T02:21:40,9124b27,2.13.0+cu130,gonzalo
12,0.8,20,n3,normal,fixed30,75,1e-07,,,,4,cuda,torch,400,8,,10.2071,0.10631,16.8609,0.0255927,6.21581,0.0638925,13.3153,0.0231804,30,0.687,0.937,2026-08-01T02:21:40,9124b27,2.13.0+cu130,gonzalo
13,0.2,inf,n3,normal,fixed30,75,1e-07,,,,4,cuda,torch,400,8,,1.84403,0.0186526,4.05033,0.00298108,0.783235,0.00786644,3.34827,0.0022011,30,0.695,0.937,2026-08-01T02:21:40,9124b27,2.13.0+cu130,gonzalo
13,0.2,40,n3,normal,fixed30,75,1e-07,,,,4,cuda,torch,400,8,,2.57098,0.0261797,4.05033,0.00298108,1.32822,0.0134166,3.34827,0.0022011,30,0.688,0.937,2026-08-01T02:21:40,9124b27,2.13.0+cu130,gonzalo
13,0.2,20,n3,normal,fixed30,75,1e-07,,,,4,cuda,torch,400,8,,5.08665,0.0515946,4.05033,0.00298108,3.30413,0.033309,3.34827,0.0022011,30,0.687,0.937,2026-08-01T02:21:40,9124b27,2.13.0+cu130,gonzalo
13,0.4,inf,n3,normal,fixed30,75,1e-07,,,,4,cuda,torch,400,8,,3.89954,0.0400446,8.10184,0.00584614,1.7283,0.0175002,6.70213,0.00394054,30,0.684,0.937,2026-08-01T02:21:40,9124b27,2.13.0+cu130,gonzalo
13,0.4,40,n3,normal,fixed30,75,1e-07,,,,4,cuda,torch,400,8,,4.57462,0.0472282,8.10184,0.00584614,2.27584,0.0231574,6.70213,0.00394054,30,0.683,0.937,2026-08-01T02:21:40,9124b27,2.13.0+cu130,gonzalo
13,0.4,20,n3,normal,fixed30,75,1e-07,,,,4,cuda,torch,400,8,,6.04668,0.0623296,8.10184,0.00584614,3.64831,0.0370372,6.70213,0.00394054,30,0.684,0.937,2026-08-01T02:21:40,9124b27,2.13.0+cu130,gonzalo
13,0.8,inf,n3,normal,fixed30,75,1e-07,,,,4,cuda,torch,400,8,,8.09163,0.0840998,16.2094,0.0131298,4.06688,0.0416433,13.4247,0.00849386,30,0.686,0.937,2026-08-01T02:21:40,9124b27,2.13.0+cu130,gonzalo
13,0.8,40,n3,normal,fixed30,75,1e-07,,,,4,cuda,torch,400,8,,8.38306,0.0871678,16.2094,0.0131298,4.35578,0.0446474,13.4247,0.00849386,30,0.684,0.937,2026-08-01T02:21:40,9124b27,2.13.0+cu130,gonzalo
13,0.8,20,n3,normal,fixed30,75,1e-07,,,,4,cuda,torch,400,8,,8.88972,0.0924909,16.2094,0.0131298,4.98423,0.0510775,13.4247,0.00849386,30,0.685,0.937,2026-08-01T02:21:40,9124b27,2.13.0+cu130,gonzalo
14,0.2,inf,n3,normal,fixed30,75,1e-07,,,,4,cuda,torch,400,8,,2.77973,0.0272344,4.54633,0.00229305,1.24389,0.0124236,3.80653,0.00201862,30,0.691,0.937,2026-08-01T02:21:40,9124b27,2.13.0+cu130,gonzalo
14,0.2,40,n3,normal,fixed30,75,1e-07,,,,4,cuda,torch,400,8,,2.87127,0.028738,4.54633,0.00229305,1.65281,0.0167282,3.80653,0.00201862,30,0.692,0.937,2026-08-01T02:21:40,9124b27,2.13.0+cu130,gonzalo
14,0.2,20,n3,normal,fixed30,75,1e-07,,,,4,cuda,torch,400,8,,4.60774,0.0464008,4.54633,0.00229305,3.2945,0.0333903,3.80653,0.00201862,30,0.71,0.937,2026-08-01T02:21:40,9124b27,2.13.0+cu130,gonzalo
14,0.4,inf,n3,normal,fixed30,75,1e-07,,,,4,cuda,torch,400,8,,5.57735,0.0550538,9.00622,0.00476783,2.76436,0.0280064,7.57758,0.00421876,30,0.686,0.937,2026-08-01T02:21:40,9124b27,2.13.0+cu130,gonzalo
14,0.4,40,n3,normal,fixed30,75,1e-07,,,,4,cuda,torch,400,8,,5.59915,0.0560122,9.00622,0.00476783,3.12238,0.0319281,7.57758,0.00421876,30,0.683,0.937,2026-08-01T02:21:40,9124b27,2.13.0+cu130,gonzalo
14,0.4,20,n3,normal,fixed30,75,1e-07,,,,4,cuda,torch,400,8,,6.228,0.0629855,9.00622,0.00476783,4.12273,0.042196,7.57758,0.00421876,30,0.685,0.937,2026-08-01T02:21:40,9124b27,2.13.0+cu130,gonzalo
14,0.8,inf,n3,normal,fixed30,75,1e-07,,,,4,cuda,torch,400,8,,10.6244,0.102826,17.6734,0.013065,5.36305,0.0544221,15.0144,0.012035,30,0.685,0.937,2026-08-01T02:21:40,9124b27,2.13.0+cu130,gonzalo
14,0.8,40,n3,normal,fixed30,75,1e-07,,,,4,cuda,torch,400,8,,10.7556,0.104875,17.6734,0.013065,5.58748,0.0570248,15.0144,0.012035,30,0.687,0.937,2026-08-01T02:21:40,9124b27,2.13.0+cu130,gonzalo
14,0.8,20,n3,normal,fixed30,75,1e-07,,,,4,cuda,torch,400,8,,10.8965,0.107343,17.6734,0.013065,6.05057,0.0619516,15.0144,0.012035,30,0.684,0.937,2026-08-01T02:21:40,9124b27,2.13.0+cu130,gonzalo
15,0.2,inf,n3,normal,fixed30,75,1e-07,,,,4,cuda,torch,400,8,,2.25261,0.0231758,3.96115,0.00276719,0.98375,0.00992358,3.37665,0.00160738,30,0.683,0.937,2026-08-01T02:21:40,9124b27,2.13.0+cu130,gonzalo
15,0.2,40,n3,normal,fixed30,75,1e-07,,,,4,cuda,torch,400,8,,3.0244,0.0311335,3.96115,0.00276719,1.46904,0.0148499,3.37665,0.00160738,30,0.68,0.937,2026-08-01T02:21:40,9124b27,2.13.0+cu130,gonzalo
15,0.2,20,n3,normal,fixed30,75,1e-07,,,,4,cuda,torch,400,8,,5.56648,0.0566461,3.96115,0.00276719,3.3744,0.0339862,3.37665,0.00160738,30,0.686,0.937,2026-08-01T02:21:40,9124b27,2.13.0+cu130,gonzalo
15,0.4,inf,n3,normal,fixed30,75,1e-07,,,,4,cuda,torch,400,8,,4.20989,0.0439771,8.11356,0.00647506,1.93234,0.0196295,6.86777,0.00395029,30,0.683,0.937,2026-08-01T02:21:40,9124b27,2.13.0+cu130,gonzalo
15,0.4,40,n3,normal,fixed30,75,1e-07,,,,4,cuda,torch,400,8,,4.87445,0.0508604,8.11356,0.00647506,2.38836,0.0242943,6.86777,0.00395029,30,0.682,0.937,2026-08-01T02:21:40,9124b27,2.13.0+cu130,gonzalo
15,0.4,20,n3,normal,fixed30,75,1e-07,,,,4,cuda,torch,400,8,,6.85035,0.070691,8.11356,0.00647506,3.96527,0.0400926,6.86777,0.00395029,30,0.683,0.937,2026-08-01T02:21:40,9124b27,2.13.0+cu130,gonzalo
15,0.8,inf,n3,normal,fixed30,75,1e-07,,,,4,cuda,torch,400,8,,8.78943,0.0944458,17.0432,0.0238363,4.51131,0.0466014,14.2117,0.0218891,30,0.686,0.937,2026-08-01T02:21:40,9124b27,2.13.0+cu130,gonzalo
15,0.8,40,n3,normal,fixed30,75,1e-07,,,,4,cuda,torch,400,8,,9.20627,0.0985516,17.0432,0.0238363,4.92812,0.0507762,14.2117,0.0218891,30,0.684,0.937,2026-08-01T02:21:40,9124b27,2.13.0+cu130,gonzalo
15,0.8,20,n3,normal,fixed30,75,1e-07,,,,4,cuda,torch,400,8,,9.72001,0.103377,17.0432,0.0238363,5.65292,0.058022,14.2117,0.0218891,30,0.685,0.937,2026-08-01T02:21:40,9124b27,2.13.0+cu130,gonzalo
16,0.2,inf,n3,normal,fixed30,75,1e-07,,,,4,cuda,torch,400,8,,2.40494,0.0244941,3.66474,0.00796446,1.20997,0.0122053,2.81934,0.00685194,30,0.686,0.937,2026-08-01T02:21:40,9124b27,2.13.0+cu130,gonzalo
16,0.2,40,n3,normal,fixed30,75,1e-07,,,,4,cuda,torch,400,8,,3.65551,0.0371118,3.66474,0.00796446,2.08417,0.0210506,2.81934,0.00685194,30,0.687,0.937,2026-08-01T02:21:40,9124b27,2.13.0+cu130,gonzalo
16,0.2,20,n3,normal,fixed30,75,1e-07,,,,4,cuda,torch,400,8,,6.71231,0.0675064,3.66474,0.00796446,4.23628,0.0426346,2.81934,0.00685194,30,0.685,0.937,2026-08-01T02:21:40,9124b27,2.13.0+cu130,gonzalo
16,0.4,inf,n3,normal,fixed30,75,1e-07,,,,4,cuda,torch,400,8,,5.60647,0.0571632,7.39708,0.0132142,2.93485,0.0297093,5.67719,0.00875658,30,0.681,0.937,2026-08-01T02:21:40,9124b27,2.13.0+cu130,gonzalo
16,0.4,40,n3,normal,fixed30,75,1e-07,,,,4,cuda,torch,400,8,,7.10266,0.0721438,7.39708,0.0132142,3.98982,0.0403716,5.67719,0.00875658,30,0.683,0.937,2026-08-01T02:21:40,9124b27,2.13.0+cu130,gonzalo
16,0.4,20,n3,normal,fixed30,75,1e-07,,,,4,cuda,torch,400,8,,8.99596,0.0907743,7.39708,0.0132142,5.43869,0.0547731,5.67719,0.00875658,30,0.689,0.937,2026-08-01T02:21:40,9124b27,2.13.0+cu130,gonzalo
16,0.8,inf,n3,normal,fixed30,75,1e-07,,,,4,cuda,torch,400,8,,10.8209,0.111585,15.0828,0.0675446,5.73861,0.0583823,11.5137,0.0726314,30,0.686,0.937,2026-08-01T02:21:40,9124b27,2.13.0+cu130,gonzalo
16,0.8,40,n3,normal,fixed30,75,1e-07,,,,4,cuda,torch,400,8,,11.3322,0.116702,15.0828,0.0675446,6.16116,0.0626591,11.5137,0.0726314,30,0.685,0.937,2026-08-01T02:21:40,9124b27,2.13.0+cu130,gonzalo
16,0.8,20,n3,normal,fixed30,75,1e-07,,,,4,cuda,torch,400,8,,11.7642,0.120783,15.0828,0.0675446,6.71154,0.0680846,11.5137,0.0726314,30,0.682,0.937,2026-08-01T02:21:40,9124b27,2.13.0+cu130,gonzalo
17,0.2,inf,n3,normal,fixed30,75,1e-07,,,,4,cuda,torch,400,8,,2.54338,0.0256571,4.52768,0.00280336,0.969972,0.00974351,3.90114,0.00269,30,0.682,0.937,2026-08-01T02:21:40,9124b27,2.13.0+cu130,gonzalo
17,0.2,40,n3,normal,fixed30,75,1e-07,,,,4,cuda,torch,400,8,,2.99062,0.0304562,4.52768,0.00280336,1.32359,0.0133509,3.90114,0.00269,30,0.686,0.937,2026-08-01T02:21:40,9124b27,2.13.0+cu130,gonzalo
17,0.2,20,n3,normal,fixed30,75,1e-07,,,,4,cuda,torch,400,8,,5.31944,0.0538118,4.52768,0.00280336,3.22761,0.0324333,3.90114,0.00269,30,0.686,0.937,2026-08-01T02:21:40,9124b27,2.13.0+cu130,gonzalo
17,0.4,inf,n3,normal,fixed30,75,1e-07,,,,4,cuda,torch,400,8,,5.60341,0.057743,9.08495,0.00610093,2.37533,0.0241776,7.84108,0.00587901,30,0.687,0.937,2026-08-01T02:21:40,9124b27,2.13.0+cu130,gonzalo
17,0.4,40,n3,normal,fixed30,75,1e-07,,,,4,cuda,torch,400,8,,6.08844,0.0629029,9.08495,0.00610093,2.82685,0.0287574,7.84108,0.00587901,30,0.682,0.937,2026-08-01T02:21:40,9124b27,2.13.0+cu130,gonzalo
17,0.4,20,n3,normal,fixed30,75,1e-07,,,,4,cuda,torch,400,8,,7.21523,0.074325,9.08495,0.00610093,3.95971,0.0400945,7.84108,0.00587901,30,0.684,0.937,2026-08-01T02:21:40,9124b27,2.13.0+cu130,gonzalo
17,0.8,inf,n3,normal,fixed30,75,1e-07,,,,4,cuda,torch,400,8,,10.8325,0.113128,18.2849,0.0144151,5.81511,0.0603729,15.8389,0.0138501,30,0.682,0.937,2026-08-01T02:21:40,9124b27,2.13.0+cu130,gonzalo
17,0.8,40,n3,normal,fixed30,75,1e-07,,,,4,cuda,torch,400,8,,11.1555,0.116509,18.2849,0.0144151,6.14078,0.0637954,15.8389,0.0138501,30,0.682,0.937,2026-08-01T02:21:40,9124b27,2.13.0+cu130,gonzalo
17,0.8,20,n3,normal,fixed30,75,1e-07,,,,4,cuda,torch,400,8,,11.2438,0.117312,18.2849,0.0144151,6.42395,0.0666841,15.8389,0.0138501,30,0.686,0.937,2026-08-01T02:21:40,9124b27,2.13.0+cu130,gonzalo
18,0.2,inf,n3,normal,fixed30,75,1e-07,,,,4,cuda,torch,400,8,,2.65545,0.0269653,5.15763,0.00307719,1.37725,0.013951,4.52636,0.00241444,30,0.684,0.937,2026-08-01T02:21:40,9124b27,2.13.0+cu130,gonzalo
18,0.2,40,n3,normal,fixed30,75,1e-07,,,,4,cuda,torch,400,8,,3.45145,0.0353235,5.15763,0.00307719,2.04127,0.0207718,4.52636,0.00241444,30,0.685,0.937,2026-08-01T02:21:40,9124b27,2.13.0+cu130,gonzalo
18,0.2,20,n3,normal,fixed30,75,1e-07,,,,4,cuda,torch,400,8,,5.49175,0.0558131,5.15763,0.00307719,3.64949,0.0370537,4.52636,0.00241444,30,0.685,0.937,2026-08-01T02:21:40,9124b27,2.13.0+cu130,gonzalo
18,0.4,inf,n3,normal,fixed30,75,1e-07,,,,4,cuda,torch,400,8,,5.56893,0.0574462,10.3687,0.00724825,3.22265,0.0331298,9.07604,0.00658691,30,0.69,0.937,2026-08-01T02:21:40,9124b27,2.13.0+cu130,gonzalo
18,0.4,40,n3,normal,fixed30,75,1e-07,,,,4,cuda,torch,400,8,,5.95753,0.0616021,10.3687,0.00724825,3.58591,0.0368771,9.07604,0.00658691,30,0.69,0.937,2026-08-01T02:21:40,9124b27,2.13.0+cu130,gonzalo
18,0.4,20,n3,normal,fixed30,75,1e-07,,,,4,cuda,torch,400,8,,6.93865,0.0714894,10.3687,0.00724825,4.46347,0.0457328,9.07604,0.00658691,30,0.695,0.937,2026-08-01T02:21:40,9124b27,2.13.0+cu130,gonzalo
18,0.8,inf,n3,normal,fixed30,75,1e-07,,,,4,cuda,torch,400,8,,10.1054,0.104102,20.9244,0.0206634,5.98654,0.0619253,18.2309,0.0207934,30,0.682,0.937,2026-08-01T02:21:40,9124b27,2.13.0+cu130,gonzalo
18,0.8,40,n3,normal,fixed30,75,1e-07,,,,4,cuda,torch,400,8,,10.3286,0.106673,20.9244,0.0206634,6.23476,0.0645423,18.2309,0.0207934,30,0.683,0.937,2026-08-01T02:21:40,9124b27,2.13.0+cu130,gonzalo
18,0.8,20,n3,normal,fixed30,75,1e-07,,,,4,cuda,torch,400,8,,10.6426,0.110014,20.9244,0.0206634,6.74083,0.0697267,18.2309,0.0207934,30,0.681,0.937,2026-08-01T02:21:40,9124b27,2.13.0+cu130,gonzalo
19,0.2,inf,n3,normal,fixed30,75,1e-07,,,,4,cuda,torch,400,8,,2.08699,0.0209484,3.8229,0.0022607,0.891946,0.0089529,2.77565,0.00157815,30,0.683,0.937,2026-08-01T02:21:40,9124b27,2.13.0+cu130,gonzalo
19,0.2,40,n3,normal,fixed30,75,1e-07,,,,4,cuda,torch,400,8,,2.98561,0.0302109,3.8229,0.0022607,1.5654,0.0157683,2.77565,0.00157815,30,0.682,0.937,2026-08-01T02:21:40,9124b27,2.13.0+cu130,gonzalo
19,0.2,20,n3,normal,fixed30,75,1e-07,,,,4,cuda,torch,400,8,,5.85678,0.058828,3.8229,0.0022607,3.72542,0.037469,2.77565,0.00157815,30,0.683,0.937,2026-08-01T02:21:40,9124b27,2.13.0+cu130,gonzalo
19,0.4,inf,n3,normal,fixed30,75,1e-07,,,,4,cuda,torch,400,8,,4.96328,0.0504644,7.67324,0.00451552,2.24796,0.0227452,5.55738,0.00264871,30,0.684,0.937,2026-08-01T02:21:40,9124b27,2.13.0+cu130,gonzalo
19,0.4,40,n3,normal,fixed30,75,1e-07,,,,4,cuda,torch,400,8,,5.88686,0.0600636,7.67324,0.00451552,3.01858,0.0305748,5.55738,0.00264871,30,0.687,0.937,2026-08-01T02:21:40,9124b27,2.13.0+cu130,gonzalo
19,0.4,20,n3,normal,fixed30,75,1e-07,,,,4,cuda,torch,400,8,,7.8237,0.0793676,7.67324,0.00451552,4.71681,0.0475963,5.55738,0.00264871,30,0.686,0.937,2026-08-01T02:21:40,9124b27,2.13.0+cu130,gonzalo
19,0.8,inf,n3,normal,fixed30,75,1e-07,,,,4,cuda,torch,400,8,,10.1263,0.104666,15.4667,0.011094,5.09907,0.0521442,11.1436,0.00715677,30,0.686,0.937,2026-08-01T02:21:40,9124b27,2.13.0+cu130,gonzalo
19,0.8,40,n3,normal,fixed30,75,1e-07,,,,4,cuda,torch,400,8,,10.5394,0.108962,15.4667,0.011094,5.47223,0.0559542,11.1436,0.00715677,30,0.683,0.937,2026-08-01T02:21:40,9124b27,2.13.0+cu130,gonzalo
19,0.8,20,n3,normal,fixed30,75,1e-07,,,,4,cuda,torch,400,8,,10.831,0.111898,15.4667,0.011094,5.94631,0.0606852,11.1436,0.00715677,30,0.687,0.937,2026-08-01T02:21:40,9124b27,2.13.0+cu130,gonzalo
20,0.2,inf,n3,normal,fixed30,75,1e-07,,,,4,cuda,torch,400,8,,1.71698,0.0172511,4.05967,0.00161096,0.792798,0.00790797,3.20244,0.00122338,30,0.685,0.937,2026-08-01T02:21:40,9124b27,2.13.0+cu130,gonzalo
20,0.2,40,n3,normal,fixed30,75,1e-07,,,,4,cuda,torch,400,8,,2.17881,0.0221787,4.05967,0.00161096,1.0466,0.0105416,3.20244,0.00122338,30,0.686,0.937,2026-08-01T02:21:40,9124b27,2.13.0+cu130,gonzalo
20,0.2,20,n3,normal,fixed30,75,1e-07,,,,4,cuda,torch,400,8,,4.33812,0.0440226,4.05967,0.00161096,2.78742,0.0280179,3.20244,0.00122338,30,0.685,0.937,2026-08-01T02:21:40,9124b27,2.13.0+cu130,gonzalo
20,0.4,inf,n3,normal,fixed30,75,1e-07,,,,4,cuda,torch,400,8,,3.5999,0.036368,8.08774,0.00323588,1.60941,0.0160524,6.39393,0.00239086,30,0.683,0.937,2026-08-01T02:21:40,9124b27,2.13.0+cu130,gonzalo
20,0.4,40,n3,normal,fixed30,75,1e-07,,,,4,cuda,torch,400,8,,3.86871,0.0395724,8.08774,0.00323588,1.7512,0.0176526,6.39393,0.00239086,30,0.685,0.937,2026-08-01T02:21:40,9124b27,2.13.0+cu130,gonzalo
20,0.4,20,n3,normal,fixed30,75,1e-07,,,,4,cuda,torch,400,8,,5.13718,0.0529787,8.08774,0.00323588,2.90078,0.0293327,6.39393,0.00239086,30,0.687,0.937,2026-08-01T02:21:40,9124b27,2.13.0+cu130,gonzalo
20,0.8,inf,n3,normal,fixed30,75,1e-07,,,,4,cuda,torch,400,8,,8.09923,0.0819607,16.0583,0.00740932,3.82743,0.0381272,12.7456,0.00577228,30,0.682,0.937,2026-08-01T02:21:40,9124b27,2.13.0+cu130,gonzalo
20,0.8,40,n3,normal,fixed30,75,1e-07,,,,4,cuda,torch,400,8,,8.3504,0.0851231,16.0583,0.00740932,4.00904,0.0402145,12.7456,0.00577228,30,0.684,0.937,2026-08-01T02:21:40,9124b27,2.13.0+cu130,gonzalo
20,0.8,20,n3,normal,fixed30,75,1e-07,,,,4,cuda,torch,400,8,,8.95553,0.0924607,16.0583,0.00740932,4.53975,0.04602,12.7456,0.00577228,30,0.683,0.937,2026-08-01T02:21:40,9124b27,2.13.0+cu130,gonzalo
21,0.2,inf,n3,normal,fixed30,75,1e-07,,,,4,cuda,torch,400,8,,1.47625,0.0148675,2.99698,0.00354402,0.796706,0.00801851,2.17704,0.00279842,30,0.685,0.937,2026-08-01T02:21:40,9124b27,2.13.0+cu130,gonzalo
21,0.2,40,n3,normal,fixed30,75,1e-07,,,,4,cuda,torch,400,8,,2.32592,0.0234968,2.99698,0.00354402,1.54952,0.0156541,2.17704,0.00279842,30,0.687,0.937,2026-08-01T02:21:40,9124b27,2.13.0+cu130,gonzalo
21,0.2,20,n3,normal,fixed30,75,1e-07,,,,4,cuda,torch,400,8,,5.90558,0.0591235,2.99698,0.00354402,4.02244,0.040537,2.17704,0.00279842,30,0.683,0.937,2026-08-01T02:21:40,9124b27,2.13.0+cu130,gonzalo
21,0.4,inf,n3,normal,fixed30,75,1e-07,,,,4,cuda,torch,400,8,,3.14373,0.031837,6.09176,0.00632177,1.78139,0.0180598,4.3992,0.00399114,30,0.684,0.937,2026-08-01T02:21:40,9124b27,2.13.0+cu130,gonzalo
21,0.4,40,n3,normal,fixed30,75,1e-07,,,,4,cuda,torch,400,8,,4.40678,0.0446956,6.09176,0.00632177,2.76903,0.0281613,4.3992,0.00399114,30,0.686,0.937,2026-08-01T02:21:40,9124b27,2.13.0+cu130,gonzalo
21,0.4,20,n3,normal,fixed30,75,1e-07,,,,4,cuda,torch,400,8,,7.15543,0.0720103,6.09176,0.00632177,4.65736,0.0471215,4.3992,0.00399114,30,0.685,0.937,2026-08-01T02:21:40,9124b27,2.13.0+cu130,gonzalo
21,0.8,inf,n3,normal,fixed30,75,1e-07,,,,4,cuda,torch,400,8,,7.55142,0.0776144,12.6107,0.0246048,4.16911,0.0427731,8.99035,0.0232216,30,0.687,0.937,2026-08-01T02:21:40,9124b27,2.13.0+cu130,gonzalo
21,0.8,40,n3,normal,fixed30,75,1e-07,,,,4,cuda,torch,400,8,,8.23995,0.0846981,12.6107,0.0246048,4.70277,0.0481916,8.99035,0.0232216,30,0.688,0.937,2026-08-01T02:21:40,9124b27,2.13.0+cu130,gonzalo
21,0.8,20,n3,normal,fixed30,75,1e-07,,,,4,cuda,torch,400,8,,9.17663,0.0939603,12.6107,0.0246048,5.58842,0.0569835,8.99035,0.0232216,30,0.686,0.937,2026-08-01T02:21:40,9124b27,2.13.0+cu130,gonzalo
22,0.2,inf,n3,normal,fixed30,75,1e-07,,,,4,cuda,torch,400,8,,1.72413,0.0173705,3.23231,0.0019604,0.852426,0.00860553,2.40248,0.00166794,30,0.684,0.937,2026-08-01T02:21:40,9124b27,2.13.0+cu130,gonzalo
22,0.2,40,n3,normal,fixed30,75,1e-07,,,,4,cuda,torch,400,8,,2.37592,0.0241924,3.23231,0.0019604,1.44496,0.0146593,2.40248,0.00166794,30,0.687,0.937,2026-08-01T02:21:40,9124b27,2.13.0+cu130,gonzalo
22,0.2,20,n3,normal,fixed30,75,1e-07,,,,4,cuda,torch,400,8,,5.70239,0.057421,3.23231,0.0019604,3.80487,0.038423,2.40248,0.00166794,30,0.688,0.937,2026-08-01T02:21:40,9124b27,2.13.0+cu130,gonzalo
22,0.4,inf,n3,normal,fixed30,75,1e-07,,,,4,cuda,torch,400,8,,3.68273,0.0377893,6.56999,0.00387989,1.90806,0.0195315,4.853,0.00319601,30,0.687,0.937,2026-08-01T02:21:40,9124b27,2.13.0+cu130,gonzalo
22,0.4,40,n3,normal,fixed30,75,1e-07,,,,4,cuda,torch,400,8,,4.20089,0.0432854,6.56999,0.00387989,2.44703,0.0250801,4.853,0.00319601,30,0.686,0.937,2026-08-01T02:21:40,9124b27,2.13.0+cu130,gonzalo
22,0.4,20,n3,normal,fixed30,75,1e-07,,,,4,cuda,torch,400,8,,6.06421,0.0616963,6.56999,0.00387989,3.97179,0.0404025,4.853,0.00319601,30,0.686,0.937,2026-08-01T02:21:40,9124b27,2.13.0+cu130,gonzalo
22,0.8,inf,n3,normal,fixed30,75,1e-07,,,,4,cuda,torch,400,8,,6.59374,0.0678722,13.5922,0.00800466,3.45716,0.0356407,9.90884,0.00624201,30,0.688,0.937,2026-08-01T02:21:40,9124b27,2.13.0+cu130,gonzalo
22,0.8,40,n3,normal,fixed30,75,1e-07,,,,4,cuda,torch,400,8,,7.03086,0.0727594,13.5922,0.00800466,3.90907,0.04035,9.90884,0.00624201,30,0.685,0.937,2026-08-01T02:21:40,9124b27,2.13.0+cu130,gonzalo
22,0.8,20,n3,normal,fixed30,75,1e-07,,,,4,cuda,torch,400,8,,7.95913,0.0825252,13.5922,0.00800466,4.8174,0.0495838,9.90884,0.00624201,30,0.691,0.937,2026-08-01T02:21:40,9124b27,2.13.0+cu130,gonzalo
23,0.2,inf,n3,normal,fixed30,75,1e-07,,,,4,cuda,torch,400,8,,2.47895,0.0248639,4.45267,0.00142494,1.01953,0.0102325,3.63387,0.000984382,30,0.685,0.937,2026-08-01T02:21:40,9124b27,2.13.0+cu130,gonzalo
23,0.2,40,n3,normal,fixed30,75,1e-07,,,,4,cuda,torch,400,8,,3.25506,0.033016,4.45267,0.00142494,1.65959,0.0167401,3.63387,0.000984382,30,0.687,0.937,2026-08-01T02:21:40,9124b27,2.13.0+cu130,gonzalo
23,0.2,20,n3,normal,fixed30,75,1e-07,,,,4,cuda,torch,400,8,,5.69594,0.0573762,4.45267,0.00142494,3.57375,0.0359564,3.63387,0.000984382,30,0.687,0.937,2026-08-01T02:21:40,9124b27,2.13.0+cu130,gonzalo
23,0.4,inf,n3,normal,fixed30,75,1e-07,,,,4,cuda,torch,400,8,,5.94439,0.0607375,8.909,0.00317018,2.72945,0.0277003,7.26901,0.00242193,30,0.691,0.937,2026-08-01T02:21:40,9124b27,2.13.0+cu130,gonzalo
23,0.4,40,n3,normal,fixed30,75,1e-07,,,,4,cuda,torch,400,8,,6.44491,0.0660406,8.909,0.00317018,3.24601,0.0329593,7.26901,0.00242193,30,0.69,0.937,2026-08-01T02:21:40,9124b27,2.13.0+cu130,gonzalo
23,0.4,20,n3,normal,fixed30,75,1e-07,,,,4,cuda,torch,400,8,,7.385,0.0755292,8.909,0.00317018,4.28645,0.043396,7.26901,0.00242193,30,0.704,0.937,2026-08-01T02:21:40,9124b27,2.13.0+cu130,gonzalo
23,0.8,inf,n3,normal,fixed30,75,1e-07,,,,4,cuda,torch,400,8,,10.4825,0.107663,17.8293,0.00865756,5.16742,0.0528836,14.5424,0.00789459,30,0.692,0.937,2026-08-01T02:21:40,9124b27,2.13.0+cu130,gonzalo
23,0.8,40,n3,normal,fixed30,75,1e-07,,,,4,cuda,torch,400,8,,10.7747,0.11089,17.8293,0.00865756,5.44788,0.0557665,14.5424,0.00789459,30,0.684,0.937,2026-08-01T02:21:40,9124b27,2.13.0+cu130,gonzalo
23,0.8,20,n3,normal,fixed30,75,1e-07,,,,4,cuda,torch,400,8,,11.0588,0.113871,17.8293,0.00865756,5.98326,0.0612014,14.5424,0.00789459,30,0.685,0.937,2026-08-01T02:21:40,9124b27,2.13.0+cu130,gonzalo
24,0.2,inf,n3,normal,fixed30,75,1e-07,,,,4,cuda,torch,400,8,,2.2133,0.0223004,4.09319,0.0015522,1.08512,0.0108249,3.49858,0.00108856,30,0.688,0.937,2026-08-01T02:21:40,9124b27,2.13.0+cu130,gonzalo
24,0.2,40,n3,normal,fixed30,75,1e-07,,,,4,cuda,torch,400,8,,2.45264,0.0250082,4.09319,0.0015522,1.13443,0.0114306,3.49858,0.00108856,30,0.691,0.937,2026-08-01T02:21:40,9124b27,2.13.0+cu130,gonzalo
24,0.2,20,n3,normal,fixed30,75,1e-07,,,,4,cuda,torch,400,8,,4.74206,0.0481072,4.09319,0.0015522,2.92113,0.0293392,3.49858,0.00108856,30,0.694,0.937,2026-08-01T02:21:40,9124b27,2.13.0+cu130,gonzalo
24,0.4,inf,n3,normal,fixed30,75,1e-07,,,,4,cuda,torch,400,8,,4.40098,0.0444827,8.21065,0.00315183,2.30191,0.022913,6.99524,0.0022412,30,0.697,0.937,2026-08-01T02:21:40,9124b27,2.13.0+cu130,gonzalo
24,0.4,40,n3,normal,fixed30,75,1e-07,,,,4,cuda,torch,400,8,,4.49215,0.0459377,8.21065,0.00315183,2.18927,0.0220579,6.99524,0.0022412,30,0.909,0.937,2026-08-01T02:21:40,9124b27,2.13.0+cu130,gonzalo
24,0.4,20,n3,normal,fixed30,75,1e-07,,,,4,cuda,torch,400,8,,5.9788,0.0618414,8.21065,0.00315183,3.29338,0.0333933,6.99524,0.0022412,30,0.861,0.937,2026-08-01T02:21:40,9124b27,2.13.0+cu130,gonzalo
24,0.8,inf,n3,normal,fixed30,75,1e-07,,,,4,cuda,torch,400,8,,8.91203,0.0924535,16.5234,0.00707051,5.07932,0.0509996,13.9835,0.00517041,30,0.69,0.937,2026-08-01T02:21:40,9124b27,2.13.0+cu130,gonzalo
24,0.8,40,n3,normal,fixed30,75,1e-07,,,,4,cuda,torch,400,8,,9.00333,0.0941663,16.5234,0.00707051,4.9555,0.0502123,13.9835,0.00517041,30,0.685,0.937,2026-08-01T02:21:40,9124b27,2.13.0+cu130,gonzalo
24,0.8,20,n3,normal,fixed30,75,1e-07,,,,4,cuda,torch,400,8,,9.31307,0.0983543,16.5234,0.00707051,5.10875,0.0524195,13.9835,0.00517041,30,0.687,0.937,2026-08-01T02:21:40,9124b27,2.13.0+cu130,gonzalo
25,0.2,inf,n3,normal,fixed30,75,1e-07,,,,4,cuda,torch,400,8,,2.45331,0.0251993,4.60232,0.005527,1.05413,0.0106501,3.76495,0.00482561,30,0.685,0.937,2026-08-01T02:21:40,9124b27,2.13.0+cu130,gonzalo
25,0.2,40,n3,normal,fixed30,75,1e-07,,,,4,cuda,torch,400,8,,3.20357,0.0328661,4.60232,0.005527,1.64302,0.0166118,3.76495,0.00482561,30,0.685,0.937,2026-08-01T02:21:40,9124b27,2.13.0+cu130,gonzalo
25,0.2,20,n3,normal,fixed30,75,1e-07,,,,4,cuda,torch,400,8,,5.84729,0.0592625,4.60232,0.005527,3.6674,0.0369215,3.76495,0.00482561,30,0.686,0.937,2026-08-01T02:21:40,9124b27,2.13.0+cu130,gonzalo
25,0.4,inf,n3,normal,fixed30,75,1e-07,,,,4,cuda,torch,400,8,,4.93809,0.0511792,9.22679,0.0116042,2.28992,0.0232808,7.54506,0.00962142,30,0.693,0.937,2026-08-01T02:21:40,9124b27,2.13.0+cu130,gonzalo
25,0.4,40,n3,normal,fixed30,75,1e-07,,,,4,cuda,torch,400,8,,5.98354,0.0619032,9.22679,0.0116042,3.13946,0.0318989,7.54506,0.00962142,30,0.69,0.937,2026-08-01T02:21:40,9124b27,2.13.0+cu130,gonzalo
25,0.4,20,n3,normal,fixed30,75,1e-07,,,,4,cuda,torch,400,8,,7.88274,0.0809642,9.22679,0.0116042,4.70445,0.047532,7.54506,0.00962142,30,0.864,0.937,2026-08-01T02:21:40,9124b27,2.13.0+cu130,gonzalo
25,0.8,inf,n3,normal,fixed30,75,1e-07,,,,4,cuda,torch,400,8,,11.0617,0.117118,18.5363,0.0314152,5.70059,0.0585557,15.1497,0.0286051,30,0.779,0.937,2026-08-01T02:21:40,9124b27,2.13.0+cu130,gonzalo
25,0.8,40,n3,normal,fixed30,75,1e-07,,,,4,cuda,torch,400,8,,11.326,0.119769,18.5363,0.0314152,6.00071,0.0616096,15.1497,0.0286051,30,0.685,0.937,2026-08-01T02:21:40,9124b27,2.13.0+cu130,gonzalo
25,0.8,20,n3,normal,fixed30,75,1e-07,,,,4,cuda,torch,400,8,,11.6047,0.122328,18.5363,0.0314152,6.52638,0.0669041,15.1497,0.0286051,30,0.685,0.937,2026-08-01T02:21:40,9124b27,2.13.0+cu130,gonzalo
26,0.2,inf,n3,normal,fixed30,75,1e-07,,,,4,cuda,torch,400,8,,2.73075,0.027687,4.8888,0.00266175,1.03931,0.0104625,3.92603,0.00246923,30,0.684,0.937,2026-08-01T02:21:40,9124b27,2.13.0+cu130,gonzalo
26,0.2,40,n3,normal,fixed30,75,1e-07,,,,4,cuda,torch,400,8,,3.36955,0.0343403,4.8888,0.00266175,1.52624,0.0153739,3.92603,0.00246923,30,0.683,0.937,2026-08-01T02:21:40,9124b27,2.13.0+cu130,gonzalo
26,0.2,20,n3,normal,fixed30,75,1e-07,,,,4,cuda,torch,400,8,,5.74322,0.0580311,4.8888,0.00266175,3.47236,0.0348888,3.92603,0.00246923,30,0.683,0.937,2026-08-01T02:21:40,9124b27,2.13.0+cu130,gonzalo
26,0.4,inf,n3,normal,fixed30,75,1e-07,,,,4,cuda,torch,400,8,,6.56033,0.0681247,9.8941,0.00627185,3.01905,0.0307732,7.942,0.00602147,30,0.682,0.937,2026-08-01T02:21:40,9124b27,2.13.0+cu130,gonzalo
26,0.4,40,n3,normal,fixed30,75,1e-07,,,,4,cuda,torch,400,8,,7.14535,0.0741776,9.8941,0.00627185,3.56262,0.036202,7.942,0.00602147,30,0.688,0.937,2026-08-01T02:21:40,9124b27,2.13.0+cu130,gonzalo
26,0.4,20,n3,normal,fixed30,75,1e-07,,,,4,cuda,torch,400,8,,7.99125,0.0824701,9.8941,0.00627185,4.53953,0.0459324,7.942,0.00602147,30,0.689,0.937,2026-08-01T02:21:40,9124b27,2.13.0+cu130,gonzalo
26,0.8,inf,n3,normal,fixed30,75,1e-07,,,,4,cuda,torch,400,8,,11.3059,0.119991,20.2417,0.015415,5.9746,0.0624,16.2476,0.014669,30,0.689,0.937,2026-08-01T02:21:40,9124b27,2.13.0+cu130,gonzalo
26,0.8,40,n3,normal,fixed30,75,1e-07,,,,4,cuda,torch,400,8,,11.5363,0.122538,20.2417,0.015415,6.28912,0.0656559,16.2476,0.014669,30,0.687,0.937,2026-08-01T02:21:40,9124b27,2.13.0+cu130,gonzalo
26,0.8,20,n3,normal,fixed30,75,1e-07,,,,4,cuda,torch,400,8,,11.7238,0.124481,20.2417,0.015415,6.65468,0.0693752,16.2476,0.014669,30,0.688,0.937,2026-08-01T02:21:40,9124b27,2.13.0+cu130,gonzalo
27,0.2,inf,n3,normal,fixed30,75,1e-07,,,,4,cuda,torch,400,8,,2.16234,0.0219354,4.2001,0.00139402,0.927856,0.00933764,3.44453,0.0012916,30,0.688,0.937,2026-08-01T02:21:40,9124b27,2.13.0+cu130,gonzalo
27,0.2,40,n3,normal,fixed30,75,1e-07,,,,4,cuda,torch,400,8,,3.10853,0.0317138,4.2001,0.00139402,1.52436,0.0154003,3.44453,0.0012916,30,0.688,0.937,2026-08-01T02:21:40,9124b27,2.13.0+cu130,gonzalo
27,0.2,20,n3,normal,fixed30,75,1e-07,,,,4,cuda,torch,400,8,,5.853,0.0592096,4.2001,0.00139402,3.52391,0.0354239,3.44453,0.0012916,30,0.687,0.937,2026-08-01T02:21:40,9124b27,2.13.0+cu130,gonzalo
27,0.4,inf,n3,normal,fixed30,75,1e-07,,,,4,cuda,torch,400,8,,4.79172,0.0493889,8.42177,0.00280927,2.0581,0.0208975,6.90956,0.00246695,30,0.776,0.937,2026-08-01T02:21:40,9124b27,2.13.0+cu130,gonzalo
27,0.4,40,n3,normal,fixed30,75,1e-07,,,,4,cuda,torch,400,8,,5.43938,0.0561949,8.42177,0.00280927,2.5268,0.0256862,6.90956,0.00246695,30,0.758,0.937,2026-08-01T02:21:40,9124b27,2.13.0+cu130,gonzalo
27,0.4,20,n3,normal,fixed30,75,1e-07,,,,4,cuda,torch,400,8,,6.8655,0.070591,8.42177,0.00280927,3.75936,0.0380364,6.90956,0.00246695,30,0.767,0.937,2026-08-01T02:21:40,9124b27,2.13.0+cu130,gonzalo
27,0.8,inf,n3,normal,fixed30,75,1e-07,,,,4,cuda,torch,400,8,,9.5443,0.100581,16.9327,0.00654447,4.49848,0.0462666,13.903,0.00523319,30,0.781,0.937,2026-08-01T02:21:40,9124b27,2.13.0+cu130,gonzalo
27,0.8,40,n3,normal,fixed30,75,1e-07,,,,4,cuda,torch,400,8,,9.80381,0.10334,16.9327,0.00654447,4.81239,0.0494769,13.903,0.00523319,30,0.819,0.937,2026-08-01T02:21:40,9124b27,2.13.0+cu130,gonzalo
27,0.8,20,n3,normal,fixed30,75,1e-07,,,,4,cuda,torch,400,8,,10.1789,0.107148,16.9327,0.00654447,5.43023,0.0558216,13.903,0.00523319,30,0.784,0.937,2026-08-01T02:21:40,9124b27,2.13.0+cu130,gonzalo
28,0.2,inf,n3,normal,fixed30,75,1e-07,,,,4,cuda,torch,400,8,,2.29605,0.023223,4.45045,0.0025675,0.945345,0.00951908,3.46673,0.0019458,30,0.696,0.937,2026-08-01T02:21:40,9124b27,2.13.0+cu130,gonzalo
28,0.2,40,n3,normal,fixed30,75,1e-07,,,,4,cuda,torch,400,8,,3.19321,0.0324526,4.45045,0.0025675,1.58428,0.0159681,3.46673,0.0019458,30,0.691,0.937,2026-08-01T02:21:40,9124b27,2.13.0+cu130,gonzalo
28,0.2,20,n3,normal,fixed30,75,1e-07,,,,4,cuda,torch,400,8,,6.21309,0.0623092,4.45045,0.0025675,4.02882,0.0404399,3.46673,0.0019458,30,0.694,0.937,2026-08-01T02:21:40,9124b27,2.13.0+cu130,gonzalo
28,0.4,inf,n3,normal,fixed30,75,1e-07,,,,4,cuda,torch,400,8,,5.05941,0.0519677,8.96917,0.00585954,2.31938,0.0235793,6.96572,0.00501558,30,0.699,0.937,2026-08-01T02:21:40,9124b27,2.13.0+cu130,gonzalo
28,0.4,40,n3,normal,fixed30,75,1e-07,,,,4,cuda,torch,400,8,,5.89559,0.0605495,8.96917,0.00585954,2.99128,0.030362,6.96572,0.00501558,30,0.694,0.937,2026-08-01T02:21:40,9124b27,2.13.0+cu130,gonzalo
28,0.4,20,n3,normal,fixed30,75,1e-07,,,,4,cuda,torch,400,8,,7.59823,0.0773992,8.96917,0.00585954,4.57011,0.0461031,6.96572,0.00501558,30,0.692,0.937,2026-08-01T02:21:40,9124b27,2.13.0+cu130,gonzalo
28,0.8,inf,n3,normal,fixed30,75,1e-07,,,,4,cuda,torch,400,8,,10.1824,0.107459,18.2099,0.0156079,5.28744,0.0545189,14.0586,0.0150193,30,0.685,0.937,2026-08-01T02:21:40,9124b27,2.13.0+cu130,gonzalo
28,0.8,40,n3,normal,fixed30,75,1e-07,,,,4,cuda,torch,400,8,,10.5407,0.111203,18.2099,0.0156079,5.61301,0.0578629,14.0586,0.0150193,30,0.695,0.937,2026-08-01T02:21:40,9124b27,2.13.0+cu130,gonzalo
28,0.8,20,n3,normal,fixed30,75,1e-07,,,,4,cuda,torch,400,8,,10.8496,0.114079,18.2099,0.0156079,6.1059,0.0628272,14.0586,0.0150193,30,0.689,0.937,2026-08-01T02:21:40,9124b27,2.13.0+cu130,gonzalo
29,0.2,inf,n3,normal,fixed30,75,1e-07,,,,4,cuda,torch,400,8,,2.53556,0.0256977,5.02272,0.00213037,1.10638,0.011142,4.23346,0.00181367,30,0.687,0.937,2026-08-01T02:21:40,9124b27,2.13.0+cu130,gonzalo
29,0.2,40,n3,normal,fixed30,75,1e-07,,,,4,cuda,torch,400,8,,3.26788,0.0334969,5.02272,0.00213037,1.71019,0.0173374,4.23346,0.00181367,30,0.688,0.937,2026-08-01T02:21:40,9124b27,2.13.0+cu130,gonzalo
29,0.2,20,n3,normal,fixed30,75,1e-07,,,,4,cuda,torch,400,8,,5.27795,0.0539179,5.02272,0.00213037,3.31761,0.0336099,4.23346,0.00181367,30,0.683,0.937,2026-08-01T02:21:40,9124b27,2.13.0+cu130,gonzalo
29,0.4,inf,n3,normal,fixed30,75,1e-07,,,,4,cuda,torch,400,8,,5.22517,0.0538994,10.0979,0.0055558,2.62773,0.0268139,8.48476,0.00526672,30,0.692,0.937,2026-08-01T02:21:40,9124b27,2.13.0+cu130,gonzalo
29,0.4,40,n3,normal,fixed30,75,1e-07,,,,4,cuda,torch,400,8,,5.7238,0.0592797,10.0979,0.0055558,3.09245,0.0316213,8.48476,0.00526672,30,0.689,0.937,2026-08-01T02:21:40,9124b27,2.13.0+cu130,gonzalo
29,0.4,20,n3,normal,fixed30,75,1e-07,,,,4,cuda,torch,400,8,,6.73603,0.069742,10.0979,0.0055558,4.03226,0.0411648,8.48476,0.00526672,30,0.687,0.937,2026-08-01T02:21:40,9124b27,2.13.0+cu130,gonzalo
29,0.8,inf,n3,normal,fixed30,75,1e-07,,,,4,cuda,torch,400,8,,9.85911,0.102427,20.387,0.0163171,5.56497,0.0574058,17.0358,0.0161435,30,0.685,0.937,2026-08-01T02:21:40,9124b27,2.13.0+cu130,gonzalo
29,0.8,40,n3,normal,fixed30,75,1e-07,,,,4,cuda,torch,400,8,,10.1836,0.10573,20.387,0.0163171,5.85613,0.0603887,17.0358,0.0161435,30,0.685,0.937,2026-08-01T02:21:40,9124b27,2.13.0+cu130,gonzalo
29,0.8,20,n3,normal,fixed30,75,1e-07,,,,4,cuda,torch,400,8,,10.5574,0.109371,20.387,0.0163171,6.38729,0.0657964,17.0358,0.0161435,30,0.689,0.937,2026-08-01T02:21:40,9124b27,2.13.0+cu130,gonzalo
30,0.2,inf,n3,normal,fixed30,75,1e-07,,,,4,cuda,torch,400,8,,2.66925,0.0268557,4.59402,0.00238317,1.15591,0.0116196,3.53346,0.00159495,30,0.689,0.937,2026-08-01T02:21:40,9124b27,2.13.0+cu130,gonzalo
30,0.2,40,n3,normal,fixed30,75,1e-07,,,,4,cuda,torch,400,8,,3.55808,0.0361061,4.59402,0.00238317,1.83277,0.018492,3.53346,0.00159495,30,0.691,0.937,2026-08-01T02:21:40,9124b27,2.13.0+cu130,gonzalo
30,0.2,20,n3,normal,fixed30,75,1e-07,,,,4,cuda,torch,400,8,,6.73393,0.0674152,4.59402,0.00238317,4.50302,0.045319,3.53346,0.00159495,30,0.689,0.937,2026-08-01T02:21:40,9124b27,2.13.0+cu130,gonzalo
30,0.4,inf,n3,normal,fixed30,75,1e-07,,,,4,cuda,torch,400,8,,6.0535,0.0618643,9.22654,0.00499569,2.94409,0.0298725,7.08863,0.00351989,30,0.689,0.937,2026-08-01T02:21:40,9124b27,2.13.0+cu130,gonzalo
30,0.4,40,n3,normal,fixed30,75,1e-07,,,,4,cuda,torch,400,8,,6.86263,0.070229,9.22654,0.00499569,3.6546,0.0370613,7.08863,0.00351989,30,0.688,0.937,2026-08-01T02:21:40,9124b27,2.13.0+cu130,gonzalo
30,0.4,20,n3,normal,fixed30,75,1e-07,,,,4,cuda,torch,400,8,,8.09217,0.0824011,9.22654,0.00499569,4.86342,0.049121,7.08863,0.00351989,30,0.699,0.937,2026-08-01T02:21:40,9124b27,2.13.0+cu130,gonzalo
30,0.8,inf,n3,normal,fixed30,75,1e-07,,,,4,cuda,torch,400,8,,11.1197,0.115693,18.5984,0.0117064,5.94091,0.061089,14.2638,0.00901962,30,0.72,0.937,2026-08-01T02:21:40,9124b27,2.13.0+cu130,gonzalo
30,0.8,40,n3,normal,fixed30,75,1e-07,,,,4,cuda,torch,400,8,,11.3429,0.117965,18.5984,0.0117064,6.17253,0.0634145,14.2638,0.00901962,30,1.297,0.937,2026-08-01T02:21:40,9124b27,2.13.0+cu130,gonzalo
30,0.8,20,n3,normal,fixed30,75,1e-07,,,,4,cuda,torch,400,8,,11.5016,0.119439,18.5984,0.0117064,6.55138,0.06711,14.2638,0.00901962,30,0.925,0.937,2026-08-01T02:21:40,9124b27,2.13.0+cu130,gonzalo
31,0.2,inf,n3,normal,fixed30,75,1e-07,,,,4,cuda,torch,400,8,,2.2158,0.0220617,4.31386,0.00215592,1.05269,0.010563,3.77272,0.00204547,30,0.69,0.937,2026-08-01T02:21:40,9124b27,2.13.0+cu130,gonzalo
31,0.2,40,n3,normal,fixed30,75,1e-07,,,,4,cuda,torch,400,8,,2.84634,0.0289453,4.31386,0.00215592,1.78697,0.0181246,3.77272,0.00204547,30,0.692,0.937,2026-08-01T02:21:40,9124b27,2.13.0+cu130,gonzalo
31,0.2,20,n3,normal,fixed30,75,1e-07,,,,4,cuda,torch,400,8,,5.38418,0.0542235,4.31386,0.00215592,3.7731,0.0382193,3.77272,0.00204547,30,0.696,0.937,2026-08-01T02:21:40,9124b27,2.13.0+cu130,gonzalo
31,0.4,inf,n3,normal,fixed30,75,1e-07,,,,4,cuda,torch,400,8,,4.6931,0.0472809,8.62918,0.00434515,2.6098,0.0266077,7.54182,0.00409376,30,0.693,0.937,2026-08-01T02:21:40,9124b27,2.13.0+cu130,gonzalo
31,0.4,40,n3,normal,fixed30,75,1e-07,,,,4,cuda,torch,400,8,,5.21987,0.0532645,8.62918,0.00434515,3.28464,0.033733,7.54182,0.00409376,30,0.689,0.937,2026-08-01T02:21:40,9124b27,2.13.0+cu130,gonzalo
31,0.4,20,n3,normal,fixed30,75,1e-07,,,,4,cuda,torch,400,8,,6.51016,0.0661901,8.62918,0.00434515,4.43273,0.045305,7.54182,0.00409376,30,0.7,0.937,2026-08-01T02:21:40,9124b27,2.13.0+cu130,gonzalo
31,0.8,inf,n3,normal,fixed30,75,1e-07,,,,4,cuda,torch,400,8,,9.32344,0.0938496,17.266,0.00897464,5.11378,0.0526868,15.0664,0.00821814,30,0.686,0.937,2026-08-01T02:21:40,9124b27,2.13.0+cu130,gonzalo
31,0.8,40,n3,normal,fixed30,75,1e-07,,,,4,cuda,torch,400,8,,9.61595,0.0973123,17.266,0.00897464,5.4032,0.0557928,15.0664,0.00821814,30,0.688,0.937,2026-08-01T02:21:40,9124b27,2.13.0+cu130,gonzalo
31,0.8,20,n3,normal,fixed30,75,1e-07,,,,4,cuda,torch,400,8,,9.95331,0.101265,17.266,0.00897464,5.96338,0.0615108,15.0664,0.00821814,30,0.692,0.937,2026-08-01T02:21:40,9124b27,2.13.0+cu130,gonzalo
32,0.2,inf,n3,normal,fixed30,75,1e-07,,,,4,cuda,torch,400,8,,2.01431,0.0198524,3.85757,0.00769746,1.16873,0.0115339,2.91914,0.00804553,30,0.694,0.937,2026-08-01T02:21:40,9124b27,2.13.0+cu130,gonzalo
32,0.2,40,n3,normal,fixed30,75,1e-07,,,,4,cuda,torch,400,8,,1.82827,0.0182523,3.85757,0.00769746,0.906075,0.00903006,2.91914,0.00804553,30,0.687,0.937,2026-08-01T02:21:40,9124b27,2.13.0+cu130,gonzalo
32,0.2,20,n3,normal,fixed30,75,1e-07,,,,4,cuda,torch,400,8,,3.51996,0.0356212,3.85757,0.00769746,2.10178,0.0210887,2.91914,0.00804553,30,0.692,0.937,2026-08-01T02:21:40,9124b27,2.13.0+cu130,gonzalo
32,0.4,inf,n3,normal,fixed30,75,1e-07,,,,4,cuda,torch,400,8,,4.0942,0.0399372,7.63011,0.0182317,2.72234,0.026501,5.78325,0.0194967,30,0.695,0.937,2026-08-01T02:21:40,9124b27,2.13.0+cu130,gonzalo
32,0.4,40,n3,normal,fixed30,75,1e-07,,,,4,cuda,torch,400,8,,3.8119,0.0374353,7.63011,0.0182317,2.22903,0.0218608,5.78325,0.0194967,30,0.698,0.937,2026-08-01T02:21:40,9124b27,2.13.0+cu130,gonzalo
32,0.4,20,n3,normal,fixed30,75,1e-07,,,,4,cuda,torch,400,8,,4.18482,0.0423662,7.63011,0.0182317,2.13374,0.0214889,5.78325,0.0194967,30,0.694,0.937,2026-08-01T02:21:40,9124b27,2.13.0+cu130,gonzalo
32,0.8,inf,n3,normal,fixed30,75,1e-07,,,,4,cuda,torch,400,8,,9.68409,0.091543,14.9354,0.0484334,7.38041,0.069324,11.3544,0.0525508,30,0.692,0.937,2026-08-01T02:21:40,9124b27,2.13.0+cu130,gonzalo
32,0.8,40,n3,normal,fixed30,75,1e-07,,,,4,cuda,torch,400,8,,9.26857,0.0876381,14.9354,0.0484334,6.64819,0.0627325,11.3544,0.0525508,30,0.695,0.937,2026-08-01T02:21:40,9124b27,2.13.0+cu130,gonzalo
32,0.8,20,n3,normal,fixed30,75,1e-07,,,,4,cuda,torch,400,8,,8.4804,0.0813738,14.9354,0.0484334,4.94093,0.0475702,11.3544,0.0525508,30,0.697,0.937,2026-08-01T02:21:40,9124b27,2.13.0+cu130,gonzalo
33,0.2,inf,n3,normal,fixed30,75,1e-07,,,,4,cuda,torch,400,8,,2.26101,0.0227772,4.18554,0.00396929,1.0019,0.0100107,3.59227,0.00306178,30,0.689,0.937,2026-08-01T02:21:40,9124b27,2.13.0+cu130,gonzalo
33,0.2,40,n3,normal,fixed30,75,1e-07,,,,4,cuda,torch,400,8,,2.65746,0.0270569,4.18554,0.00396929,1.19382,0.0120319,3.59227,0.00306178,30,0.693,0.937,2026-08-01T02:21:40,9124b27,2.13.0+cu130,gonzalo
33,0.2,20,n3,normal,fixed30,75,1e-07,,,,4,cuda,torch,400,8,,4.96859,0.0504366,4.18554,0.00396929,2.95917,0.0297327,3.59227,0.00306178,30,0.694,0.937,2026-08-01T02:21:40,9124b27,2.13.0+cu130,gonzalo
33,0.4,inf,n3,normal,fixed30,75,1e-07,,,,4,cuda,torch,400,8,,4.60108,0.0465933,8.27676,0.00862777,2.09602,0.0209748,7.12415,0.00698787,30,0.699,0.937,2026-08-01T02:21:40,9124b27,2.13.0+cu130,gonzalo
33,0.4,40,n3,normal,fixed30,75,1e-07,,,,4,cuda,torch,400,8,,4.90497,0.0501554,8.27676,0.00862777,2.20908,0.0223225,7.12415,0.00698787,30,0.69,0.937,2026-08-01T02:21:40,9124b27,2.13.0+cu130,gonzalo
33,0.4,20,n3,normal,fixed30,75,1e-07,,,,4,cuda,torch,400,8,,6.40896,0.0660955,8.27676,0.00862777,3.37065,0.0341732,7.12415,0.00698787,30,0.691,0.937,2026-08-01T02:21:40,9124b27,2.13.0+cu130,gonzalo
33,0.8,inf,n3,normal,fixed30,75,1e-07,,,,4,cuda,torch,400,8,,9.77576,0.100197,16.1857,0.0222432,5.00511,0.0504652,14.0094,0.019923,30,0.692,0.937,2026-08-01T02:21:40,9124b27,2.13.0+cu130,gonzalo
33,0.8,40,n3,normal,fixed30,75,1e-07,,,,4,cuda,torch,400,8,,10.1375,0.104183,16.1857,0.0222432,5.16201,0.0521729,14.0094,0.019923,30,0.692,0.937,2026-08-01T02:21:40,9124b27,2.13.0+cu130,gonzalo
33,0.8,20,n3,normal,fixed30,75,1e-07,,,,4,cuda,torch,400,8,,10.7125,0.110558,16.1857,0.0222432,5.67775,0.0576681,14.0094,0.019923,30,0.694,0.937,2026-08-01T02:21:40,9124b27,2.13.0+cu130,gonzalo
34,0.2,inf,n3,normal,fixed30,75,1e-07,,,,4,cuda,torch,400,8,,2.22898,0.022329,4.26157,0.00363443,1.14252,0.0113571,3.65604,0.00258226,30,0.691,0.937,2026-08-01T02:21:40,9124b27,2.13.0+cu130,gonzalo
34,0.2,40,n3,normal,fixed30,75,1e-07,,,,4,cuda,torch,400,8,,2.52196,0.0255942,4.26157,0.00363443,1.15923,0.0116547,3.65604,0.00258226,30,0.695,0.937,2026-08-01T02:21:40,9124b27,2.13.0+cu130,gonzalo
34,0.2,20,n3,normal,fixed30,75,1e-07,,,,4,cuda,torch,400,8,,4.58542,0.0465433,4.26157,0.00363443,2.65625,0.0266961,3.65604,0.00258226,30,0.701,0.937,2026-08-01T02:21:40,9124b27,2.13.0+cu130,gonzalo
34,0.4,inf,n3,normal,fixed30,75,1e-07,,,,4,cuda,torch,400,8,,4.53667,0.0452817,8.45832,0.00805037,2.59187,0.0256018,7.26207,0.00606404,30,0.709,0.937,2026-08-01T02:21:40,9124b27,2.13.0+cu130,gonzalo
34,0.4,40,n3,normal,fixed30,75,1e-07,,,,4,cuda,torch,400,8,,4.66347,0.0471721,8.45832,0.00805037,2.42757,0.0242894,7.26207,0.00606404,30,0.864,0.937,2026-08-01T02:21:40,9124b27,2.13.0+cu130,gonzalo
34,0.4,20,n3,normal,fixed30,75,1e-07,,,,4,cuda,torch,400,8,,5.70439,0.0585074,8.45832,0.00805037,2.95749,0.0299771,7.26207,0.00606404,30,0.972,0.937,2026-08-01T02:21:40,9124b27,2.13.0+cu130,gonzalo
34,0.8,inf,n3,normal,fixed30,75,1e-07,,,,4,cuda,torch,400,8,,9.49999,0.0942785,16.66,0.0210272,6.51651,0.0634605,14.324,0.0173276,30,0.963,0.937,2026-08-01T02:21:40,9124b27,2.13.0+cu130,gonzalo
34,0.8,40,n3,normal,fixed30,75,1e-07,,,,4,cuda,torch,400,8,,9.58986,0.0955228,16.66,0.0210272,6.16167,0.0602227,14.324,0.0173276,30,0.936,0.937,2026-08-01T02:21:40,9124b27,2.13.0+cu130,gonzalo
34,0.8,20,n3,normal,fixed30,75,1e-07,,,,4,cuda,torch,400,8,,9.85355,0.0999306,16.66,0.0210272,5.70579,0.0568637,14.324,0.0173276,30,0.885,0.937,2026-08-01T02:21:40,9124b27,2.13.0+cu130,gonzalo
35,0.2,inf,n3,normal,fixed30,75,1e-07,,,,4,cuda,torch,400,8,,2.10513,0.0209978,4.35394,0.00869767,0.850293,0.00848876,3.77532,0.00903084,30,0.923,0.937,2026-08-01T02:21:40,9124b27,2.13.0+cu130,gonzalo
35,0.2,40,n3,normal,fixed30,75,1e-07,,,,4,cuda,torch,400,8,,2.31731,0.0234342,4.35394,0.00869767,1.00943,0.0101612,3.77532,0.00903084,30,0.69,0.937,2026-08-01T02:21:40,9124b27,2.13.0+cu130,gonzalo
35,0.2,20,n3,normal,fixed30,75,1e-07,,,,4,cuda,torch,400,8,,4.60425,0.0465965,4.35394,0.00869767,2.89367,0.0290811,3.77532,0.00903084,30,0.69,0.937,2026-08-01T02:21:40,9124b27,2.13.0+cu130,gonzalo
35,0.4,inf,n3,normal,fixed30,75,1e-07,,,,4,cuda,torch,400,8,,4.2835,0.043466,8.73989,0.0202876,1.74615,0.01762,7.57785,0.0210221,30,0.693,0.937,2026-08-01T02:21:40,9124b27,2.13.0+cu130,gonzalo
35,0.4,40,n3,normal,fixed30,75,1e-07,,,,4,cuda,torch,400,8,,4.68173,0.0479239,8.73989,0.0202876,2.04166,0.0207058,7.57785,0.0210221,30,0.694,0.937,2026-08-01T02:21:40,9124b27,2.13.0+cu130,gonzalo
35,0.4,20,n3,normal,fixed30,75,1e-07,,,,4,cuda,torch,400,8,,6.23672,0.0642497,8.73989,0.0202876,3.52962,0.0357219,7.57785,0.0210221,30,0.69,0.937,2026-08-01T02:21:40,9124b27,2.13.0+cu130,gonzalo
35,0.8,inf,n3,normal,fixed30,75,1e-07,,,,4,cuda,torch,400,8,,9.55619,0.0999185,17.6069,0.0548449,4.74921,0.0489223,15.263,0.0562895,30,0.689,0.937,2026-08-01T02:21:40,9124b27,2.13.0+cu130,gonzalo
35,0.8,40,n3,normal,fixed30,75,1e-07,,,,4,cuda,torch,400,8,,9.85585,0.103023,17.6069,0.0548449,5.05636,0.0520503,15.263,0.0562895,30,0.689,0.937,2026-08-01T02:21:40,9124b27,2.13.0+cu130,gonzalo
35,0.8,20,n3,normal,fixed30,75,1e-07,,,,4,cuda,torch,400,8,,10.0993,0.105327,17.6069,0.0548449,5.60152,0.0575938,15.263,0.0562895,30,0.693,0.937,2026-08-01T02:21:40,9124b27,2.13.0+cu130,gonzalo
36,0.2,inf,n3,normal,fixed30,75,1e-07,,,,4,cuda,torch,400,8,,2.43136,0.0243879,4.79511,0.0036944,1.20008,0.0120811,4.08666,0.00296145,30,0.687,0.937,2026-08-01T02:21:40,9124b27,2.13.0+cu130,gonzalo
36,0.2,40,n3,normal,fixed30,75,1e-07,,,,4,cuda,torch,400,8,,3.10287,0.0314983,4.79511,0.0036944,1.83679,0.0186388,4.08666,0.00296145,30,0.687,0.937,2026-08-01T02:21:40,9124b27,2.13.0+cu130,gonzalo
36,0.2,20,n3,normal,fixed30,75,1e-07,,,,4,cuda,torch,400,8,,5.46142,0.0553418,4.79511,0.0036944,3.69412,0.0374702,4.08666,0.00296145,30,0.692,0.937,2026-08-01T02:21:40,9124b27,2.13.0+cu130,gonzalo
36,0.4,inf,n3,normal,fixed30,75,1e-07,,,,4,cuda,torch,400,8,,5.40599,0.0550856,9.54161,0.00799077,3.02879,0.0309568,8.12703,0.00666619,30,0.687,0.937,2026-08-01T02:21:40,9124b27,2.13.0+cu130,gonzalo
36,0.4,40,n3,normal,fixed30,75,1e-07,,,,4,cuda,torch,400,8,,5.90117,0.060427,9.54161,0.00799077,3.51358,0.0360278,8.12703,0.00666619,30,0.69,0.937,2026-08-01T02:21:40,9124b27,2.13.0+cu130,gonzalo
36,0.4,20,n3,normal,fixed30,75,1e-07,,,,4,cuda,torch,400,8,,6.86033,0.0702878,9.54161,0.00799077,4.37059,0.0447028,8.12703,0.00666619,30,0.693,0.937,2026-08-01T02:21:40,9124b27,2.13.0+cu130,gonzalo
36,0.8,inf,n3,normal,fixed30,75,1e-07,,,,4,cuda,torch,400,8,,10.1429,0.101349,18.878,0.0254174,5.4262,0.0554065,16.0661,0.0243799,30,0.689,0.937,2026-08-01T02:21:40,9124b27,2.13.0+cu130,gonzalo
36,0.8,40,n3,normal,fixed30,75,1e-07,,,,4,cuda,torch,400,8,,10.4172,0.104174,18.878,0.0254174,5.65987,0.0577702,16.0661,0.0243799,30,0.699,0.937,2026-08-01T02:21:40,9124b27,2.13.0+cu130,gonzalo
36,0.8,20,n3,normal,fixed30,75,1e-07,,,,4,cuda,torch,400,8,,10.8058,0.108312,18.878,0.0254174,6.21447,0.0633417,16.0661,0.0243799,30,0.72,0.937,2026-08-01T02:21:40,9124b27,2.13.0+cu130,gonzalo
37,0.2,inf,n3,normal,fixed30,75,1e-07,,,,4,cuda,torch,400,8,,2.48797,0.0251864,4.56338,0.00350426,1.16708,0.0117893,3.91621,0.00210109,30,0.859,0.937,2026-08-01T02:21:40,9124b27,2.13.0+cu130,gonzalo
37,0.2,40,n3,normal,fixed30,75,1e-07,,,,4,cuda,torch,400,8,,3.3439,0.0341158,4.56338,0.00350426,1.87886,0.0190394,3.91621,0.00210109,30,0.753,0.937,2026-08-01T02:21:40,9124b27,2.13.0+cu130,gonzalo
37,0.2,20,n3,normal,fixed30,75,1e-07,,,,4,cuda,torch,400,8,,5.73946,0.0578748,4.56338,0.00350426,3.70244,0.0373554,3.91621,0.00210109,30,0.846,0.937,2026-08-01T02:21:40,9124b27,2.13.0+cu130,gonzalo
37,0.4,inf,n3,normal,fixed30,75,1e-07,,,,4,cuda,torch,400,8,,5.69806,0.0582521,9.08809,0.00746009,2.80753,0.0286043,7.81297,0.00509427,30,0.811,0.937,2026-08-01T02:21:40,9124b27,2.13.0+cu130,gonzalo
37,0.4,40,n3,normal,fixed30,75,1e-07,,,,4,cuda,torch,400,8,,6.1709,0.063253,9.08809,0.00746009,3.27037,0.0333657,7.81297,0.00509427,30,0.685,0.937,2026-08-01T02:21:40,9124b27,2.13.0+cu130,gonzalo
37,0.4,20,n3,normal,fixed30,75,1e-07,,,,4,cuda,torch,400,8,,7.38066,0.0753005,9.08809,0.00746009,4.4684,0.0454051,7.81297,0.00509427,30,0.685,0.937,2026-08-01T02:21:40,9124b27,2.13.0+cu130,gonzalo
37,0.8,inf,n3,normal,fixed30,75,1e-07,,,,4,cuda,torch,400,8,,10.2481,0.104284,18.0083,0.0188599,5.08902,0.0520434,15.5413,0.0161456,30,0.688,0.937,2026-08-01T02:21:40,9124b27,2.13.0+cu130,gonzalo
37,0.8,40,n3,normal,fixed30,75,1e-07,,,,4,cuda,torch,400,8,,10.6243,0.108381,18.0083,0.0188599,5.47111,0.0560205,15.5413,0.0161456,30,0.69,0.937,2026-08-01T02:21:40,9124b27,2.13.0+cu130,gonzalo
37,0.8,20,n3,normal,fixed30,75,1e-07,,,,4,cuda,torch,400,8,,10.9644,0.112044,18.0083,0.0188599,6.14003,0.0628806,15.5413,0.0161456,30,0.692,0.937,2026-08-01T02:21:40,9124b27,2.13.0+cu130,gonzalo
38,0.2,inf,n3,normal,fixed30,75,1e-07,,,,4,cuda,torch,400,8,,2.08674,0.0212571,3.656,0.00387088,0.992665,0.00994829,3.02932,0.00307665,30,0.69,0.937,2026-08-01T02:21:40,9124b27,2.13.0+cu130,gonzalo
38,0.2,40,n3,normal,fixed30,75,1e-07,,,,4,cuda,torch,400,8,,2.6581,0.0271488,3.656,0.00387088,1.32332,0.0133176,3.02932,0.00307665,30,0.692,0.937,2026-08-01T02:21:40,9124b27,2.13.0+cu130,gonzalo
38,0.2,20,n3,normal,fixed30,75,1e-07,,,,4,cuda,torch,400,8,,5.22883,0.0529292,3.656,0.00387088,3.24138,0.0325809,3.02932,0.00307665,30,0.69,0.937,2026-08-01T02:21:40,9124b27,2.13.0+cu130,gonzalo
38,0.4,inf,n3,normal,fixed30,75,1e-07,,,,4,cuda,torch,400,8,,3.90047,0.0400636,7.36944,0.00747703,2.04718,0.0204648,6.0864,0.0051858,30,0.687,0.937,2026-08-01T02:21:40,9124b27,2.13.0+cu130,gonzalo
38,0.4,40,n3,normal,fixed30,75,1e-07,,,,4,cuda,torch,400,8,,4.45169,0.0459541,7.36944,0.00747703,2.29537,0.0231383,6.0864,0.0051858,30,0.689,0.937,2026-08-01T02:21:40,9124b27,2.13.0+cu130,gonzalo
38,0.4,20,n3,normal,fixed30,75,1e-07,,,,4,cuda,torch,400,8,,6.67669,0.0685951,7.36944,0.00747703,3.94615,0.0398053,6.0864,0.0051858,30,0.688,0.937,2026-08-01T02:21:40,9124b27,2.13.0+cu130,gonzalo
38,0.8,inf,n3,normal,fixed30,75,1e-07,,,,4,cuda,torch,400,8,,8.24836,0.0872824,14.9954,0.0226606,4.15765,0.0423406,12.2935,0.0203505,30,0.691,0.937,2026-08-01T02:21:40,9124b27,2.13.0+cu130,gonzalo
38,0.8,40,n3,normal,fixed30,75,1e-07,,,,4,cuda,torch,400,8,,8.75851,0.0926867,14.9954,0.0226606,4.60556,0.0470195,12.2935,0.0203505,30,0.691,0.937,2026-08-01T02:21:40,9124b27,2.13.0+cu130,gonzalo
38,0.8,20,n3,normal,fixed30,75,1e-07,,,,4,cuda,torch,400,8,,9.66376,0.101779,14.9954,0.0226606,5.52707,0.0563811,12.2935,0.0203505,30,0.691,0.937,2026-08-01T02:21:40,9124b27,2.13.0+cu130,gonzalo
39,0.2,inf,n3,normal,fixed30,75,1e-07,,,,4,cuda,torch,400,8,,2.62319,0.0261775,4.41665,0.00430162,1.22804,0.0123563,3.70136,0.00328311,30,0.692,0.937,2026-08-01T02:21:40,9124b27,2.13.0+cu130,gonzalo
39,0.2,40,n3,normal,fixed30,75,1e-07,,,,4,cuda,torch,400,8,,3.27209,0.0332179,4.41665,0.00430162,1.93945,0.0196909,3.70136,0.00328311,30,0.689,0.937,2026-08-01T02:21:40,9124b27,2.13.0+cu130,gonzalo
39,0.2,20,n3,normal,fixed30,75,1e-07,,,,4,cuda,torch,400,8,,5.76086,0.0577945,4.41665,0.00430162,3.93667,0.0398033,3.70136,0.00328311,30,0.692,0.937,2026-08-01T02:21:40,9124b27,2.13.0+cu130,gonzalo
39,0.4,inf,n3,normal,fixed30,75,1e-07,,,,4,cuda,torch,400,8,,5.29546,0.0532261,8.78367,0.00929594,2.74488,0.0279493,7.37835,0.00779028,30,0.693,0.937,2026-08-01T02:21:40,9124b27,2.13.0+cu130,gonzalo
39,0.4,40,n3,normal,fixed30,75,1e-07,,,,4,cuda,torch,400,8,,5.69324,0.0576039,8.78367,0.00929594,3.27509,0.0334829,7.37835,0.00779028,30,0.69,0.937,2026-08-01T02:21:40,9124b27,2.13.0+cu130,gonzalo
39,0.4,20,n3,normal,fixed30,75,1e-07,,,,4,cuda,torch,400,8,,6.98936,0.0706878,8.78367,0.00929594,4.52175,0.0460648,7.37835,0.00779028,30,0.688,0.937,2026-08-01T02:21:40,9124b27,2.13.0+cu130,gonzalo
39,0.8,inf,n3,normal,fixed30,75,1e-07,,,,4,cuda,torch,400,8,,10.4262,0.104279,17.3703,0.0221732,5.40703,0.0554249,14.6581,0.0207595,30,0.691,0.937,2026-08-01T02:21:40,9124b27,2.13.0+cu130,gonzalo
39,0.8,40,n3,normal,fixed30,75,1e-07,,,,4,cuda,torch,400,8,,10.6425,0.106964,17.3703,0.0221732,5.66722,0.0582018,14.6581,0.0207595,30,0.694,0.937,2026-08-01T02:21:40,9124b27,2.13.0+cu130,gonzalo
39,0.8,20,n3,normal,fixed30,75,1e-07,,,,4,cuda,torch,400,8,,10.8481,0.109243,17.3703,0.0221732,6.15164,0.0630705,14.6581,0.0207595,30,0.693,0.937,2026-08-01T02:21:40,9124b27,2.13.0+cu130,gonzalo
40,0.2,inf,n3,normal,fixed30,75,1e-07,,,,4,cuda,torch,400,8,,2.44129,0.0246495,4.3436,0.00209822,1.0893,0.0109021,3.81288,0.00165616,30,0.725,0.937,2026-08-01T02:21:40,9124b27,2.13.0+cu130,gonzalo
40,0.2,40,n3,normal,fixed30,75,1e-07,,,,4,cuda,torch,400,8,,2.92191,0.0298092,4.3436,0.00209822,1.28156,0.01293,3.81288,0.00165616,30,0.775,0.937,2026-08-01T02:21:40,9124b27,2.13.0+cu130,gonzalo
40,0.2,20,n3,normal,fixed30,75,1e-07,,,,4,cuda,torch,400,8,,5.20962,0.0529076,4.3436,0.00209822,2.99413,0.0300749,3.81288,0.00165616,30,0.7,0.937,2026-08-01T02:21:40,9124b27,2.13.0+cu130,gonzalo
40,0.4,inf,n3,normal,fixed30,75,1e-07,,,,4,cuda,torch,400,8,,5.03386,0.051437,8.67211,0.0047098,2.25622,0.0227102,7.62176,0.00389977,30,0.689,0.937,2026-08-01T02:21:40,9124b27,2.13.0+cu130,gonzalo
40,0.4,40,n3,normal,fixed30,75,1e-07,,,,4,cuda,torch,400,8,,5.4246,0.0560412,8.67211,0.0047098,2.396,0.0243551,7.62176,0.00389977,30,0.691,0.937,2026-08-01T02:21:40,9124b27,2.13.0+cu130,gonzalo
40,0.4,20,n3,normal,fixed30,75,1e-07,,,,4,cuda,torch,400,8,,6.96422,0.0721472,8.67211,0.0047098,3.63422,0.0368632,7.62176,0.00389977,30,0.692,0.937,2026-08-01T02:21:40,9124b27,2.13.0+cu130,gonzalo
40,0.8,inf,n3,normal,fixed30,75,1e-07,,,,4,cuda,torch,400,8,,10.3003,0.107357,17.2847,0.0123412,5.07395,0.0517404,15.2236,0.0110395,30,0.689,0.937,2026-08-01T02:21:40,9124b27,2.13.0+cu130,gonzalo
40,0.8,40,n3,normal,fixed30,75,1e-07,,,,4,cuda,torch,400,8,,10.5362,0.109975,17.2847,0.0123412,5.3024,0.0542196,15.2236,0.0110395,30,0.691,0.937,2026-08-01T02:21:40,9124b27,2.13.0+cu130,gonzalo
40,0.8,20,n3,normal,fixed30,75,1e-07,,,,4,cuda,torch,400,8,,10.9368,0.114049,17.2847,0.0123412,5.85736,0.0600318,15.2236,0.0110395,30,0.694,0.937,2026-08-01T02:21:40,9124b27,2.13.0+cu130,gonzalo
41,0.2,inf,n3,normal,fixed30,75,1e-07,,,,4,cuda,torch,400,8,,2.1299,0.0216801,4.45575,0.00261584,0.906501,0.00912597,3.84915,0.00222962,30,0.687,0.937,2026-08-01T02:21:40,9124b27,2.13.0+cu130,gonzalo
41,0.2,40,n3,normal,fixed30,75,1e-07,,,,4,cuda,torch,400,8,,2.86427,0.0293003,4.45575,0.00261584,1.45475,0.0147,3.84915,0.00222962,30,0.687,0.937,2026-08-01T02:21:40,9124b27,2.13.0+cu130,gonzalo
41,0.2,20,n3,normal,fixed30,75,1e-07,,,,4,cuda,torch,400,8,,5.16393,0.0525164,4.45575,0.00261584,3.29844,0.0332677,3.84915,0.00222962,30,0.687,0.937,2026-08-01T02:21:40,9124b27,2.13.0+cu130,gonzalo
41,0.4,inf,n3,normal,fixed30,75,1e-07,,,,4,cuda,torch,400,8,,4.67062,0.0482785,8.94923,0.00508371,2.14714,0.0217997,7.71337,0.00428663,30,0.686,0.937,2026-08-01T02:21:40,9124b27,2.13.0+cu130,gonzalo
41,0.4,40,n3,normal,fixed30,75,1e-07,,,,4,cuda,torch,400,8,,5.257,0.054399,8.94923,0.00508371,2.71824,0.0276672,7.71337,0.00428663,30,0.688,0.937,2026-08-01T02:21:40,9124b27,2.13.0+cu130,gonzalo
41,0.4,20,n3,normal,fixed30,75,1e-07,,,,4,cuda,torch,400,8,,6.51054,0.0671301,8.94923,0.00508371,3.91053,0.0397118,7.71337,0.00428663,30,0.688,0.937,2026-08-01T02:21:40,9124b27,2.13.0+cu130,gonzalo
41,0.8,inf,n3,normal,fixed30,75,1e-07,,,,4,cuda,torch,400,8,,9.07882,0.0951743,18.0516,0.0109207,4.81907,0.0494482,15.488,0.00936781,30,0.691,0.937,2026-08-01T02:21:40,9124b27,2.13.0+cu130,gonzalo
41,0.8,40,n3,normal,fixed30,75,1e-07,,,,4,cuda,torch,400,8,,9.32407,0.0977735,18.0516,0.0109207,5.08557,0.0522046,15.488,0.00936781,30,0.691,0.937,2026-08-01T02:21:40,9124b27,2.13.0+cu130,gonzalo
41,0.8,20,n3,normal,fixed30,75,1e-07,,,,4,cuda,torch,400,8,,9.76624,0.102267,18.0516,0.0109207,5.66386,0.0581391,15.488,0.00936781,30,0.692,0.937,2026-08-01T02:21:40,9124b27,2.13.0+cu130,gonzalo
42,0.2,inf,n3,normal,fixed30,75,1e-07,,,,4,cuda,torch,400,8,,2.55561,0.0259064,4.4968,0.00391422,1.02034,0.0102745,3.9526,0.00322913,30,0.687,0.937,2026-08-01T02:21:40,9124b27,2.13.0+cu130,gonzalo
42,0.2,40,n3,normal,fixed30,75,1e-07,,,,4,cuda,torch,400,8,,3.18905,0.032503,4.4968,0.00391422,1.5598,0.01574,3.9526,0.00322913,30,0.685,0.937,2026-08-01T02:21:40,9124b27,2.13.0+cu130,gonzalo
42,0.2,20,n3,normal,fixed30,75,1e-07,,,,4,cuda,torch,400,8,,5.76806,0.0581998,4.4968,0.00391422,3.62274,0.0364087,3.9526,0.00322913,30,0.687,0.937,2026-08-01T02:21:40,9124b27,2.13.0+cu130,gonzalo
42,0.4,inf,n3,normal,fixed30,75,1e-07,,,,4,cuda,torch,400,8,,6.00234,0.0618594,9.02058,0.00801147,2.8162,0.0286408,7.9398,0.00625831,30,0.69,0.937,2026-08-01T02:21:40,9124b27,2.13.0+cu130,gonzalo
42,0.4,40,n3,normal,fixed30,75,1e-07,,,,4,cuda,torch,400,8,,6.58867,0.0679715,9.02058,0.00801147,3.32689,0.0338063,7.9398,0.00625831,30,0.686,0.937,2026-08-01T02:21:40,9124b27,2.13.0+cu130,gonzalo
42,0.4,20,n3,normal,fixed30,75,1e-07,,,,4,cuda,torch,400,8,,7.66128,0.0787122,9.02058,0.00801147,4.43034,0.0448407,7.9398,0.00625831,30,0.687,0.937,2026-08-01T02:21:40,9124b27,2.13.0+cu130,gonzalo
42,0.8,inf,n3,normal,fixed30,75,1e-07,,,,4,cuda,torch,400,8,,10.8919,0.113553,18.1535,0.0182566,6.25552,0.06487,16.0246,0.0136784,30,0.681,0.937,2026-08-01T02:21:40,9124b27,2.13.0+cu130,gonzalo
42,0.8,40,n3,normal,fixed30,75,1e-07,,,,4,cuda,torch,400,8,,11.2054,0.116733,18.1535,0.0182566,6.54646,0.0678691,16.0246,0.0136784,30,0.684,0.937,2026-08-01T02:21:40,9124b27,2.13.0+cu130,gonzalo
42,0.8,20,n3,normal,fixed30,75,1e-07,,,,4,cuda,torch,400,8,,11.3399,0.117886,18.1535,0.0182566,6.84241,0.0707938,16.0246,0.0136784,30,0.685,0.937,2026-08-01T02:21:40,9124b27,2.13.0+cu130,gonzalo
43,0.2,inf,n3,normal,fixed30,75,1e-07,,,,4,cuda,torch,400,8,,2.14214,0.0216641,3.785,0.003126,1.03903,0.0104226,2.91869,0.00254605,30,0.678,0.937,2026-08-01T02:21:40,9124b27,2.13.0+cu130,gonzalo
43,0.2,40,n3,normal,fixed30,75,1e-07,,,,4,cuda,torch,400,8,,2.99315,0.0304746,3.785,0.003126,1.5827,0.0159861,2.91869,0.00254605,30,0.677,0.937,2026-08-01T02:21:40,9124b27,2.13.0+cu130,gonzalo
43,0.2,20,n3,normal,fixed30,75,1e-07,,,,4,cuda,torch,400,8,,5.74654,0.058157,3.785,0.003126,3.56248,0.0359057,2.91869,0.00254605,30,0.698,0.937,2026-08-01T02:21:40,9124b27,2.13.0+cu130,gonzalo
43,0.4,inf,n3,normal,fixed30,75,1e-07,,,,4,cuda,torch,400,8,,4.43731,0.0452275,7.56247,0.00624932,2.3048,0.0231448,5.82068,0.00426351,30,0.682,0.937,2026-08-01T02:21:40,9124b27,2.13.0+cu130,gonzalo
43,0.4,40,n3,normal,fixed30,75,1e-07,,,,4,cuda,torch,400,8,,5.27442,0.0542075,7.56247,0.00624932,2.76621,0.0280914,5.82068,0.00426351,30,0.684,0.937,2026-08-01T02:21:40,9124b27,2.13.0+cu130,gonzalo
43,0.4,20,n3,normal,fixed30,75,1e-07,,,,4,cuda,torch,400,8,,7.42641,0.0760338,7.56247,0.00624932,4.38692,0.0444306,5.82068,0.00426351,30,0.682,0.937,2026-08-01T02:21:40,9124b27,2.13.0+cu130,gonzalo
43,0.8,inf,n3,normal,fixed30,75,1e-07,,,,4,cuda,torch,400,8,,9.01705,0.093399,15.105,0.0168554,4.72114,0.0479035,11.5793,0.0115866,30,0.677,0.937,2026-08-01T02:21:40,9124b27,2.13.0+cu130,gonzalo
43,0.8,40,n3,normal,fixed30,75,1e-07,,,,4,cuda,torch,400,8,,9.55573,0.0993913,15.105,0.0168554,5.05444,0.0516198,11.5793,0.0115866,30,0.677,0.937,2026-08-01T02:21:40,9124b27,2.13.0+cu130,gonzalo
43,0.8,20,n3,normal,fixed30,75,1e-07,,,,4,cuda,torch,400,8,,10.4113,0.108507,15.105,0.0168554,5.79953,0.0593712,11.5793,0.0115866,30,0.68,0.937,2026-08-01T02:21:40,9124b27,2.13.0+cu130,gonzalo
44,0.2,inf,n3,normal,fixed30,75,1e-07,,,,4,cuda,torch,400,8,,2.12918,0.021399,4.50777,0.00132028,0.935469,0.00935301,3.37794,0.000813472,30,0.669,0.937,2026-08-01T02:21:40,9124b27,2.13.0+cu130,gonzalo
44,0.2,40,n3,normal,fixed30,75,1e-07,,,,4,cuda,torch,400,8,,2.63516,0.0267266,4.50777,0.00132028,1.25194,0.0126049,3.37794,0.000813472,30,0.672,0.937,2026-08-01T02:21:40,9124b27,2.13.0+cu130,gonzalo
44,0.2,20,n3,normal,fixed30,75,1e-07,,,,4,cuda,torch,400,8,,4.71489,0.0480308,4.50777,0.00132028,2.95786,0.0298425,3.37794,0.000813472,30,0.674,0.937,2026-08-01T02:21:40,9124b27,2.13.0+cu130,gonzalo
44,0.4,inf,n3,normal,fixed30,75,1e-07,,,,4,cuda,torch,400,8,,4.37411,0.0440754,8.95706,0.00298618,1.94776,0.0194788,6.73641,0.00193499,30,0.674,0.937,2026-08-01T02:21:40,9124b27,2.13.0+cu130,gonzalo
44,0.4,40,n3,normal,fixed30,75,1e-07,,,,4,cuda,torch,400,8,,4.67445,0.0474639,8.95706,0.00298618,2.09592,0.0211401,6.73641,0.00193499,30,0.671,0.937,2026-08-01T02:21:40,9124b27,2.13.0+cu130,gonzalo
44,0.4,20,n3,normal,fixed30,75,1e-07,,,,4,cuda,torch,400,8,,5.9259,0.0609586,8.95706,0.00298618,3.32663,0.0337295,6.73641,0.00193499,30,0.677,0.937,2026-08-01T02:21:40,9124b27,2.13.0+cu130,gonzalo
44,0.8,inf,n3,normal,fixed30,75,1e-07,,,,4,cuda,torch,400,8,,10.0668,0.100336,17.6807,0.00903249,4.78389,0.0476797,13.3939,0.00741987,30,0.672,0.937,2026-08-01T02:21:40,9124b27,2.13.0+cu130,gonzalo
44,0.8,40,n3,normal,fixed30,75,1e-07,,,,4,cuda,torch,400,8,,10.2195,0.102479,17.6807,0.00903249,4.87565,0.0489019,13.3939,0.00741987,30,0.677,0.937,2026-08-01T02:21:40,9124b27,2.13.0+cu130,gonzalo
44,0.8,20,n3,normal,fixed30,75,1e-07,,,,4,cuda,torch,400,8,,10.67,0.108061,17.6807,0.00903249,5.33764,0.0539627,13.3939,0.00741987,30,0.673,0.937,2026-08-01T02:21:40,9124b27,2.13.0+cu130,gonzalo
45,0.2,inf,n3,normal,fixed30,75,1e-07,,,,4,cuda,torch,400,8,,2.8177,0.0286197,4.04669,0.0063691,1.51818,0.0153684,2.64661,0.00459715,30,0.671,0.937,2026-08-01T02:21:40,9124b27,2.13.0+cu130,gonzalo
45,0.2,40,n3,normal,fixed30,75,1e-07,,,,4,cuda,torch,400,8,,3.9683,0.0401703,4.04669,0.0063691,2.36667,0.0240124,2.64661,0.00459715,30,0.67,0.937,2026-08-01T02:21:40,9124b27,2.13.0+cu130,gonzalo
45,0.2,20,n3,normal,fixed30,75,1e-07,,,,4,cuda,torch,400,8,,6.61251,0.0662738,4.04669,0.0063691,4.26677,0.0431147,2.64661,0.00459715,30,0.672,0.937,2026-08-01T02:21:40,9124b27,2.13.0+cu130,gonzalo
45,0.4,inf,n3,normal,fixed30,75,1e-07,,,,4,cuda,torch,400,8,,5.34796,0.054461,8.24789,0.0168787,3.01829,0.030856,5.37812,0.0148678,30,0.671,0.937,2026-08-01T02:21:40,9124b27,2.13.0+cu130,gonzalo
45,0.4,40,n3,normal,fixed30,75,1e-07,,,,4,cuda,torch,400,8,,6.41856,0.0650904,8.24789,0.0168787,3.76061,0.0384067,5.37812,0.0148678,30,0.674,0.937,2026-08-01T02:21:40,9124b27,2.13.0+cu130,gonzalo
45,0.4,20,n3,normal,fixed30,75,1e-07,,,,4,cuda,torch,400,8,,8.69602,0.0875426,8.24789,0.0168787,5.30749,0.053828,5.37812,0.0148678,30,0.672,0.937,2026-08-01T02:21:40,9124b27,2.13.0+cu130,gonzalo
45,0.8,inf,n3,normal,fixed30,75,1e-07,,,,4,cuda,torch,400,8,,10.1199,0.104187,17.147,0.0882447,5.28825,0.0542992,11.1144,0.0981605,30,0.672,0.937,2026-08-01T02:21:40,9124b27,2.13.0+cu130,gonzalo
45,0.8,40,n3,normal,fixed30,75,1e-07,,,,4,cuda,torch,400,8,,10.8831,0.111842,17.147,0.0882447,5.83722,0.0598109,11.1144,0.0981605,30,0.673,0.937,2026-08-01T02:21:40,9124b27,2.13.0+cu130,gonzalo
45,0.8,20,n3,normal,fixed30,75,1e-07,,,,4,cuda,torch,400,8,,11.6518,0.119236,17.147,0.0882447,6.58112,0.0670643,11.1144,0.0981605,30,0.688,0.937,2026-08-01T02:21:40,9124b27,2.13.0+cu130,gonzalo
46,0.2,inf,n3,normal,fixed30,75,1e-07,,,,4,cuda,torch,400,8,,2.53208,0.0251355,4.3072,0.00275237,1.24258,0.0124976,3.68074,0.00243744,30,0.686,0.937,2026-08-01T02:21:40,9124b27,2.13.0+cu130,gonzalo
46,0.2,40,n3,normal,fixed30,75,1e-07,,,,4,cuda,torch,400,8,,3.04264,0.0309134,4.3072,0.00275237,1.89925,0.0193133,3.68074,0.00243744,30,0.687,0.937,2026-08-01T02:21:40,9124b27,2.13.0+cu130,gonzalo
46,0.2,20,n3,normal,fixed30,75,1e-07,,,,4,cuda,torch,400,8,,5.12557,0.0516127,4.3072,0.00275237,3.61913,0.036725,3.68074,0.00243744,30,0.685,0.937,2026-08-01T02:21:40,9124b27,2.13.0+cu130,gonzalo
46,0.4,inf,n3,normal,fixed30,75,1e-07,,,,4,cuda,torch,400,8,,5.11059,0.0513917,8.61703,0.00623034,2.80092,0.0286532,7.38038,0.00589358,30,0.689,0.937,2026-08-01T02:21:40,9124b27,2.13.0+cu130,gonzalo
46,0.4,40,n3,normal,fixed30,75,1e-07,,,,4,cuda,torch,400,8,,5.2927,0.053758,8.61703,0.00623034,3.22264,0.0331473,7.38038,0.00589358,30,0.688,0.937,2026-08-01T02:21:40,9124b27,2.13.0+cu130,gonzalo
46,0.4,20,n3,normal,fixed30,75,1e-07,,,,4,cuda,torch,400,8,,6.28967,0.0639553,8.61703,0.00623034,4.24903,0.0435529,7.38038,0.00589358,30,0.69,0.937,2026-08-01T02:21:40,9124b27,2.13.0+cu130,gonzalo
46,0.8,inf,n3,normal,fixed30,75,1e-07,,,,4,cuda,torch,400,8,,9.406,0.0933525,17.2483,0.0149582,4.92226,0.050719,14.8374,0.014944,30,0.688,0.937,2026-08-01T02:21:40,9124b27,2.13.0+cu130,gonzalo
46,0.8,40,n3,normal,fixed30,75,1e-07,,,,4,cuda,torch,400,8,,9.6386,0.0964953,17.2483,0.0149582,5.18636,0.0536509,14.8374,0.014944,30,0.691,0.937,2026-08-01T02:21:40,9124b27,2.13.0+cu130,gonzalo
46,0.8,20,n3,normal,fixed30,75,1e-07,,,,4,cuda,torch,400,8,,10.011,0.101235,17.2483,0.0149582,5.8125,0.0601717,14.8374,0.014944,30,0.689,0.937,2026-08-01T02:21:40,9124b27,2.13.0+cu130,gonzalo
47,0.2,inf,n3,normal,fixed30,75,1e-07,,,,4,cuda,torch,400,8,,2.80485,0.0284193,4.72858,0.00197282,1.09736,0.0110481,4.12257,0.00177876,30,0.665,0.937,2026-08-01T02:21:40,9124b27,2.13.0+cu130,gonzalo
47,0.2,40,n3,normal,fixed30,75,1e-07,,,,4,cuda,torch,400,8,,3.34061,0.0341097,4.72858,0.00197282,1.46766,0.0148366,4.12257,0.00177876,30,0.683,0.937,2026-08-01T02:21:40,9124b27,2.13.0+cu130,gonzalo
47,0.2,20,n3,normal,fixed30,75,1e-07,,,,4,cuda,torch,400,8,,5.6898,0.0577061,4.72858,0.00197282,3.35231,0.0336958,4.12257,0.00177876,30,0.687,0.937,2026-08-01T02:21:40,9124b27,2.13.0+cu130,gonzalo
47,0.4,inf,n3,normal,fixed30,75,1e-07,,,,4,cuda,torch,400,8,,6.05935,0.0625236,9.44689,0.00431821,2.53267,0.0257974,8.26273,0.00405887,30,0.687,0.937,2026-08-01T02:21:40,9124b27,2.13.0+cu130,gonzalo
47,0.4,40,n3,normal,fixed30,75,1e-07,,,,4,cuda,torch,400,8,,6.54103,0.0677268,9.44689,0.00431821,2.93612,0.029918,8.26273,0.00405887,30,0.689,0.937,2026-08-01T02:21:40,9124b27,2.13.0+cu130,gonzalo
47,0.4,20,n3,normal,fixed30,75,1e-07,,,,4,cuda,torch,400,8,,7.68787,0.0794434,9.44689,0.00431821,4.06814,0.0412462,8.26273,0.00405887,30,0.687,0.937,2026-08-01T02:21:40,9124b27,2.13.0+cu130,gonzalo
47,0.8,inf,n3,normal,fixed30,75,1e-07,,,,4,cuda,torch,400,8,,11.7708,0.12298,18.8436,0.0104026,6.31332,0.0654654,16.5911,0.0102983,30,0.685,0.937,2026-08-01T02:21:40,9124b27,2.13.0+cu130,gonzalo
47,0.8,40,n3,normal,fixed30,75,1e-07,,,,4,cuda,torch,400,8,,11.9959,0.125151,18.8436,0.0104026,6.54396,0.0678011,16.5911,0.0102983,30,0.684,0.937,2026-08-01T02:21:40,9124b27,2.13.0+cu130,gonzalo
47,0.8,20,n3,normal,fixed30,75,1e-07,,,,4,cuda,torch,400,8,,12.0884,0.125775,18.8436,0.0104026,6.81311,0.0704377,16.5911,0.0102983,30,0.689,0.937,2026-08-01T02:21:40,9124b27,2.13.0+cu130,gonzalo
48,0.2,inf,n3,normal,fixed30,75,1e-07,,,,4,cuda,torch,400,8,,1.43011,0.0143496,4.07237,0.00147086,0.550041,0.00550269,3.16706,0.000992605,30,0.687,0.937,2026-08-01T02:21:40,9124b27,2.13.0+cu130,gonzalo
48,0.2,40,n3,normal,fixed30,75,1e-07,,,,4,cuda,torch,400,8,,1.98514,0.0201312,4.07237,0.00147086,1.04757,0.0105609,3.16706,0.000992605,30,0.689,0.937,2026-08-01T02:21:40,9124b27,2.13.0+cu130,gonzalo
48,0.2,20,n3,normal,fixed30,75,1e-07,,,,4,cuda,torch,400,8,,4.58234,0.0461524,4.07237,0.00147086,3.04697,0.0306298,3.16706,0.000992605,30,0.684,0.937,2026-08-01T02:21:40,9124b27,2.13.0+cu130,gonzalo
48,0.4,inf,n3,normal,fixed30,75,1e-07,,,,4,cuda,torch,400,8,,3.5268,0.0358408,8.13322,0.00355238,1.4481,0.0146315,6.32722,0.00272656,30,0.686,0.937,2026-08-01T02:21:40,9124b27,2.13.0+cu130,gonzalo
48,0.4,40,n3,normal,fixed30,75,1e-07,,,,4,cuda,torch,400,8,,4.16651,0.0427014,8.13322,0.00355238,2.00651,0.020368,6.32722,0.00272656,30,0.693,0.937,2026-08-01T02:21:40,9124b27,2.13.0+cu130,gonzalo
48,0.4,20,n3,normal,fixed30,75,1e-07,,,,4,cuda,torch,400,8,,6.20417,0.0634226,8.13322,0.00355238,3.78061,0.038209,6.32722,0.00272656,30,0.684,0.937,2026-08-01T02:21:40,9124b27,2.13.0+cu130,gonzalo
48,0.8,inf,n3,normal,fixed30,75,1e-07,,,,4,cuda,torch,400,8,,8.77343,0.0911737,16.2274,0.0111524,4.16669,0.0427643,12.6273,0.00987981,30,0.676,0.937,2026-08-01T02:21:40,9124b27,2.13.0+cu130,gonzalo
48,0.8,40,n3,normal,fixed30,75,1e-07,,,,4,cuda,torch,400,8,,9.12568,0.0950319,16.2274,0.0111524,4.53826,0.0466213,12.6273,0.00987981,30,0.671,0.937,2026-08-01T02:21:40,9124b27,2.13.0+cu130,gonzalo
48,0.8,20,n3,normal,fixed30,75,1e-07,,,,4,cuda,torch,400,8,,9.61678,0.10024,16.2274,0.0111524,5.19222,0.0532739,12.6273,0.00987981,30,0.671,0.937,2026-08-01T02:21:40,9124b27,2.13.0+cu130,gonzalo
49,0.2,inf,n3,normal,fixed30,75,1e-07,,,,4,cuda,torch,400,8,,1.96205,0.0199774,3.88045,0.00343063,1.17047,0.0118788,2.94913,0.0026433,30,0.667,0.937,2026-08-01T02:21:40,9124b27,2.13.0+cu130,gonzalo
49,0.2,40,n3,normal,fixed30,75,1e-07,,,,4,cuda,torch,400,8,,2.86443,0.0291647,3.88045,0.00343063,1.90567,0.0193926,2.94913,0.0026433,30,0.678,0.937,2026-08-01T02:21:40,9124b27,2.13.0+cu130,gonzalo
49,0.2,20,n3,normal,fixed30,75,1e-07,,,,4,cuda,torch,400,8,,5.53344,0.0555573,3.88045,0.00343063,3.82751,0.0387915,2.94913,0.0026433,30,0.673,0.937,2026-08-01T02:21:40,9124b27,2.13.0+cu130,gonzalo
49,0.4,inf,n3,normal,fixed30,75,1e-07,,,,4,cuda,torch,400,8,,4.15994,0.0429018,7.95542,0.0063492,2.65039,0.0273376,6.01722,0.00406846,30,0.671,0.937,2026-08-01T02:21:40,9124b27,2.13.0+cu130,gonzalo
49,0.4,40,n3,normal,fixed30,75,1e-07,,,,4,cuda,torch,400,8,,4.72598,0.0485372,7.95542,0.0063492,3.12113,0.0321788,6.01722,0.00406846,30,0.685,0.937,2026-08-01T02:21:40,9124b27,2.13.0+cu130,gonzalo
49,0.4,20,n3,normal,fixed30,75,1e-07,,,,4,cuda,torch,400,8,,6.81203,0.0687844,7.95542,0.0063492,4.55918,0.0465385,6.01722,0.00406846,30,0.702,0.937,2026-08-01T02:21:40,9124b27,2.13.0+cu130,gonzalo
49,0.8,inf,n3,normal,fixed30,75,1e-07,,,,4,cuda,torch,400,8,,7.00443,0.073232,16.736,0.0223604,4.1312,0.0432816,12.5314,0.0212916,30,0.747,0.937,2026-08-01T02:21:40,9124b27,2.13.0+cu130,gonzalo
49,0.8,40,n3,normal,fixed30,75,1e-07,,,,4,cuda,torch,400,8,,7.50385,0.0783932,16.736,0.0223604,4.45569,0.0465651,12.5314,0.0212916,30,0.692,0.937,2026-08-01T02:21:40,9124b27,2.13.0+cu130,gonzalo
49,0.8,20,n3,normal,fixed30,75,1e-07,,,,4,cuda,torch,400,8,,8.74908,0.090713,16.736,0.0223604,5.34689,0.0553489,12.5314,0.0212916,30,0.707,0.937,2026-08-01T02:21:40,9124b27,2.13.0+cu130,gonzalo
50,0.2,inf,n3,normal,fixed30,75,1e-07,,,,4,cuda,torch,400,8,,2.01014,0.0199922,4.0376,0.00252961,0.869913,0.00869975,3.21733,0.00224777,30,0.725,0.937,2026-08-01T02:21:40,9124b27,2.13.0+cu130,gonzalo
50,0.2,40,n3,normal,fixed30,75,1e-07,,,,4,cuda,torch,400,8,,2.31955,0.023484,4.0376,0.00252961,1.32227,0.0133814,3.21733,0.00224777,30,0.697,0.937,2026-08-01T02:21:40,9124b27,2.13.0+cu130,gonzalo
50,0.2,20,n3,normal,fixed30,75,1e-07,,,,4,cuda,torch,400,8,,4.23037,0.0429257,4.0376,0.00252961,2.95396,0.0299425,3.21733,0.00224777,30,0.696,0.937,2026-08-01T02:21:40,9124b27,2.13.0+cu130,gonzalo
50,0.4,inf,n3,normal,fixed30,75,1e-07,,,,4,cuda,torch,400,8,,3.87653,0.038738,8.05919,0.00581902,1.90196,0.0192127,6.42421,0.0056145,30,0.698,0.937,2026-08-01T02:21:40,9124b27,2.13.0+cu130,gonzalo
50,0.4,40,n3,normal,fixed30,75,1e-07,,,,4,cuda,torch,400,8,,4.26089,0.0432892,8.05919,0.00581902,2.48528,0.025417,6.42421,0.0056145,30,0.74,0.937,2026-08-01T02:21:40,9124b27,2.13.0+cu130,gonzalo
50,0.4,20,n3,normal,fixed30,75,1e-07,,,,4,cuda,torch,400,8,,5.29925,0.0543362,8.05919,0.00581902,3.50746,0.0358888,6.42421,0.0056145,30,0.698,0.937,2026-08-01T02:21:40,9124b27,2.13.0+cu130,gonzalo
50,0.8,inf,n3,normal,fixed30,75,1e-07,,,,4,cuda,torch,400,8,,7.88634,0.0786911,16.0593,0.0150088,4.24505,0.043415,12.8079,0.0155459,30,0.695,0.937,2026-08-01T02:21:40,9124b27,2.13.0+cu130,gonzalo
50,0.8,40,n3,normal,fixed30,75,1e-07,,,,4,cuda,torch,400,8,,8.04503,0.0806187,16.0593,0.0150088,4.39118,0.0450136,12.8079,0.0155459,30,0.691,0.937,2026-08-01T02:21:40,9124b27,2.13.0+cu130,gonzalo
50,0.8,20,n3,normal,fixed30,75,1e-07,,,,4,cuda,torch,400,8,,8.34024,0.0842046,16.0593,0.0150088,4.75275,0.0488074,12.8079,0.0155459,30,0.697,0.937,2026-08-01T02:21:40,9124b27,2.13.0+cu130,gonzalo
1,0.2,inf,n3,normal,default,75,1e-07,,,,4,cuda,torch,400,8,,1.78961,0.0182589,3.9497,0.00479213,0.836957,0.00844957,2.80681,0.00448657,50,1.134,1.139,2026-08-01T02:21:40,9124b27,2.13.0+cu130,gonzalo
1,0.2,40,n3,normal,default,75,1e-07,,,,4,cuda,torch,400,8,,3.31598,0.033484,3.9497,0.00479213,2.06374,0.0208341,2.80681,0.00448657,50,1.144,1.139,2026-08-01T02:21:40,9124b27,2.13.0+cu130,gonzalo
1,0.2,20,n3,normal,default,75,1e-07,,,,4,cuda,torch,400,8,,7.77786,0.0782417,3.9497,0.00479213,4.94081,0.049891,2.80681,0.00448657,50,1.147,1.139,2026-08-01T02:21:40,9124b27,2.13.0+cu130,gonzalo
1,0.4,inf,n3,normal,default,75,1e-07,,,,4,cuda,torch,400,8,,3.46562,0.0352457,8.01912,0.0083344,1.83104,0.0185321,5.66111,0.00736837,50,1.147,1.139,2026-08-01T02:21:40,9124b27,2.13.0+cu130,gonzalo
1,0.4,40,n3,normal,default,75,1e-07,,,,4,cuda,torch,400,8,,5.15292,0.0521311,8.01912,0.0083344,3.07543,0.0311369,5.66111,0.00736837,50,1.109,1.139,2026-08-01T02:21:40,9124b27,2.13.0+cu130,gonzalo
1,0.4,20,n3,normal,default,75,1e-07,,,,4,cuda,torch,400,8,,9.0294,0.0908733,8.01912,0.0083344,5.58455,0.0563775,5.66111,0.00736837,50,1.114,1.139,2026-08-01T02:21:40,9124b27,2.13.0+cu130,gonzalo
1,0.8,inf,n3,normal,default,75,1e-07,,,,4,cuda,torch,400,8,,7.19571,0.0740532,16.5439,0.014373,3.72528,0.0378924,11.5177,0.0107413,50,1.106,1.139,2026-08-01T02:21:40,9124b27,2.13.0+cu130,gonzalo
1,0.8,40,n3,normal,default,75,1e-07,,,,4,cuda,torch,400,8,,8.53683,0.0877152,16.5439,0.014373,4.71355,0.0479056,11.5177,0.0107413,50,1.157,1.139,2026-08-01T02:21:40,9124b27,2.13.0+cu130,gonzalo
1,0.8,20,n3,normal,default,75,1e-07,,,,4,cuda,torch,400,8,,10.2802,0.105102,16.5439,0.014373,6.0314,0.061054,11.5177,0.0107413,50,1.156,1.139,2026-08-01T02:21:40,9124b27,2.13.0+cu130,gonzalo
2,0.2,inf,n3,normal,default,75,1e-07,,,,4,cuda,torch,400,8,,1.72557,0.017147,3.87511,0.00273464,0.729411,0.00730243,3.28263,0.00185466,50,1.395,1.139,2026-08-01T02:21:40,9124b27,2.13.0+cu130,gonzalo
2,0.2,40,n3,normal,default,75,1e-07,,,,4,cuda,torch,400,8,,2.73594,0.0277273,3.87511,0.00273464,1.69406,0.0171074,3.28263,0.00185466,50,1.252,1.139,2026-08-01T02:21:40,9124b27,2.13.0+cu130,gonzalo
2,0.2,20,n3,normal,default,75,1e-07,,,,4,cuda,torch,400,8,,7.40765,0.0745034,3.87511,0.00273464,4.78634,0.0483465,3.28263,0.00185466,50,1.156,1.139,2026-08-01T02:21:40,9124b27,2.13.0+cu130,gonzalo
2,0.4,inf,n3,normal,default,75,1e-07,,,,4,cuda,torch,400,8,,3.8628,0.0384596,7.6336,0.00623601,1.77081,0.0178169,6.49394,0.00474227,50,1.212,1.139,2026-08-01T02:21:40,9124b27,2.13.0+cu130,gonzalo
2,0.4,40,n3,normal,default,75,1e-07,,,,4,cuda,torch,400,8,,4.76456,0.0481624,7.6336,0.00623601,2.67272,0.0270869,6.49394,0.00474227,50,1.395,1.139,2026-08-01T02:21:40,9124b27,2.13.0+cu130,gonzalo
2,0.4,20,n3,normal,default,75,1e-07,,,,4,cuda,torch,400,8,,7.76883,0.0787616,7.6336,0.00623601,4.95616,0.0502487,6.49394,0.00474227,50,1.23,1.139,2026-08-01T02:21:40,9124b27,2.13.0+cu130,gonzalo
2,0.8,inf,n3,normal,default,75,1e-07,,,,4,cuda,torch,400,8,,7.67692,0.0770247,14.8258,0.0188542,3.86576,0.0392079,12.7108,0.0174539,50,1.237,1.139,2026-08-01T02:21:40,9124b27,2.13.0+cu130,gonzalo
2,0.8,40,n3,normal,default,75,1e-07,,,,4,cuda,torch,400,8,,8.33604,0.0842694,14.8258,0.0188542,4.45469,0.0453457,12.7108,0.0174539,50,1.195,1.139,2026-08-01T02:21:40,9124b27,2.13.0+cu130,gonzalo
2,0.8,20,n3,normal,default,75,1e-07,,,,4,cuda,torch,400,8,,9.34728,0.0953388,14.8258,0.0188542,5.44946,0.0555198,12.7108,0.0174539,50,1.209,1.139,2026-08-01T02:21:40,9124b27,2.13.0+cu130,gonzalo
3,0.2,inf,n3,normal,default,75,1e-07,,,,4,cuda,torch,400,8,,1.66457,0.0167661,3.96223,0.001591,0.702641,0.00706126,2.92538,0.00121479,50,1.259,1.139,2026-08-01T02:21:40,9124b27,2.13.0+cu130,gonzalo
3,0.2,40,n3,normal,default,75,1e-07,,,,4,cuda,torch,400,8,,2.67463,0.0270992,3.96223,0.001591,1.63138,0.0164653,2.92538,0.00121479,50,1.177,1.139,2026-08-01T02:21:40,9124b27,2.13.0+cu130,gonzalo
3,0.2,20,n3,normal,default,75,1e-07,,,,4,cuda,torch,400,8,,7.14377,0.0718017,3.96223,0.001591,4.62921,0.046783,2.92538,0.00121479,50,1.203,1.139,2026-08-01T02:21:40,9124b27,2.13.0+cu130,gonzalo
3,0.4,inf,n3,normal,default,75,1e-07,,,,4,cuda,torch,400,8,,3.167,0.0321368,8.00337,0.00308768,1.5131,0.0153217,5.87492,0.00213631,50,1.244,1.139,2026-08-01T02:21:40,9124b27,2.13.0+cu130,gonzalo
3,0.4,40,n3,normal,default,75,1e-07,,,,4,cuda,torch,400,8,,3.99847,0.0406486,8.00337,0.00308768,2.39787,0.0243254,5.87492,0.00213631,50,1.235,1.139,2026-08-01T02:21:40,9124b27,2.13.0+cu130,gonzalo
3,0.4,20,n3,normal,default,75,1e-07,,,,4,cuda,torch,400,8,,7.76992,0.078152,8.00337,0.00308768,5.00619,0.0506293,5.87492,0.00213631,50,1.236,1.139,2026-08-01T02:21:40,9124b27,2.13.0+cu130,gonzalo
3,0.8,inf,n3,normal,default,75,1e-07,,,,4,cuda,torch,400,8,,6.11309,0.0625201,16.3393,0.00715361,3.02805,0.0308649,11.8498,0.00503285,50,1.327,1.139,2026-08-01T02:21:40,9124b27,2.13.0+cu130,gonzalo
3,0.8,40,n3,normal,default,75,1e-07,,,,4,cuda,torch,400,8,,7.07103,0.0728865,16.3393,0.00715361,3.88573,0.0397393,11.8498,0.00503285,50,1.265,1.139,2026-08-01T02:21:40,9124b27,2.13.0+cu130,gonzalo
3,0.8,20,n3,normal,default,75,1e-07,,,,4,cuda,torch,400,8,,8.87885,0.0913117,16.3393,0.00715361,5.32715,0.054217,11.8498,0.00503285,50,1.265,1.139,2026-08-01T02:21:40,9124b27,2.13.0+cu130,gonzalo
4,0.2,inf,n3,normal,default,75,1e-07,,,,4,cuda,torch,400,8,,1.86052,0.0188145,4.78204,0.00301097,0.874761,0.00873681,3.64935,0.00229466,50,1.243,1.139,2026-08-01T02:21:40,9124b27,2.13.0+cu130,gonzalo
4,0.2,40,n3,normal,default,75,1e-07,,,,4,cuda,torch,400,8,,2.74826,0.0280298,4.78204,0.00301097,1.34477,0.0135451,3.64935,0.00229466,50,1.194,1.139,2026-08-01T02:21:40,9124b27,2.13.0+cu130,gonzalo
4,0.2,20,n3,normal,default,75,1e-07,,,,4,cuda,torch,400,8,,7.03317,0.0716915,4.78204,0.00301097,4.357,0.0439566,3.64935,0.00229466,50,1.163,1.139,2026-08-01T02:21:40,9124b27,2.13.0+cu130,gonzalo
4,0.4,inf,n3,normal,default,75,1e-07,,,,4,cuda,torch,400,8,,3.47119,0.0350826,9.53594,0.00774396,1.92954,0.0190632,7.282,0.00671299,50,1.238,1.139,2026-08-01T02:21:40,9124b27,2.13.0+cu130,gonzalo
4,0.4,40,n3,normal,default,75,1e-07,,,,4,cuda,torch,400,8,,4.09432,0.042,9.53594,0.00774396,2.0182,0.0203078,7.282,0.00671299,50,1.218,1.139,2026-08-01T02:21:40,9124b27,2.13.0+cu130,gonzalo
4,0.4,20,n3,normal,default,75,1e-07,,,,4,cuda,torch,400,8,,7.81161,0.0806499,9.53594,0.00774396,4.64443,0.0469502,7.282,0.00671299,50,1.197,1.139,2026-08-01T02:21:40,9124b27,2.13.0+cu130,gonzalo
4,0.8,inf,n3,normal,default,75,1e-07,,,,4,cuda,torch,400,8,,7.7271,0.0784947,18.9441,0.0310387,4.59,0.0448699,14.4923,0.0302869,50,1.363,1.139,2026-08-01T02:21:40,9124b27,2.13.0+cu130,gonzalo
4,0.8,40,n3,normal,default,75,1e-07,,,,4,cuda,torch,400,8,,8.22403,0.0848926,18.9441,0.0310387,4.20794,0.0421387,14.4923,0.0302869,50,1.202,1.139,2026-08-01T02:21:40,9124b27,2.13.0+cu130,gonzalo
4,0.8,20,n3,normal,default,75,1e-07,,,,4,cuda,torch,400,8,,9.73457,0.103032,18.9441,0.0310387,5.11396,0.0522054,14.4923,0.0302869,50,1.173,1.139,2026-08-01T02:21:40,9124b27,2.13.0+cu130,gonzalo
5,0.2,inf,n3,normal,default,75,1e-07,,,,4,cuda,torch,400,8,,2.18971,0.0220223,3.59851,0.0129451,0.899972,0.00904498,2.63017,0.0134565,50,1.297,1.139,2026-08-01T02:21:40,9124b27,2.13.0+cu130,gonzalo
5,0.2,40,n3,normal,default,75,1e-07,,,,4,cuda,torch,400,8,,2.30962,0.0235682,3.59851,0.0129451,1.43337,0.0144884,2.63017,0.0134565,50,1.312,1.139,2026-08-01T02:21:40,9124b27,2.13.0+cu130,gonzalo
5,0.2,20,n3,normal,default,75,1e-07,,,,4,cuda,torch,400,8,,6.73869,0.0675327,3.59851,0.0129451,4.48503,0.045298,2.63017,0.0134565,50,1.172,1.139,2026-08-01T02:21:40,9124b27,2.13.0+cu130,gonzalo
5,0.4,inf,n3,normal,default,75,1e-07,,,,4,cuda,torch,400,8,,3.72001,0.0371873,7.25264,0.0289317,1.54553,0.0155565,5.28404,0.0299439,50,1.316,1.139,2026-08-01T02:21:40,9124b27,2.13.0+cu130,gonzalo
5,0.4,40,n3,normal,default,75,1e-07,,,,4,cuda,torch,400,8,,3.54948,0.0361865,7.25264,0.0289317,1.92241,0.0195222,5.28404,0.0299439,50,1.199,1.139,2026-08-01T02:21:40,9124b27,2.13.0+cu130,gonzalo
5,0.4,20,n3,normal,default,75,1e-07,,,,4,cuda,torch,400,8,,6.33944,0.0635898,7.25264,0.0289317,4.32661,0.0438,5.28404,0.0299439,50,1.178,1.139,2026-08-01T02:21:40,9124b27,2.13.0+cu130,gonzalo
5,0.8,inf,n3,normal,default,75,1e-07,,,,4,cuda,torch,400,8,,5.99478,0.059741,14.7383,0.0709379,2.60825,0.0263955,10.6651,0.0724598,50,1.308,1.139,2026-08-01T02:21:40,9124b27,2.13.0+cu130,gonzalo
5,0.8,40,n3,normal,default,75,1e-07,,,,4,cuda,torch,400,8,,6.08227,0.0618164,14.7383,0.0709379,3.08521,0.0315451,10.6651,0.0724598,50,1.179,1.139,2026-08-01T02:21:40,9124b27,2.13.0+cu130,gonzalo
5,0.8,20,n3,normal,default,75,1e-07,,,,4,cuda,torch,400,8,,7.13656,0.0731725,14.7383,0.0709379,4.52943,0.0462509,10.6651,0.0724598,50,1.21,1.139,2026-08-01T02:21:40,9124b27,2.13.0+cu130,gonzalo
6,0.2,inf,n3,normal,default,75,1e-07,,,,4,cuda,torch,400,8,,1.71083,0.0173309,4.06629,0.00236199,0.732822,0.00735527,3.49629,0.00192267,50,1.202,1.139,2026-08-01T02:21:40,9124b27,2.13.0+cu130,gonzalo
6,0.2,40,n3,normal,default,75,1e-07,,,,4,cuda,torch,400,8,,2.78671,0.0284112,4.06629,0.00236199,1.39675,0.0140687,3.49629,0.00192267,50,1.229,1.139,2026-08-01T02:21:40,9124b27,2.13.0+cu130,gonzalo
6,0.2,20,n3,normal,default,75,1e-07,,,,4,cuda,torch,400,8,,6.91516,0.0701663,4.06629,0.00236199,4.2173,0.0425227,3.49629,0.00192267,50,1.17,1.139,2026-08-01T02:21:40,9124b27,2.13.0+cu130,gonzalo
6,0.4,inf,n3,normal,default,75,1e-07,,,,4,cuda,torch,400,8,,3.59419,0.0368444,8.07184,0.00492231,1.51891,0.0153231,6.96086,0.00401434,50,1.309,1.139,2026-08-01T02:21:40,9124b27,2.13.0+cu130,gonzalo
6,0.4,40,n3,normal,default,75,1e-07,,,,4,cuda,torch,400,8,,4.54819,0.0469763,8.07184,0.00492231,2.05639,0.0208497,6.96086,0.00401434,50,1.238,1.139,2026-08-01T02:21:40,9124b27,2.13.0+cu130,gonzalo
6,0.4,20,n3,normal,default,75,1e-07,,,,4,cuda,torch,400,8,,8.52017,0.0875426,8.07184,0.00492231,4.94034,0.0498446,6.96086,0.00401434,50,1.207,1.139,2026-08-01T02:21:40,9124b27,2.13.0+cu130,gonzalo
6,0.8,inf,n3,normal,default,75,1e-07,,,,4,cuda,torch,400,8,,8.26329,0.0869814,15.9113,0.011515,3.67968,0.0377049,13.797,0.00987448,50,1.223,1.139,2026-08-01T02:21:40,9124b27,2.13.0+cu130,gonzalo
6,0.8,40,n3,normal,default,75,1e-07,,,,4,cuda,torch,400,8,,9.30486,0.0982029,15.9113,0.011515,4.4011,0.0450784,13.797,0.00987448,50,1.227,1.139,2026-08-01T02:21:40,9124b27,2.13.0+cu130,gonzalo
6,0.8,20,n3,normal,default,75,1e-07,,,,4,cuda,torch,400,8,,10.9102,0.114884,15.9113,0.011515,5.75252,0.0585869,13.797,0.00987448,50,1.166,1.139,2026-08-01T02:21:40,9124b27,2.13.0+cu130,gonzalo
7,0.2,inf,n3,normal,default,75,1e-07,,,,4,cuda,torch,400,8,,1.76627,0.0180045,5.05801,0.00312917,0.761434,0.00766292,4.27706,0.00246918,50,1.249,1.139,2026-08-01T02:21:40,9124b27,2.13.0+cu130,gonzalo
7,0.2,40,n3,normal,default,75,1e-07,,,,4,cuda,torch,400,8,,3.06614,0.0313539,5.05801,0.00312917,1.66912,0.0168594,4.27706,0.00246918,50,1.173,1.139,2026-08-01T02:21:40,9124b27,2.13.0+cu130,gonzalo
7,0.2,20,n3,normal,default,75,1e-07,,,,4,cuda,torch,400,8,,7.36759,0.0748754,5.05801,0.00312917,4.56291,0.0461328,4.27706,0.00246918,50,1.203,1.139,2026-08-01T02:21:40,9124b27,2.13.0+cu130,gonzalo
7,0.4,inf,n3,normal,default,75,1e-07,,,,4,cuda,torch,400,8,,3.59153,0.0371673,10.1879,0.00663565,1.57554,0.015964,8.59942,0.00565098,50,1.245,1.139,2026-08-01T02:21:40,9124b27,2.13.0+cu130,gonzalo
7,0.4,40,n3,normal,default,75,1e-07,,,,4,cuda,torch,400,8,,4.69617,0.0486368,10.1879,0.00663565,2.43764,0.0247512,8.59942,0.00565098,50,1.219,1.139,2026-08-01T02:21:40,9124b27,2.13.0+cu130,gonzalo
7,0.4,20,n3,normal,default,75,1e-07,,,,4,cuda,torch,400,8,,8.29001,0.0849072,10.1879,0.00663565,5.00522,0.0506841,8.59942,0.00565098,50,1.254,1.139,2026-08-01T02:21:40,9124b27,2.13.0+cu130,gonzalo
7,0.8,inf,n3,normal,default,75,1e-07,,,,4,cuda,torch,400,8,,7.67937,0.0812316,20.6432,0.0154814,3.9112,0.0401134,17.3717,0.0139716,50,1.186,1.139,2026-08-01T02:21:40,9124b27,2.13.0+cu130,gonzalo
7,0.8,40,n3,normal,default,75,1e-07,,,,4,cuda,torch,400,8,,8.50772,0.0898289,20.6432,0.0154814,4.59767,0.0471206,17.3717,0.0139716,50,1.244,1.139,2026-08-01T02:21:40,9124b27,2.13.0+cu130,gonzalo
7,0.8,20,n3,normal,default,75,1e-07,,,,4,cuda,torch,400,8,,9.68738,0.10186,20.6432,0.0154814,5.623,0.0574075,17.3717,0.0139716,50,1.264,1.139,2026-08-01T02:21:40,9124b27,2.13.0+cu130,gonzalo
8,0.2,inf,n3,normal,default,75,1e-07,,,,4,cuda,torch,400,8,,1.67399,0.0170266,4.18503,0.00217594,0.754808,0.00756905,3.35071,0.00130623,50,1.225,1.139,2026-08-01T02:21:40,9124b27,2.13.0+cu130,gonzalo
8,0.2,40,n3,normal,default,75,1e-07,,,,4,cuda,torch,400,8,,2.78226,0.0284333,4.18503,0.00217594,1.41041,0.0142276,3.35071,0.00130623,50,1.275,1.139,2026-08-01T02:21:40,9124b27,2.13.0+cu130,gonzalo
8,0.2,20,n3,normal,default,75,1e-07,,,,4,cuda,torch,400,8,,7.55001,0.0768057,4.18503,0.00217594,4.5953,0.0463728,3.35071,0.00130623,50,1.248,1.139,2026-08-01T02:21:40,9124b27,2.13.0+cu130,gonzalo
8,0.4,inf,n3,normal,default,75,1e-07,,,,4,cuda,torch,400,8,,3.06706,0.0313741,8.39204,0.00468117,1.42772,0.0143021,6.70955,0.00318396,50,1.268,1.139,2026-08-01T02:21:40,9124b27,2.13.0+cu130,gonzalo
8,0.4,40,n3,normal,default,75,1e-07,,,,4,cuda,torch,400,8,,4.14334,0.0428418,8.39204,0.00468117,2.01506,0.0204045,6.70955,0.00318396,50,1.346,1.139,2026-08-01T02:21:40,9124b27,2.13.0+cu130,gonzalo
8,0.4,20,n3,normal,default,75,1e-07,,,,4,cuda,torch,400,8,,7.9656,0.0817401,8.39204,0.00468117,4.69264,0.0474093,6.70955,0.00318396,50,1.322,1.139,2026-08-01T02:21:40,9124b27,2.13.0+cu130,gonzalo
8,0.8,inf,n3,normal,default,75,1e-07,,,,4,cuda,torch,400,8,,6.28491,0.0650662,16.8781,0.0116011,3.13804,0.031395,13.4553,0.00958733,50,1.275,1.139,2026-08-01T02:21:40,9124b27,2.13.0+cu130,gonzalo
8,0.8,40,n3,normal,default,75,1e-07,,,,4,cuda,torch,400,8,,6.81837,0.071251,16.8781,0.0116011,3.33884,0.0338152,13.4553,0.00958733,50,1.228,1.139,2026-08-01T02:21:40,9124b27,2.13.0+cu130,gonzalo
8,0.8,20,n3,normal,default,75,1e-07,,,,4,cuda,torch,400,8,,8.46279,0.0890868,16.8781,0.0116011,4.5546,0.0464346,13.4553,0.00958733,50,1.298,1.139,2026-08-01T02:21:40,9124b27,2.13.0+cu130,gonzalo
9,0.2,inf,n3,normal,default,75,1e-07,,,,4,cuda,torch,400,8,,2.22124,0.0225358,5.10647,0.00625156,0.915526,0.00922293,4.26559,0.00622246,50,1.225,1.139,2026-08-01T02:21:40,9124b27,2.13.0+cu130,gonzalo
9,0.2,40,n3,normal,default,75,1e-07,,,,4,cuda,torch,400,8,,3.4659,0.0352797,5.10647,0.00625156,1.87358,0.0188982,4.26559,0.00622246,50,1.193,1.139,2026-08-01T02:21:40,9124b27,2.13.0+cu130,gonzalo
9,0.2,20,n3,normal,default,75,1e-07,,,,4,cuda,torch,400,8,,8.02849,0.0810902,5.10647,0.00625156,4.98003,0.0502312,4.26559,0.00622246,50,1.152,1.139,2026-08-01T02:21:40,9124b27,2.13.0+cu130,gonzalo
9,0.4,inf,n3,normal,default,75,1e-07,,,,4,cuda,torch,400,8,,5.72083,0.0591904,10.3212,0.0156022,2.90538,0.0295068,8.62854,0.0160915,50,1.343,1.139,2026-08-01T02:21:40,9124b27,2.13.0+cu130,gonzalo
9,0.4,40,n3,normal,default,75,1e-07,,,,4,cuda,torch,400,8,,7.27783,0.0749982,10.3212,0.0156022,4.08092,0.0413717,8.62854,0.0160915,50,1.188,1.139,2026-08-01T02:21:40,9124b27,2.13.0+cu130,gonzalo
9,0.4,20,n3,normal,default,75,1e-07,,,,4,cuda,torch,400,8,,9.59282,0.0981636,10.3212,0.0156022,5.77579,0.0583597,8.62854,0.0160915,50,1.151,1.139,2026-08-01T02:21:40,9124b27,2.13.0+cu130,gonzalo
9,0.8,inf,n3,normal,default,75,1e-07,,,,4,cuda,torch,400,8,,10.0827,0.107484,21.0496,0.0420231,5.17281,0.0530531,17.644,0.04379,50,1.219,1.139,2026-08-01T02:21:40,9124b27,2.13.0+cu130,gonzalo
9,0.8,40,n3,normal,default,75,1e-07,,,,4,cuda,torch,400,8,,10.7308,0.114105,21.0496,0.0420231,5.78087,0.0591801,17.644,0.04379,50,1.238,1.139,2026-08-01T02:21:40,9124b27,2.13.0+cu130,gonzalo
9,0.8,20,n3,normal,default,75,1e-07,,,,4,cuda,torch,400,8,,11.1046,0.117631,21.0496,0.0420231,6.36179,0.0649556,17.644,0.04379,50,1.26,1.139,2026-08-01T02:21:40,9124b27,2.13.0+cu130,gonzalo
10,0.2,inf,n3,normal,default,75,1e-07,,,,4,cuda,torch,400,8,,1.68139,0.016543,4.29961,0.00355008,0.740904,0.00736826,3.72893,0.0032509,50,1.241,1.139,2026-08-01T02:21:40,9124b27,2.13.0+cu130,gonzalo
10,0.2,40,n3,normal,default,75,1e-07,,,,4,cuda,torch,400,8,,2.37987,0.0241077,4.29961,0.00355008,1.5679,0.0158377,3.72893,0.0032509,50,1.213,1.139,2026-08-01T02:21:40,9124b27,2.13.0+cu130,gonzalo
10,0.2,20,n3,normal,default,75,1e-07,,,,4,cuda,torch,400,8,,6.66084,0.0671839,4.29961,0.00355008,4.38923,0.0444231,3.72893,0.0032509,50,1.153,1.139,2026-08-01T02:21:40,9124b27,2.13.0+cu130,gonzalo
10,0.4,inf,n3,normal,default,75,1e-07,,,,4,cuda,torch,400,8,,3.17377,0.0318749,8.6009,0.00686183,1.64847,0.0166369,7.43999,0.00585708,50,1.232,1.139,2026-08-01T02:21:40,9124b27,2.13.0+cu130,gonzalo
10,0.4,40,n3,normal,default,75,1e-07,,,,4,cuda,torch,400,8,,4.08216,0.0415693,8.6009,0.00686183,2.65218,0.0269844,7.43999,0.00585708,50,1.259,1.139,2026-08-01T02:21:40,9124b27,2.13.0+cu130,gonzalo
10,0.4,20,n3,normal,default,75,1e-07,,,,4,cuda,torch,400,8,,7.00617,0.0708322,8.6009,0.00686183,4.64683,0.0471514,7.43999,0.00585708,50,1.197,1.139,2026-08-01T02:21:40,9124b27,2.13.0+cu130,gonzalo
10,0.8,inf,n3,normal,default,75,1e-07,,,,4,cuda,torch,400,8,,6.26617,0.0631632,17.2108,0.0134552,3.51021,0.0358504,14.8099,0.00995171,50,1.196,1.139,2026-08-01T02:21:40,9124b27,2.13.0+cu130,gonzalo
10,0.8,40,n3,normal,default,75,1e-07,,,,4,cuda,torch,400,8,,6.86396,0.0698059,17.2108,0.0134552,4.05105,0.0415057,14.8099,0.00995171,50,1.194,1.139,2026-08-01T02:21:40,9124b27,2.13.0+cu130,gonzalo
10,0.8,20,n3,normal,default,75,1e-07,,,,4,cuda,torch,400,8,,8.16441,0.0834164,17.2108,0.0134552,5.20246,0.0531729,14.8099,0.00995171,50,1.155,1.139,2026-08-01T02:21:40,9124b27,2.13.0+cu130,gonzalo
11,0.2,inf,n3,normal,default,75,1e-07,,,,4,cuda,torch,400,8,,0.932629,0.0092707,4.13092,0.00249512,0.379489,0.00378263,3.25046,0.00198902,50,1.194,1.139,2026-08-01T02:21:40,9124b27,2.13.0+cu130,gonzalo
11,0.2,40,n3,normal,default,75,1e-07,,,,4,cuda,torch,400,8,,1.7328,0.0174853,4.13092,0.00249512,1.08771,0.0109313,3.25046,0.00198902,50,1.188,1.139,2026-08-01T02:21:40,9124b27,2.13.0+cu130,gonzalo
11,0.2,20,n3,normal,default,75,1e-07,,,,4,cuda,torch,400,8,,6.26953,0.0633651,4.13092,0.00249512,4.02882,0.0406739,3.25046,0.00198902,50,1.268,1.139,2026-08-01T02:21:40,9124b27,2.13.0+cu130,gonzalo
11,0.4,inf,n3,normal,default,75,1e-07,,,,4,cuda,torch,400,8,,2.13167,0.0211552,8.14426,0.00511966,0.834786,0.00832931,6.441,0.00393651,50,1.18,1.139,2026-08-01T02:21:40,9124b27,2.13.0+cu130,gonzalo
11,0.4,40,n3,normal,default,75,1e-07,,,,4,cuda,torch,400,8,,3.04107,0.0308599,8.14426,0.00511966,1.63129,0.0164794,6.441,0.00393651,50,1.123,1.139,2026-08-01T02:21:40,9124b27,2.13.0+cu130,gonzalo
11,0.4,20,n3,normal,default,75,1e-07,,,,4,cuda,torch,400,8,,7.08767,0.0721176,8.14426,0.00511966,4.44982,0.044968,6.441,0.00393651,50,1.156,1.139,2026-08-01T02:21:40,9124b27,2.13.0+cu130,gonzalo
11,0.8,inf,n3,normal,default,75,1e-07,,,,4,cuda,torch,400,8,,6.17974,0.0629357,15.8344,0.0134185,2.74838,0.027892,12.6463,0.0103901,50,1.155,1.139,2026-08-01T02:21:40,9124b27,2.13.0+cu130,gonzalo
11,0.8,40,n3,normal,default,75,1e-07,,,,4,cuda,torch,400,8,,7.06159,0.0726035,15.8344,0.0134185,3.54093,0.0361018,12.6463,0.0103901,50,1.152,1.139,2026-08-01T02:21:40,9124b27,2.13.0+cu130,gonzalo
11,0.8,20,n3,normal,default,75,1e-07,,,,4,cuda,torch,400,8,,8.87066,0.0920331,15.8344,0.0134185,5.00196,0.0509484,12.6463,0.0103901,50,1.147,1.139,2026-08-01T02:21:40,9124b27,2.13.0+cu130,gonzalo
12,0.2,inf,n3,normal,default,75,1e-07,,,,4,cuda,torch,400,8,,1.73156,0.0176352,4.05114,0.00385829,0.808689,0.00814556,3.24863,0.00302982,50,1.15,1.139,2026-08-01T02:21:40,9124b27,2.13.0+cu130,gonzalo
12,0.2,40,n3,normal,default,75,1e-07,,,,4,cuda,torch,400,8,,3.69376,0.0376711,4.05114,0.00385829,2.10567,0.021301,3.24863,0.00302982,50,1.149,1.139,2026-08-01T02:21:40,9124b27,2.13.0+cu130,gonzalo
12,0.2,20,n3,normal,default,75,1e-07,,,,4,cuda,torch,400,8,,7.93325,0.0805817,4.05114,0.00385829,4.90918,0.0496937,3.24863,0.00302982,50,1.148,1.139,2026-08-01T02:21:40,9124b27,2.13.0+cu130,gonzalo
12,0.4,inf,n3,normal,default,75,1e-07,,,,4,cuda,torch,400,8,,3.90721,0.0402911,8.20754,0.00696482,1.9183,0.0194284,6.54936,0.00432617,50,1.15,1.139,2026-08-01T02:21:40,9124b27,2.13.0+cu130,gonzalo
12,0.4,40,n3,normal,default,75,1e-07,,,,4,cuda,torch,400,8,,6.12765,0.0629604,8.20754,0.00696482,3.47734,0.0353386,6.54936,0.00432617,50,1.144,1.139,2026-08-01T02:21:40,9124b27,2.13.0+cu130,gonzalo
12,0.4,20,n3,normal,default,75,1e-07,,,,4,cuda,torch,400,8,,9.25649,0.09447,8.20754,0.00696482,5.57579,0.0565465,6.54936,0.00432617,50,1.154,1.139,2026-08-01T02:21:40,9124b27,2.13.0+cu130,gonzalo
12,0.8,inf,n3,normal,default,75,1e-07,,,,4,cuda,torch,400,8,,7.6057,0.078906,16.8609,0.0255927,4.10574,0.0419849,13.3153,0.0231804,50,1.152,1.139,2026-08-01T02:21:40,9124b27,2.13.0+cu130,gonzalo
12,0.8,40,n3,normal,default,75,1e-07,,,,4,cuda,torch,400,8,,8.9112,0.0922387,16.8609,0.0255927,4.94267,0.05055,13.3153,0.0231804,50,1.143,1.139,2026-08-01T02:21:40,9124b27,2.13.0+cu130,gonzalo
12,0.8,20,n3,normal,default,75,1e-07,,,,4,cuda,torch,400,8,,10.5579,0.108763,16.8609,0.0255927,6.18506,0.0630042,13.3153,0.0231804,50,1.15,1.139,2026-08-01T02:21:40,9124b27,2.13.0+cu130,gonzalo
13,0.2,inf,n3,normal,default,75,1e-07,,,,4,cuda,torch,400,8,,1.27734,0.0129142,4.05033,0.00298108,0.529031,0.00530911,3.34827,0.0022011,50,1.144,1.139,2026-08-01T02:21:40,9124b27,2.13.0+cu130,gonzalo
13,0.2,40,n3,normal,default,75,1e-07,,,,4,cuda,torch,400,8,,2.68923,0.0273188,4.05033,0.00298108,1.53985,0.0155401,3.34827,0.0022011,50,1.148,1.139,2026-08-01T02:21:40,9124b27,2.13.0+cu130,gonzalo
13,0.2,20,n3,normal,default,75,1e-07,,,,4,cuda,torch,400,8,,7.29066,0.0739235,4.05033,0.00298108,4.62317,0.0466844,3.34827,0.0022011,50,1.15,1.139,2026-08-01T02:21:40,9124b27,2.13.0+cu130,gonzalo
13,0.4,inf,n3,normal,default,75,1e-07,,,,4,cuda,torch,400,8,,2.75772,0.0282667,8.10184,0.00584614,1.2299,0.0124377,6.70213,0.00394054,50,1.261,1.139,2026-08-01T02:21:40,9124b27,2.13.0+cu130,gonzalo
13,0.4,40,n3,normal,default,75,1e-07,,,,4,cuda,torch,400,8,,4.36865,0.0449782,8.10184,0.00584614,2.33074,0.0236593,6.70213,0.00394054,50,1.26,1.139,2026-08-01T02:21:40,9124b27,2.13.0+cu130,gonzalo
13,0.4,20,n3,normal,default,75,1e-07,,,,4,cuda,torch,400,8,,7.55285,0.0772135,8.10184,0.00584614,4.66976,0.0472604,6.70213,0.00394054,50,1.123,1.139,2026-08-01T02:21:40,9124b27,2.13.0+cu130,gonzalo
13,0.8,inf,n3,normal,default,75,1e-07,,,,4,cuda,torch,400,8,,6.03038,0.06264,16.2094,0.0131298,2.93187,0.0299399,13.4247,0.00849386,50,1.113,1.139,2026-08-01T02:21:40,9124b27,2.13.0+cu130,gonzalo
13,0.8,40,n3,normal,default,75,1e-07,,,,4,cuda,torch,400,8,,6.804,0.0707537,16.2094,0.0131298,3.59302,0.0367483,13.4247,0.00849386,50,1.132,1.139,2026-08-01T02:21:40,9124b27,2.13.0+cu130,gonzalo
13,0.8,20,n3,normal,default,75,1e-07,,,,4,cuda,torch,400,8,,8.42184,0.0874677,16.2094,0.0131298,4.9355,0.0502624,13.4247,0.00849386,50,1.201,1.139,2026-08-01T02:21:40,9124b27,2.13.0+cu130,gonzalo
14,0.2,inf,n3,normal,default,75,1e-07,,,,4,cuda,torch,400,8,,2.36481,0.0233176,4.54633,0.00229305,1.0076,0.0100595,3.80653,0.00201862,50,1.243,1.139,2026-08-01T02:21:40,9124b27,2.13.0+cu130,gonzalo
14,0.2,40,n3,normal,default,75,1e-07,,,,4,cuda,torch,400,8,,2.59301,0.026266,4.54633,0.00229305,1.68108,0.0170361,3.80653,0.00201862,50,1.252,1.139,2026-08-01T02:21:40,9124b27,2.13.0+cu130,gonzalo
14,0.2,20,n3,normal,default,75,1e-07,,,,4,cuda,torch,400,8,,6.25343,0.0627805,4.54633,0.00229305,4.27584,0.0432956,3.80653,0.00201862,50,1.205,1.139,2026-08-01T02:21:40,9124b27,2.13.0+cu130,gonzalo
14,0.4,inf,n3,normal,default,75,1e-07,,,,4,cuda,torch,400,8,,4.23958,0.0421064,9.00622,0.00476783,2.08838,0.0211014,7.57758,0.00421876,50,1.22,1.139,2026-08-01T02:21:40,9124b27,2.13.0+cu130,gonzalo
14,0.4,40,n3,normal,default,75,1e-07,,,,4,cuda,torch,400,8,,4.3084,0.0435611,9.00622,0.00476783,2.71866,0.0277894,7.57758,0.00421876,50,1.212,1.139,2026-08-01T02:21:40,9124b27,2.13.0+cu130,gonzalo
14,0.4,20,n3,normal,default,75,1e-07,,,,4,cuda,torch,400,8,,6.45114,0.0649995,9.00622,0.00476783,4.52205,0.0460289,7.57758,0.00421876,50,1.281,1.139,2026-08-01T02:21:40,9124b27,2.13.0+cu130,gonzalo
14,0.8,inf,n3,normal,default,75,1e-07,,,,4,cuda,torch,400,8,,7.53933,0.0732355,17.6734,0.013065,3.79424,0.0384832,15.0144,0.012035,50,1.364,1.139,2026-08-01T02:21:40,9124b27,2.13.0+cu130,gonzalo
14,0.8,40,n3,normal,default,75,1e-07,,,,4,cuda,torch,400,8,,7.67097,0.0756013,17.6734,0.013065,4.14236,0.0424332,15.0144,0.012035,50,1.27,1.139,2026-08-01T02:21:40,9124b27,2.13.0+cu130,gonzalo
14,0.8,20,n3,normal,default,75,1e-07,,,,4,cuda,torch,400,8,,8.26117,0.0831702,17.6734,0.013065,4.99615,0.0513732,15.0144,0.012035,50,1.286,1.139,2026-08-01T02:21:40,9124b27,2.13.0+cu130,gonzalo
15,0.2,inf,n3,normal,default,75,1e-07,,,,4,cuda,torch,400,8,,1.76732,0.0181432,3.96115,0.00276719,0.731785,0.00737857,3.37665,0.00160738,50,1.214,1.139,2026-08-01T02:21:40,9124b27,2.13.0+cu130,gonzalo
15,0.2,40,n3,normal,default,75,1e-07,,,,4,cuda,torch,400,8,,3.22449,0.0329931,3.96115,0.00276719,1.70462,0.0171973,3.37665,0.00160738,50,1.297,1.139,2026-08-01T02:21:40,9124b27,2.13.0+cu130,gonzalo
15,0.2,20,n3,normal,default,75,1e-07,,,,4,cuda,torch,400,8,,7.75912,0.0789642,3.96115,0.00276719,4.69766,0.0474587,3.37665,0.00160738,50,1.253,1.139,2026-08-01T02:21:40,9124b27,2.13.0+cu130,gonzalo
15,0.4,inf,n3,normal,default,75,1e-07,,,,4,cuda,torch,400,8,,3.46226,0.0359608,8.11356,0.00647506,1.51605,0.0153587,6.86777,0.00395029,50,1.312,1.139,2026-08-01T02:21:40,9124b27,2.13.0+cu130,gonzalo
15,0.4,40,n3,normal,default,75,1e-07,,,,4,cuda,torch,400,8,,4.88876,0.0505617,8.11356,0.00647506,2.48085,0.0251482,6.86777,0.00395029,50,1.302,1.139,2026-08-01T02:21:40,9124b27,2.13.0+cu130,gonzalo
15,0.4,20,n3,normal,default,75,1e-07,,,,4,cuda,torch,400,8,,8.66287,0.0886376,8.11356,0.00647506,5.09551,0.0515121,6.86777,0.00395029,50,1.195,1.139,2026-08-01T02:21:40,9124b27,2.13.0+cu130,gonzalo
15,0.8,inf,n3,normal,default,75,1e-07,,,,4,cuda,torch,400,8,,7.44598,0.0782272,17.0432,0.0238363,3.61116,0.0367788,14.2117,0.0218891,50,1.295,1.139,2026-08-01T02:21:40,9124b27,2.13.0+cu130,gonzalo
15,0.8,40,n3,normal,default,75,1e-07,,,,4,cuda,torch,400,8,,8.66294,0.0906016,17.0432,0.0238363,4.53278,0.0461251,14.2117,0.0218891,50,1.254,1.139,2026-08-01T02:21:40,9124b27,2.13.0+cu130,gonzalo
15,0.8,20,n3,normal,default,75,1e-07,,,,4,cuda,torch,400,8,,10.4393,0.108431,17.0432,0.0238363,5.9801,0.0605818,14.2117,0.0218891,50,1.264,1.139,2026-08-01T02:21:40,9124b27,2.13.0+cu130,gonzalo
16,0.2,inf,n3,normal,default,75,1e-07,,,,4,cuda,torch,400,8,,1.97919,0.0200885,3.66474,0.00796446,1.01051,0.010167,2.81934,0.00685194,50,1.263,1.139,2026-08-01T02:21:40,9124b27,2.13.0+cu130,gonzalo
16,0.2,40,n3,normal,default,75,1e-07,,,,4,cuda,torch,400,8,,4.31334,0.0438285,3.66474,0.00796446,2.50355,0.0253092,2.81934,0.00685194,50,1.245,1.139,2026-08-01T02:21:40,9124b27,2.13.0+cu130,gonzalo
16,0.2,20,n3,normal,default,75,1e-07,,,,4,cuda,torch,400,8,,8.88467,0.0899073,3.66474,0.00796446,5.40398,0.0545897,2.81934,0.00685194,49,1.189,1.139,2026-08-01T02:21:40,9124b27,2.13.0+cu130,gonzalo
16,0.4,inf,n3,normal,default,75,1e-07,,,,4,cuda,torch,400,8,,5.15737,0.0525773,7.39708,0.0132142,2.71605,0.0274755,5.67719,0.00875658,50,1.278,1.139,2026-08-01T02:21:40,9124b27,2.13.0+cu130,gonzalo
16,0.4,40,n3,normal,default,75,1e-07,,,,4,cuda,torch,400,8,,7.4785,0.0760657,7.39708,0.0132142,4.22651,0.0428459,5.67719,0.00875658,50,1.234,1.139,2026-08-01T02:21:40,9124b27,2.13.0+cu130,gonzalo
16,0.4,20,n3,normal,default,75,1e-07,,,,4,cuda,torch,400,8,,10.7903,0.109253,7.39708,0.0132142,6.38163,0.0644499,5.67719,0.00875658,50,1.189,1.139,2026-08-01T02:21:40,9124b27,2.13.0+cu130,gonzalo
16,0.8,inf,n3,normal,default,75,1e-07,,,,4,cuda,torch,400,8,,9.87267,0.101048,15.0828,0.0675446,5.19312,0.0527395,11.5137,0.0726314,50,1.206,1.139,2026-08-01T02:21:40,9124b27,2.13.0+cu130,gonzalo
16,0.8,40,n3,normal,default,75,1e-07,,,,4,cuda,torch,400,8,,11.2143,0.114703,15.0828,0.0675446,6.06054,0.061555,11.5137,0.0726314,50,1.161,1.139,2026-08-01T02:21:40,9124b27,2.13.0+cu130,gonzalo
16,0.8,20,n3,normal,default,75,1e-07,,,,4,cuda,torch,400,8,,12.5011,0.127448,15.0828,0.0675446,7.08676,0.0717443,11.5137,0.0726314,50,1.174,1.139,2026-08-01T02:21:40,9124b27,2.13.0+cu130,gonzalo
17,0.2,inf,n3,normal,default,75,1e-07,,,,4,cuda,torch,400,8,,1.89611,0.0191824,4.52768,0.00280336,0.730228,0.0073476,3.90114,0.00269,50,1.156,1.139,2026-08-01T02:21:40,9124b27,2.13.0+cu130,gonzalo
17,0.2,40,n3,normal,default,75,1e-07,,,,4,cuda,torch,400,8,,3.03166,0.0309444,4.52768,0.00280336,1.53324,0.015452,3.90114,0.00269,50,1.158,1.139,2026-08-01T02:21:40,9124b27,2.13.0+cu130,gonzalo
17,0.2,20,n3,normal,default,75,1e-07,,,,4,cuda,torch,400,8,,7.32093,0.074141,4.52768,0.00280336,4.49577,0.0453461,3.90114,0.00269,50,1.162,1.139,2026-08-01T02:21:40,9124b27,2.13.0+cu130,gonzalo
17,0.4,inf,n3,normal,default,75,1e-07,,,,4,cuda,torch,400,8,,4.51884,0.0467303,9.08495,0.00610093,1.93379,0.0196778,7.84108,0.00587901,50,1.166,1.139,2026-08-01T02:21:40,9124b27,2.13.0+cu130,gonzalo
17,0.4,40,n3,normal,default,75,1e-07,,,,4,cuda,torch,400,8,,5.6239,0.0582262,9.08495,0.00610093,2.79043,0.0283183,7.84108,0.00587901,50,1.169,1.139,2026-08-01T02:21:40,9124b27,2.13.0+cu130,gonzalo
17,0.4,20,n3,normal,default,75,1e-07,,,,4,cuda,torch,400,8,,8.26141,0.084674,9.08495,0.00610093,4.83321,0.0488257,7.84108,0.00587901,50,1.157,1.139,2026-08-01T02:21:40,9124b27,2.13.0+cu130,gonzalo
17,0.8,inf,n3,normal,default,75,1e-07,,,,4,cuda,torch,400,8,,8.76645,0.0926524,18.2849,0.0144151,4.04561,0.0415551,15.8389,0.0138501,50,1.186,1.139,2026-08-01T02:21:40,9124b27,2.13.0+cu130,gonzalo
17,0.8,40,n3,normal,default,75,1e-07,,,,4,cuda,torch,400,8,,9.74199,0.103071,18.2849,0.0144151,4.79176,0.0491452,15.8389,0.0138501,50,1.201,1.139,2026-08-01T02:21:40,9124b27,2.13.0+cu130,gonzalo
17,0.8,20,n3,normal,default,75,1e-07,,,,4,cuda,torch,400,8,,10.4705,0.110447,18.2849,0.0144151,5.6391,0.0576517,15.8389,0.0138501,50,1.155,1.139,2026-08-01T02:21:40,9124b27,2.13.0+cu130,gonzalo
18,0.2,inf,n3,normal,default,75,1e-07,,,,4,cuda,torch,400,8,,1.92091,0.0193874,5.15763,0.00307719,0.999391,0.0100865,4.52636,0.00241444,50,1.283,1.139,2026-08-01T02:21:40,9124b27,2.13.0+cu130,gonzalo
18,0.2,40,n3,normal,default,75,1e-07,,,,4,cuda,torch,400,8,,3.57392,0.0363725,5.15763,0.00307719,2.16133,0.021921,4.52636,0.00241444,48,1.157,1.139,2026-08-01T02:21:40,9124b27,2.13.0+cu130,gonzalo
18,0.2,20,n3,normal,default,75,1e-07,,,,4,cuda,torch,400,8,,7.1467,0.0724277,5.15763,0.00307719,4.56035,0.0462037,4.52636,0.00241444,49,1.202,1.139,2026-08-01T02:21:40,9124b27,2.13.0+cu130,gonzalo
18,0.4,inf,n3,normal,default,75,1e-07,,,,4,cuda,torch,400,8,,4.42364,0.0454285,10.3687,0.00724825,2.57839,0.0263345,9.07604,0.00658691,50,1.243,1.139,2026-08-01T02:21:40,9124b27,2.13.0+cu130,gonzalo
18,0.4,40,n3,normal,default,75,1e-07,,,,4,cuda,torch,400,8,,5.57236,0.0572907,10.3687,0.00724825,3.37974,0.0345288,9.07604,0.00658691,48,1.11,1.139,2026-08-01T02:21:40,9124b27,2.13.0+cu130,gonzalo
18,0.4,20,n3,normal,default,75,1e-07,,,,4,cuda,torch,400,8,,7.77962,0.0793442,10.3687,0.00724825,4.91551,0.0499589,9.07604,0.00658691,50,1.156,1.139,2026-08-01T02:21:40,9124b27,2.13.0+cu130,gonzalo
18,0.8,inf,n3,normal,default,75,1e-07,,,,4,cuda,torch,400,8,,7.16735,0.0733769,20.9244,0.0206634,3.92509,0.0402974,18.2309,0.0207934,50,1.157,1.139,2026-08-01T02:21:40,9124b27,2.13.0+cu130,gonzalo
18,0.8,40,n3,normal,default,75,1e-07,,,,4,cuda,torch,400,8,,7.71303,0.0795453,20.9244,0.0206634,4.377,0.0450007,18.2309,0.0207934,50,1.17,1.139,2026-08-01T02:21:40,9124b27,2.13.0+cu130,gonzalo
18,0.8,20,n3,normal,default,75,1e-07,,,,4,cuda,torch,400,8,,8.63916,0.0895104,20.9244,0.0206634,5.27245,0.0541513,18.2309,0.0207934,50,1.261,1.139,2026-08-01T02:21:40,9124b27,2.13.0+cu130,gonzalo
19,0.2,inf,n3,normal,default,75,1e-07,,,,4,cuda,torch,400,8,,1.52082,0.0152613,3.8229,0.0022607,0.672022,0.00674234,2.77565,0.00157815,50,1.158,1.139,2026-08-01T02:21:40,9124b27,2.13.0+cu130,gonzalo
19,0.2,40,n3,normal,default,75,1e-07,,,,4,cuda,torch,400,8,,3.22683,0.0326317,3.8229,0.0022607,1.91096,0.0192771,2.77565,0.00157815,50,1.155,1.139,2026-08-01T02:21:40,9124b27,2.13.0+cu130,gonzalo
19,0.2,20,n3,normal,default,75,1e-07,,,,4,cuda,torch,400,8,,7.70078,0.0776156,3.8229,0.0022607,4.82804,0.0487569,2.77565,0.00157815,50,1.161,1.139,2026-08-01T02:21:40,9124b27,2.13.0+cu130,gonzalo
19,0.4,inf,n3,normal,default,75,1e-07,,,,4,cuda,torch,400,8,,3.69608,0.0375665,7.67324,0.00451552,1.79713,0.0181722,5.55738,0.00264871,50,1.157,1.139,2026-08-01T02:21:40,9124b27,2.13.0+cu130,gonzalo
19,0.4,40,n3,normal,default,75,1e-07,,,,4,cuda,torch,400,8,,5.45814,0.0555787,7.67324,0.00451552,3.07125,0.0311085,5.55738,0.00264871,50,1.275,1.139,2026-08-01T02:21:40,9124b27,2.13.0+cu130,gonzalo
19,0.4,20,n3,normal,default,75,1e-07,,,,4,cuda,torch,400,8,,9.14994,0.0926366,7.67324,0.00451552,5.5941,0.0565345,5.55738,0.00264871,50,1.205,1.139,2026-08-01T02:21:40,9124b27,2.13.0+cu130,gonzalo
19,0.8,inf,n3,normal,default,75,1e-07,,,,4,cuda,torch,400,8,,7.9847,0.0821552,15.4667,0.011094,4.05567,0.0412926,11.1436,0.00715677,50,1.195,1.139,2026-08-01T02:21:40,9124b27,2.13.0+cu130,gonzalo
19,0.8,40,n3,normal,default,75,1e-07,,,,4,cuda,torch,400,8,,9.26684,0.0955236,15.4667,0.011094,4.95906,0.0505217,11.1436,0.00715677,50,1.288,1.139,2026-08-01T02:21:40,9124b27,2.13.0+cu130,gonzalo
19,0.8,20,n3,normal,default,75,1e-07,,,,4,cuda,torch,400,8,,10.7175,0.110419,15.4667,0.011094,6.09695,0.0619584,11.1436,0.00715677,50,1.221,1.139,2026-08-01T02:21:40,9124b27,2.13.0+cu130,gonzalo
20,0.2,inf,n3,normal,default,75,1e-07,,,,4,cuda,torch,400,8,,1.22422,0.0123057,4.05967,0.00161096,0.555498,0.00554641,3.20244,0.00122338,50,1.256,1.139,2026-08-01T02:21:40,9124b27,2.13.0+cu130,gonzalo
20,0.2,40,n3,normal,default,75,1e-07,,,,4,cuda,torch,400,8,,2.3382,0.0237676,4.05967,0.00161096,1.28438,0.0129268,3.20244,0.00122338,50,1.27,1.139,2026-08-01T02:21:40,9124b27,2.13.0+cu130,gonzalo
20,0.2,20,n3,normal,default,75,1e-07,,,,4,cuda,torch,400,8,,6.66594,0.0675763,4.05967,0.00161096,4.2447,0.0427959,3.20244,0.00122338,50,1.174,1.139,2026-08-01T02:21:40,9124b27,2.13.0+cu130,gonzalo
20,0.4,inf,n3,normal,default,75,1e-07,,,,4,cuda,torch,400,8,,2.54957,0.0258041,8.08774,0.00323588,1.09397,0.0109397,6.39393,0.00239086,50,1.153,1.139,2026-08-01T02:21:40,9124b27,2.13.0+cu130,gonzalo
20,0.4,40,n3,normal,default,75,1e-07,,,,4,cuda,torch,400,8,,3.36791,0.0347364,8.08774,0.00323588,1.5866,0.0160605,6.39393,0.00239086,50,1.157,1.139,2026-08-01T02:21:40,9124b27,2.13.0+cu130,gonzalo
20,0.4,20,n3,normal,default,75,1e-07,,,,4,cuda,torch,400,8,,6.74396,0.0691003,8.08774,0.00323588,4.14271,0.0418132,6.39393,0.00239086,50,1.164,1.139,2026-08-01T02:21:40,9124b27,2.13.0+cu130,gonzalo
20,0.8,inf,n3,normal,default,75,1e-07,,,,4,cuda,torch,400,8,,5.44389,0.0555317,16.0583,0.00740932,2.28644,0.022941,12.7456,0.00577228,50,1.265,1.139,2026-08-01T02:21:40,9124b27,2.13.0+cu130,gonzalo
20,0.8,40,n3,normal,default,75,1e-07,,,,4,cuda,torch,400,8,,6.08964,0.0631596,16.0583,0.00740932,2.67971,0.0272484,12.7456,0.00577228,50,1.195,1.139,2026-08-01T02:21:40,9124b27,2.13.0+cu130,gonzalo
20,0.8,20,n3,normal,default,75,1e-07,,,,4,cuda,torch,400,8,,8.36048,0.0876523,16.0583,0.00740932,4.58498,0.0466012,12.7456,0.00577228,50,1.305,1.139,2026-08-01T02:21:40,9124b27,2.13.0+cu130,gonzalo
21,0.2,inf,n3,normal,default,75,1e-07,,,,4,cuda,torch,400,8,,1.00106,0.0100441,2.99698,0.00354402,0.543986,0.00546096,2.17704,0.00279842,50,1.237,1.139,2026-08-01T02:21:40,9124b27,2.13.0+cu130,gonzalo
21,0.2,40,n3,normal,default,75,1e-07,,,,4,cuda,torch,400,8,,2.72015,0.0274544,2.99698,0.00354402,1.83466,0.0185364,2.17704,0.00279842,50,1.255,1.139,2026-08-01T02:21:40,9124b27,2.13.0+cu130,gonzalo
21,0.2,20,n3,normal,default,75,1e-07,,,,4,cuda,torch,400,8,,8.12704,0.0819002,2.99698,0.00354402,5.15833,0.0521252,2.17704,0.00279842,50,1.253,1.139,2026-08-01T02:21:40,9124b27,2.13.0+cu130,gonzalo
21,0.4,inf,n3,normal,default,75,1e-07,,,,4,cuda,torch,400,8,,2.452,0.0248861,6.09176,0.00632177,1.38804,0.0140287,4.3992,0.00399114,50,1.161,1.139,2026-08-01T02:21:40,9124b27,2.13.0+cu130,gonzalo
21,0.4,40,n3,normal,default,75,1e-07,,,,4,cuda,torch,400,8,,4.40039,0.0445449,6.09176,0.00632177,2.87442,0.029181,4.3992,0.00399114,50,1.156,1.139,2026-08-01T02:21:40,9124b27,2.13.0+cu130,gonzalo
21,0.4,20,n3,normal,default,75,1e-07,,,,4,cuda,torch,400,8,,8.90488,0.0897705,6.09176,0.00632177,5.51857,0.0558425,4.3992,0.00399114,50,1.161,1.139,2026-08-01T02:21:40,9124b27,2.13.0+cu130,gonzalo
21,0.8,inf,n3,normal,default,75,1e-07,,,,4,cuda,torch,400,8,,5.941,0.0603767,12.6107,0.0246048,3.47567,0.035412,8.99035,0.0232216,50,1.165,1.139,2026-08-01T02:21:40,9124b27,2.13.0+cu130,gonzalo
21,0.8,40,n3,normal,default,75,1e-07,,,,4,cuda,torch,400,8,,7.43791,0.0756378,12.6107,0.0246048,4.38056,0.0446544,8.99035,0.0232216,50,1.162,1.139,2026-08-01T02:21:40,9124b27,2.13.0+cu130,gonzalo
21,0.8,20,n3,normal,default,75,1e-07,,,,4,cuda,torch,400,8,,9.95576,0.100832,12.6107,0.0246048,5.98793,0.060758,8.99035,0.0232216,50,1.162,1.139,2026-08-01T02:21:40,9124b27,2.13.0+cu130,gonzalo
22,0.2,inf,n3,normal,default,75,1e-07,,,,4,cuda,torch,400,8,,1.25562,0.0125923,3.23231,0.0019604,0.631152,0.00635885,2.40248,0.00166794,50,1.166,1.139,2026-08-01T02:21:40,9124b27,2.13.0+cu130,gonzalo
22,0.2,40,n3,normal,default,75,1e-07,,,,4,cuda,torch,400,8,,2.5074,0.0253902,3.23231,0.0019604,1.59656,0.0161541,2.40248,0.00166794,50,1.161,1.139,2026-08-01T02:21:40,9124b27,2.13.0+cu130,gonzalo
22,0.2,20,n3,normal,default,75,1e-07,,,,4,cuda,torch,400,8,,7.94065,0.0803054,3.23231,0.0019604,5.00726,0.0506515,2.40248,0.00166794,50,1.163,1.139,2026-08-01T02:21:40,9124b27,2.13.0+cu130,gonzalo
22,0.4,inf,n3,normal,default,75,1e-07,,,,4,cuda,torch,400,8,,2.62403,0.0267207,6.56999,0.00387989,1.41642,0.0144207,4.853,0.00319601,50,1.2,1.139,2026-08-01T02:21:40,9124b27,2.13.0+cu130,gonzalo
22,0.4,40,n3,normal,default,75,1e-07,,,,4,cuda,torch,400,8,,3.87851,0.0395768,6.56999,0.00387989,2.42132,0.0246509,4.853,0.00319601,50,1.212,1.139,2026-08-01T02:21:40,9124b27,2.13.0+cu130,gonzalo
22,0.4,20,n3,normal,default,75,1e-07,,,,4,cuda,torch,400,8,,7.5543,0.0762675,6.56999,0.00387989,4.81506,0.0487973,4.853,0.00319601,50,1.253,1.139,2026-08-01T02:21:40,9124b27,2.13.0+cu130,gonzalo
22,0.8,inf,n3,normal,default,75,1e-07,,,,4,cuda,torch,400,8,,4.86999,0.04964,13.5922,0.00800466,2.6655,0.0272656,9.90884,0.00624201,50,1.167,1.139,2026-08-01T02:21:40,9124b27,2.13.0+cu130,gonzalo
22,0.8,40,n3,normal,default,75,1e-07,,,,4,cuda,torch,400,8,,5.7867,0.0593019,13.5922,0.00800466,3.45583,0.0353755,9.90884,0.00624201,50,1.187,1.139,2026-08-01T02:21:40,9124b27,2.13.0+cu130,gonzalo
22,0.8,20,n3,normal,default,75,1e-07,,,,4,cuda,torch,400,8,,8.01436,0.0817408,13.5922,0.00800466,5.02294,0.0511739,9.90884,0.00624201,50,1.167,1.139,2026-08-01T02:21:40,9124b27,2.13.0+cu130,gonzalo
23,0.2,inf,n3,normal,default,75,1e-07,,,,4,cuda,torch,400,8,,1.84105,0.0184779,4.45267,0.00142494,0.77857,0.0078189,3.63387,0.000984382,50,1.161,1.139,2026-08-01T02:21:40,9124b27,2.13.0+cu130,gonzalo
23,0.2,40,n3,normal,default,75,1e-07,,,,4,cuda,torch,400,8,,3.24485,0.0328839,4.45267,0.00142494,1.89041,0.0190773,3.63387,0.000984382,50,1.16,1.139,2026-08-01T02:21:40,9124b27,2.13.0+cu130,gonzalo
23,0.2,20,n3,normal,default,75,1e-07,,,,4,cuda,torch,400,8,,7.36533,0.0742103,4.45267,0.00142494,4.61568,0.04659,3.63387,0.000984382,50,1.154,1.139,2026-08-01T02:21:40,9124b27,2.13.0+cu130,gonzalo
23,0.4,inf,n3,normal,default,75,1e-07,,,,4,cuda,torch,400,8,,4.72559,0.0482892,8.909,0.00317018,2.2673,0.022997,7.26901,0.00242193,50,1.172,1.139,2026-08-01T02:21:40,9124b27,2.13.0+cu130,gonzalo
23,0.4,40,n3,normal,default,75,1e-07,,,,4,cuda,torch,400,8,,5.82208,0.0596092,8.909,0.00317018,3.1809,0.0322727,7.26901,0.00242193,50,1.189,1.139,2026-08-01T02:21:40,9124b27,2.13.0+cu130,gonzalo
23,0.4,20,n3,normal,default,75,1e-07,,,,4,cuda,torch,400,8,,8.07643,0.0820958,8.909,0.00317018,4.92716,0.0498433,7.26901,0.00242193,50,1.2,1.139,2026-08-01T02:21:40,9124b27,2.13.0+cu130,gonzalo
23,0.8,inf,n3,normal,default,75,1e-07,,,,4,cuda,torch,400,8,,8.03942,0.0826689,17.8293,0.00865756,3.72668,0.0379489,14.5424,0.00789459,50,1.281,1.139,2026-08-01T02:21:40,9124b27,2.13.0+cu130,gonzalo
23,0.8,40,n3,normal,default,75,1e-07,,,,4,cuda,torch,400,8,,8.83379,0.0914482,17.8293,0.00865756,4.3611,0.0444941,14.5424,0.00789459,50,1.235,1.139,2026-08-01T02:21:40,9124b27,2.13.0+cu130,gonzalo
23,0.8,20,n3,normal,default,75,1e-07,,,,4,cuda,torch,400,8,,9.90839,0.103035,17.8293,0.00865756,5.43097,0.0553785,14.5424,0.00789459,50,1.221,1.139,2026-08-01T02:21:40,9124b27,2.13.0+cu130,gonzalo
24,0.2,inf,n3,normal,default,75,1e-07,,,,4,cuda,torch,400,8,,1.84417,0.0187458,4.09319,0.0015522,0.823131,0.00826051,3.49858,0.00108856,50,1.171,1.139,2026-08-01T02:21:40,9124b27,2.13.0+cu130,gonzalo
24,0.2,40,n3,normal,default,75,1e-07,,,,4,cuda,torch,400,8,,2.60876,0.0267663,4.09319,0.0015522,1.24891,0.0125998,3.49858,0.00108856,50,1.18,1.139,2026-08-01T02:21:40,9124b27,2.13.0+cu130,gonzalo
24,0.2,20,n3,normal,default,75,1e-07,,,,4,cuda,torch,400,8,,7.16208,0.0727511,4.09319,0.0015522,4.42404,0.0445865,3.49858,0.00108856,50,1.23,1.139,2026-08-01T02:21:40,9124b27,2.13.0+cu130,gonzalo
24,0.4,inf,n3,normal,default,75,1e-07,,,,4,cuda,torch,400,8,,3.46164,0.0355173,8.21065,0.00315183,1.5676,0.0157496,6.99524,0.0022412,50,1.16,1.139,2026-08-01T02:21:40,9124b27,2.13.0+cu130,gonzalo
24,0.4,40,n3,normal,default,75,1e-07,,,,4,cuda,torch,400,8,,3.99793,0.0416057,8.21065,0.00315183,1.77384,0.0180226,6.99524,0.0022412,50,1.171,1.139,2026-08-01T02:21:40,9124b27,2.13.0+cu130,gonzalo
24,0.4,20,n3,normal,default,75,1e-07,,,,4,cuda,torch,400,8,,7.93219,0.0818842,8.21065,0.00315183,4.6682,0.0470877,6.99524,0.0022412,50,1.161,1.139,2026-08-01T02:21:40,9124b27,2.13.0+cu130,gonzalo
24,0.8,inf,n3,normal,default,75,1e-07,,,,4,cuda,torch,400,8,,6.82817,0.0715453,16.5234,0.00707051,3.16401,0.0321411,13.9835,0.00517041,50,1.139,1.139,2026-08-01T02:21:40,9124b27,2.13.0+cu130,gonzalo
24,0.8,40,n3,normal,default,75,1e-07,,,,4,cuda,torch,400,8,,7.26754,0.0773756,16.5234,0.00707051,3.37531,0.0347162,13.9835,0.00517041,50,1.135,1.139,2026-08-01T02:21:40,9124b27,2.13.0+cu130,gonzalo
24,0.8,20,n3,normal,default,75,1e-07,,,,4,cuda,torch,400,8,,8.98895,0.0961879,16.5234,0.00707051,4.71827,0.0483671,13.9835,0.00517041,50,1.135,1.139,2026-08-01T02:21:40,9124b27,2.13.0+cu130,gonzalo
25,0.2,inf,n3,normal,default,75,1e-07,,,,4,cuda,torch,400,8,,1.99822,0.0204438,4.60232,0.005527,0.870438,0.00877481,3.76495,0.00482561,50,1.118,1.139,2026-08-01T02:21:40,9124b27,2.13.0+cu130,gonzalo
25,0.2,40,n3,normal,default,75,1e-07,,,,4,cuda,torch,400,8,,3.55756,0.0363579,4.60232,0.005527,1.94491,0.0196263,3.76495,0.00482561,50,1.115,1.139,2026-08-01T02:21:40,9124b27,2.13.0+cu130,gonzalo
25,0.2,20,n3,normal,default,75,1e-07,,,,4,cuda,torch,400,8,,8.11997,0.0824818,4.60232,0.005527,4.99992,0.0504895,3.76495,0.00482561,50,1.118,1.139,2026-08-01T02:21:40,9124b27,2.13.0+cu130,gonzalo
25,0.4,inf,n3,normal,default,75,1e-07,,,,4,cuda,torch,400,8,,4.22911,0.0437667,9.22679,0.0116042,1.96173,0.0198905,7.54506,0.00962142,50,1.118,1.139,2026-08-01T02:21:40,9124b27,2.13.0+cu130,gonzalo
25,0.4,40,n3,normal,default,75,1e-07,,,,4,cuda,torch,400,8,,6.06712,0.062522,9.22679,0.0116042,3.28749,0.0333227,7.54506,0.00962142,50,1.117,1.139,2026-08-01T02:21:40,9124b27,2.13.0+cu130,gonzalo
25,0.4,20,n3,normal,default,75,1e-07,,,,4,cuda,torch,400,8,,9.75669,0.0997535,9.22679,0.0116042,5.81935,0.0587659,7.54506,0.00962142,50,1.119,1.139,2026-08-01T02:21:40,9124b27,2.13.0+cu130,gonzalo
25,0.8,inf,n3,normal,default,75,1e-07,,,,4,cuda,torch,400,8,,9.51159,0.100129,18.5363,0.0314152,4.8152,0.0491403,15.1497,0.0286051,50,1.116,1.139,2026-08-01T02:21:40,9124b27,2.13.0+cu130,gonzalo
25,0.8,40,n3,normal,default,75,1e-07,,,,4,cuda,torch,400,8,,10.6228,0.111582,18.5363,0.0314152,5.65249,0.0576129,15.1497,0.0286051,50,1.117,1.139,2026-08-01T02:21:40,9124b27,2.13.0+cu130,gonzalo
25,0.8,20,n3,normal,default,75,1e-07,,,,4,cuda,torch,400,8,,11.5703,0.121157,18.5363,0.0314152,6.5195,0.0662345,15.1497,0.0286051,50,1.12,1.139,2026-08-01T02:21:40,9124b27,2.13.0+cu130,gonzalo
26,0.2,inf,n3,normal,default,75,1e-07,,,,4,cuda,torch,400,8,,2.03056,0.0205582,4.8888,0.00266175,0.805626,0.00810754,3.92603,0.00246923,50,1.118,1.139,2026-08-01T02:21:40,9124b27,2.13.0+cu130,gonzalo
26,0.2,40,n3,normal,default,75,1e-07,,,,4,cuda,torch,400,8,,3.23959,0.0329397,4.8888,0.00266175,1.74368,0.0175713,3.92603,0.00246923,50,1.12,1.139,2026-08-01T02:21:40,9124b27,2.13.0+cu130,gonzalo
26,0.2,20,n3,normal,default,75,1e-07,,,,4,cuda,torch,400,8,,7.55838,0.0763368,4.8888,0.00266175,4.65299,0.0469589,3.92603,0.00246923,50,1.123,1.139,2026-08-01T02:21:40,9124b27,2.13.0+cu130,gonzalo
26,0.4,inf,n3,normal,default,75,1e-07,,,,4,cuda,torch,400,8,,5.14589,0.0532719,9.8941,0.00627185,2.37617,0.0241671,7.942,0.00602147,50,1.12,1.139,2026-08-01T02:21:40,9124b27,2.13.0+cu130,gonzalo
26,0.4,40,n3,normal,default,75,1e-07,,,,4,cuda,torch,400,8,,6.41561,0.0662125,9.8941,0.00627185,3.38059,0.0342695,7.942,0.00602147,50,1.121,1.139,2026-08-01T02:21:40,9124b27,2.13.0+cu130,gonzalo
26,0.4,20,n3,normal,default,75,1e-07,,,,4,cuda,torch,400,8,,8.9169,0.0911313,9.8941,0.00627185,5.26463,0.0532023,7.942,0.00602147,50,1.116,1.139,2026-08-01T02:21:40,9124b27,2.13.0+cu130,gonzalo
26,0.8,inf,n3,normal,default,75,1e-07,,,,4,cuda,torch,400,8,,8.92019,0.0947167,20.2417,0.015415,4.0929,0.0420697,16.2476,0.014669,50,1.134,1.139,2026-08-01T02:21:40,9124b27,2.13.0+cu130,gonzalo
26,0.8,40,n3,normal,default,75,1e-07,,,,4,cuda,torch,400,8,,9.79959,0.104127,20.2417,0.015415,4.86634,0.0498829,16.2476,0.014669,50,1.127,1.139,2026-08-01T02:21:40,9124b27,2.13.0+cu130,gonzalo
26,0.8,20,n3,normal,default,75,1e-07,,,,4,cuda,torch,400,8,,10.5787,0.112005,20.2417,0.015415,5.76362,0.0588901,16.2476,0.014669,50,1.133,1.139,2026-08-01T02:21:40,9124b27,2.13.0+cu130,gonzalo
27,0.2,inf,n3,normal,default,75,1e-07,,,,4,cuda,torch,400,8,,1.70345,0.0173308,4.2001,0.00139402,0.703834,0.00708784,3.44453,0.0012916,50,1.116,1.139,2026-08-01T02:21:40,9124b27,2.13.0+cu130,gonzalo
27,0.2,40,n3,normal,default,75,1e-07,,,,4,cuda,torch,400,8,,3.35569,0.034221,4.2001,0.00139402,1.77687,0.0179267,3.44453,0.0012916,50,1.115,1.139,2026-08-01T02:21:40,9124b27,2.13.0+cu130,gonzalo
27,0.2,20,n3,normal,default,75,1e-07,,,,4,cuda,torch,400,8,,8.20326,0.0832079,4.2001,0.00139402,4.91384,0.0495727,3.44453,0.0012916,50,1.116,1.139,2026-08-01T02:21:40,9124b27,2.13.0+cu130,gonzalo
27,0.4,inf,n3,normal,default,75,1e-07,,,,4,cuda,torch,400,8,,4.02186,0.0415857,8.42177,0.00280927,1.72563,0.017529,6.90956,0.00246695,50,1.114,1.139,2026-08-01T02:21:40,9124b27,2.13.0+cu130,gonzalo
27,0.4,40,n3,normal,default,75,1e-07,,,,4,cuda,torch,400,8,,5.43464,0.0561791,8.42177,0.00280927,2.67266,0.0270959,6.90956,0.00246695,50,1.116,1.139,2026-08-01T02:21:40,9124b27,2.13.0+cu130,gonzalo
27,0.4,20,n3,normal,default,75,1e-07,,,,4,cuda,torch,400,8,,8.49444,0.0870619,8.42177,0.00280927,4.85507,0.0490383,6.90956,0.00246695,50,1.116,1.139,2026-08-01T02:21:40,9124b27,2.13.0+cu130,gonzalo
27,0.8,inf,n3,normal,default,75,1e-07,,,,4,cuda,torch,400,8,,7.49514,0.0789133,16.9327,0.00654447,3.2091,0.032883,13.903,0.00523319,50,1.123,1.139,2026-08-01T02:21:40,9124b27,2.13.0+cu130,gonzalo
27,0.8,40,n3,normal,default,75,1e-07,,,,4,cuda,torch,400,8,,8.39096,0.0885532,16.9327,0.00654447,3.88846,0.0398387,13.903,0.00523319,50,1.117,1.139,2026-08-01T02:21:40,9124b27,2.13.0+cu130,gonzalo
27,0.8,20,n3,normal,default,75,1e-07,,,,4,cuda,torch,400,8,,10.0639,0.106038,16.9327,0.00654447,5.32475,0.0542928,13.903,0.00523319,50,1.117,1.139,2026-08-01T02:21:40,9124b27,2.13.0+cu130,gonzalo
28,0.2,inf,n3,normal,default,75,1e-07,,,,4,cuda,torch,400,8,,1.95891,0.0199586,4.45045,0.0025675,0.843429,0.00851686,3.46673,0.0019458,50,1.115,1.139,2026-08-01T02:21:40,9124b27,2.13.0+cu130,gonzalo
28,0.2,40,n3,normal,default,75,1e-07,,,,4,cuda,torch,400,8,,3.30472,0.0335353,4.45045,0.0025675,1.8718,0.0188673,3.46673,0.0019458,50,1.107,1.139,2026-08-01T02:21:40,9124b27,2.13.0+cu130,gonzalo
28,0.2,20,n3,normal,default,75,1e-07,,,,4,cuda,torch,400,8,,8.51108,0.085684,4.45045,0.0025675,5.37333,0.0541846,3.46673,0.0019458,50,1.1,1.139,2026-08-01T02:21:40,9124b27,2.13.0+cu130,gonzalo
28,0.4,inf,n3,normal,default,75,1e-07,,,,4,cuda,torch,400,8,,3.75112,0.0383479,8.96917,0.00585954,1.79296,0.0181747,6.96572,0.00501558,50,1.112,1.139,2026-08-01T02:21:40,9124b27,2.13.0+cu130,gonzalo
28,0.4,40,n3,normal,default,75,1e-07,,,,4,cuda,torch,400,8,,5.27296,0.0538689,8.96917,0.00585954,2.87591,0.0291065,6.96572,0.00501558,50,1.157,1.139,2026-08-01T02:21:40,9124b27,2.13.0+cu130,gonzalo
28,0.4,20,n3,normal,default,75,1e-07,,,,4,cuda,torch,400,8,,8.91624,0.0904639,8.96917,0.00585954,5.46261,0.0551122,6.96572,0.00501558,50,1.178,1.139,2026-08-01T02:21:40,9124b27,2.13.0+cu130,gonzalo
28,0.8,inf,n3,normal,default,75,1e-07,,,,4,cuda,torch,400,8,,8.06183,0.084342,18.2099,0.0156079,4.01994,0.0410088,14.0586,0.0150193,50,1.21,1.139,2026-08-01T02:21:40,9124b27,2.13.0+cu130,gonzalo
28,0.8,40,n3,normal,default,75,1e-07,,,,4,cuda,torch,400,8,,9.3477,0.097801,18.2099,0.0156079,4.95585,0.0505026,14.0586,0.0150193,50,1.145,1.139,2026-08-01T02:21:40,9124b27,2.13.0+cu130,gonzalo
28,0.8,20,n3,normal,default,75,1e-07,,,,4,cuda,torch,400,8,,10.5489,0.109973,18.2099,0.0156079,6.00055,0.0609518,14.0586,0.0150193,50,1.151,1.139,2026-08-01T02:21:40,9124b27,2.13.0+cu130,gonzalo
29,0.2,inf,n3,normal,default,75,1e-07,,,,4,cuda,torch,400,8,,1.76835,0.0178219,5.02272,0.00213037,0.774319,0.00777206,4.23346,0.00181367,50,1.247,1.139,2026-08-01T02:21:40,9124b27,2.13.0+cu130,gonzalo
29,0.2,40,n3,normal,default,75,1e-07,,,,4,cuda,torch,400,8,,3.33432,0.0341038,5.02272,0.00213037,1.85002,0.0187194,4.23346,0.00181367,48,1.203,1.139,2026-08-01T02:21:40,9124b27,2.13.0+cu130,gonzalo
29,0.2,20,n3,normal,default,75,1e-07,,,,4,cuda,torch,400,8,,7.1402,0.07273,5.02272,0.00213037,4.43703,0.0449237,4.23346,0.00181367,50,1.25,1.139,2026-08-01T02:21:40,9124b27,2.13.0+cu130,gonzalo
29,0.4,inf,n3,normal,default,75,1e-07,,,,4,cuda,torch,400,8,,3.99371,0.0410461,10.0979,0.0055558,2.00715,0.0203888,8.48476,0.00526672,50,1.159,1.139,2026-08-01T02:21:40,9124b27,2.13.0+cu130,gonzalo
29,0.4,40,n3,normal,default,75,1e-07,,,,4,cuda,torch,400,8,,5.39608,0.0557047,10.0979,0.0055558,3.07219,0.0312825,8.48476,0.00526672,50,1.157,1.139,2026-08-01T02:21:40,9124b27,2.13.0+cu130,gonzalo
29,0.4,20,n3,normal,default,75,1e-07,,,,4,cuda,torch,400,8,,7.74354,0.0794275,10.0979,0.0055558,4.73645,0.0480988,8.48476,0.00526672,50,1.156,1.139,2026-08-01T02:21:40,9124b27,2.13.0+cu130,gonzalo
29,0.8,inf,n3,normal,default,75,1e-07,,,,4,cuda,torch,400,8,,7.10762,0.0736411,20.387,0.0163171,3.77892,0.0387341,17.0358,0.0161435,50,1.22,1.139,2026-08-01T02:21:40,9124b27,2.13.0+cu130,gonzalo
29,0.8,40,n3,normal,default,75,1e-07,,,,4,cuda,torch,400,8,,7.77406,0.0808538,20.387,0.0163171,4.2676,0.0437937,17.0358,0.0161435,50,1.232,1.139,2026-08-01T02:21:40,9124b27,2.13.0+cu130,gonzalo
29,0.8,20,n3,normal,default,75,1e-07,,,,4,cuda,torch,400,8,,8.84835,0.0924066,20.387,0.0163171,5.1856,0.0531123,17.0358,0.0161435,50,1.268,1.139,2026-08-01T02:21:40,9124b27,2.13.0+cu130,gonzalo
30,0.2,inf,n3,normal,default,75,1e-07,,,,4,cuda,torch,400,8,,2.20443,0.0223172,4.59402,0.00238317,0.969303,0.00976813,3.53346,0.00159495,50,1.266,1.139,2026-08-01T02:21:40,9124b27,2.13.0+cu130,gonzalo
30,0.2,40,n3,normal,default,75,1e-07,,,,4,cuda,torch,400,8,,3.5017,0.0354729,4.59402,0.00238317,2.0605,0.0208133,3.53346,0.00159495,50,1.214,1.139,2026-08-01T02:21:40,9124b27,2.13.0+cu130,gonzalo
30,0.2,20,n3,normal,default,75,1e-07,,,,4,cuda,torch,400,8,,8.66093,0.0869641,4.59402,0.00238317,5.58372,0.0563336,3.53346,0.00159495,50,1.24,1.139,2026-08-01T02:21:40,9124b27,2.13.0+cu130,gonzalo
30,0.4,inf,n3,normal,default,75,1e-07,,,,4,cuda,torch,400,8,,4.42985,0.0450718,9.22654,0.00499569,2.21197,0.0223953,7.08863,0.00351989,50,1.16,1.139,2026-08-01T02:21:40,9124b27,2.13.0+cu130,gonzalo
30,0.4,40,n3,normal,default,75,1e-07,,,,4,cuda,torch,400,8,,5.99485,0.061113,9.22654,0.00499569,3.40533,0.0345443,7.08863,0.00351989,50,1.266,1.139,2026-08-01T02:21:40,9124b27,2.13.0+cu130,gonzalo
30,0.4,20,n3,normal,default,75,1e-07,,,,4,cuda,torch,400,8,,9.0803,0.0920476,9.22654,0.00499569,5.515,0.0557688,7.08863,0.00351989,50,1.251,1.139,2026-08-01T02:21:40,9124b27,2.13.0+cu130,gonzalo
30,0.8,inf,n3,normal,default,75,1e-07,,,,4,cuda,torch,400,8,,8.8527,0.0918465,18.5984,0.0117064,4.50595,0.0459635,14.2638,0.00901962,50,1.209,1.139,2026-08-01T02:21:40,9124b27,2.13.0+cu130,gonzalo
30,0.8,40,n3,normal,default,75,1e-07,,,,4,cuda,torch,400,8,,9.68671,0.100598,18.5984,0.0117064,5.14085,0.0524469,14.2638,0.00901962,50,1.233,1.139,2026-08-01T02:21:40,9124b27,2.13.0+cu130,gonzalo
30,0.8,20,n3,normal,default,75,1e-07,,,,4,cuda,torch,400,8,,10.5959,0.109842,18.5984,0.0117064,6.07406,0.0617657,14.2638,0.00901962,50,1.219,1.139,2026-08-01T02:21:40,9124b27,2.13.0+cu130,gonzalo
31,0.2,inf,n3,normal,default,75,1e-07,,,,4,cuda,torch,400,8,,1.76814,0.0174914,4.31386,0.00215592,0.796264,0.00794714,3.77272,0.00204547,50,1.268,1.139,2026-08-01T02:21:40,9124b27,2.13.0+cu130,gonzalo
31,0.2,40,n3,normal,default,75,1e-07,,,,4,cuda,torch,400,8,,3.11957,0.031638,4.31386,0.00215592,2.0695,0.0209654,3.77272,0.00204547,49,1.252,1.139,2026-08-01T02:21:40,9124b27,2.13.0+cu130,gonzalo
31,0.2,20,n3,normal,default,75,1e-07,,,,4,cuda,torch,400,8,,7.48417,0.0754495,4.31386,0.00215592,4.88758,0.0494883,3.77272,0.00204547,50,1.157,1.139,2026-08-01T02:21:40,9124b27,2.13.0+cu130,gonzalo
31,0.4,inf,n3,normal,default,75,1e-07,,,,4,cuda,torch,400,8,,3.44883,0.0347627,8.62918,0.00434515,1.89993,0.019248,7.54182,0.00409376,50,1.148,1.139,2026-08-01T02:21:40,9124b27,2.13.0+cu130,gonzalo
31,0.4,40,n3,normal,default,75,1e-07,,,,4,cuda,torch,400,8,,4.72133,0.0481758,8.62918,0.00434515,3.13685,0.0320502,7.54182,0.00409376,49,1.132,1.139,2026-08-01T02:21:40,9124b27,2.13.0+cu130,gonzalo
31,0.4,20,n3,normal,default,75,1e-07,,,,4,cuda,torch,400,8,,7.70852,0.0778386,8.62918,0.00434515,5.07222,0.0515054,7.54182,0.00409376,50,1.157,1.139,2026-08-01T02:21:40,9124b27,2.13.0+cu130,gonzalo
31,0.8,inf,n3,normal,default,75,1e-07,,,,4,cuda,torch,400,8,,6.48818,0.0654461,17.266,0.00897464,3.62919,0.0371828,15.0664,0.00821814,50,1.157,1.139,2026-08-01T02:21:40,9124b27,2.13.0+cu130,gonzalo
31,0.8,40,n3,normal,default,75,1e-07,,,,4,cuda,torch,400,8,,7.2386,0.0738145,17.266,0.00897464,4.21118,0.0433188,15.0664,0.00821814,50,1.161,1.139,2026-08-01T02:21:40,9124b27,2.13.0+cu130,gonzalo
31,0.8,20,n3,normal,default,75,1e-07,,,,4,cuda,torch,400,8,,8.59919,0.0881849,17.266,0.00897464,5.36107,0.054958,15.0664,0.00821814,50,1.167,1.139,2026-08-01T02:21:40,9124b27,2.13.0+cu130,gonzalo
32,0.2,inf,n3,normal,default,75,1e-07,,,,4,cuda,torch,400,8,,1.4269,0.0141242,3.85757,0.00769746,0.815387,0.00807819,2.91914,0.00804553,50,1.231,1.139,2026-08-01T02:21:40,9124b27,2.13.0+cu130,gonzalo
32,0.2,40,n3,normal,default,75,1e-07,,,,4,cuda,torch,400,8,,1.74107,0.017628,3.85757,0.00769746,0.832297,0.00836541,2.91914,0.00804553,50,1.165,1.139,2026-08-01T02:21:40,9124b27,2.13.0+cu130,gonzalo
32,0.2,20,n3,normal,default,75,1e-07,,,,4,cuda,torch,400,8,,5.78955,0.0586413,3.85757,0.00769746,3.59046,0.0361227,2.91914,0.00804553,50,1.171,1.139,2026-08-01T02:21:40,9124b27,2.13.0+cu130,gonzalo
32,0.4,inf,n3,normal,default,75,1e-07,,,,4,cuda,torch,400,8,,2.95341,0.0288193,7.63011,0.0182317,1.65468,0.0162144,5.78325,0.0194967,50,1.168,1.139,2026-08-01T02:21:40,9124b27,2.13.0+cu130,gonzalo
32,0.4,40,n3,normal,default,75,1e-07,,,,4,cuda,torch,400,8,,2.66168,0.0266534,7.63011,0.0182317,1.25329,0.0124801,5.78325,0.0194967,50,1.172,1.139,2026-08-01T02:21:40,9124b27,2.13.0+cu130,gonzalo
32,0.4,20,n3,normal,default,75,1e-07,,,,4,cuda,torch,400,8,,5.36592,0.0549206,7.63011,0.0182317,3.08095,0.031001,5.78325,0.0194967,50,1.165,1.139,2026-08-01T02:21:40,9124b27,2.13.0+cu130,gonzalo
32,0.8,inf,n3,normal,default,75,1e-07,,,,4,cuda,torch,400,8,,6.72497,0.0636887,14.9354,0.0484334,4.38726,0.041768,11.3544,0.0525508,50,1.203,1.139,2026-08-01T02:21:40,9124b27,2.13.0+cu130,gonzalo
32,0.8,40,n3,normal,default,75,1e-07,,,,4,cuda,torch,400,8,,6.27326,0.0597801,14.9354,0.0484334,3.49825,0.0336397,11.3544,0.0525508,50,1.289,1.139,2026-08-01T02:21:40,9124b27,2.13.0+cu130,gonzalo
32,0.8,20,n3,normal,default,75,1e-07,,,,4,cuda,torch,400,8,,6.26517,0.0631316,14.9354,0.0484334,2.91858,0.0293478,11.3544,0.0525508,50,1.286,1.139,2026-08-01T02:21:40,9124b27,2.13.0+cu130,gonzalo
33,0.2,inf,n3,normal,default,75,1e-07,,,,4,cuda,torch,400,8,,1.77822,0.0180395,4.18554,0.00396929,0.761494,0.00764098,3.59227,0.00306178,50,1.274,1.139,2026-08-01T02:21:40,9124b27,2.13.0+cu130,gonzalo
33,0.2,40,n3,normal,default,75,1e-07,,,,4,cuda,torch,400,8,,2.81456,0.0287625,4.18554,0.00396929,1.38985,0.0140008,3.59227,0.00306178,50,1.19,1.139,2026-08-01T02:21:40,9124b27,2.13.0+cu130,gonzalo
33,0.2,20,n3,normal,default,75,1e-07,,,,4,cuda,torch,400,8,,7.21755,0.0734159,4.18554,0.00396929,4.37798,0.0441302,3.59227,0.00306178,50,1.211,1.139,2026-08-01T02:21:40,9124b27,2.13.0+cu130,gonzalo
33,0.4,inf,n3,normal,default,75,1e-07,,,,4,cuda,torch,400,8,,3.67276,0.0376914,8.27676,0.00862777,1.55458,0.0156729,7.12415,0.00698787,50,1.24,1.139,2026-08-01T02:21:40,9124b27,2.13.0+cu130,gonzalo
33,0.4,40,n3,normal,default,75,1e-07,,,,4,cuda,torch,400,8,,4.50016,0.0465987,8.27676,0.00862777,2.05264,0.0208177,7.12415,0.00698787,50,1.255,1.139,2026-08-01T02:21:40,9124b27,2.13.0+cu130,gonzalo
33,0.4,20,n3,normal,default,75,1e-07,,,,4,cuda,torch,400,8,,7.8558,0.0811344,8.27676,0.00862777,4.4437,0.0449311,7.12415,0.00698787,50,1.328,1.139,2026-08-01T02:21:40,9124b27,2.13.0+cu130,gonzalo
33,0.8,inf,n3,normal,default,75,1e-07,,,,4,cuda,torch,400,8,,7.68387,0.0804861,16.1857,0.0222432,3.34584,0.0341548,14.0094,0.019923,50,1.313,1.139,2026-08-01T02:21:40,9124b27,2.13.0+cu130,gonzalo
33,0.8,40,n3,normal,default,75,1e-07,,,,4,cuda,torch,400,8,,8.692,0.0916727,16.1857,0.0222432,4.03475,0.0413394,14.0094,0.019923,50,1.293,1.139,2026-08-01T02:21:40,9124b27,2.13.0+cu130,gonzalo
33,0.8,20,n3,normal,default,75,1e-07,,,,4,cuda,torch,400,8,,10.481,0.110795,16.1857,0.0222432,5.46472,0.0558439,14.0094,0.019923,50,1.193,1.139,2026-08-01T02:21:40,9124b27,2.13.0+cu130,gonzalo
34,0.2,inf,n3,normal,default,75,1e-07,,,,4,cuda,torch,400,8,,1.78485,0.0180751,4.26157,0.00363443,0.820696,0.0082166,3.65604,0.00258226,50,1.18,1.139,2026-08-01T02:21:40,9124b27,2.13.0+cu130,gonzalo
34,0.2,40,n3,normal,default,75,1e-07,,,,4,cuda,torch,400,8,,2.60604,0.026701,4.26157,0.00363443,1.19448,0.0120505,3.65604,0.00258226,50,1.185,1.139,2026-08-01T02:21:40,9124b27,2.13.0+cu130,gonzalo
34,0.2,20,n3,normal,default,75,1e-07,,,,4,cuda,torch,400,8,,6.93101,0.0704035,4.26157,0.00363443,4.16605,0.0419716,3.65604,0.00258226,50,1.163,1.139,2026-08-01T02:21:40,9124b27,2.13.0+cu130,gonzalo
34,0.4,inf,n3,normal,default,75,1e-07,,,,4,cuda,torch,400,8,,3.37006,0.0341628,8.45832,0.00805037,1.57452,0.0157203,7.26207,0.00606404,50,1.167,1.139,2026-08-01T02:21:40,9124b27,2.13.0+cu130,gonzalo
34,0.4,40,n3,normal,default,75,1e-07,,,,4,cuda,torch,400,8,,3.97552,0.0410657,8.45832,0.00805037,1.78123,0.0180668,7.26207,0.00606404,50,1.154,1.139,2026-08-01T02:21:40,9124b27,2.13.0+cu130,gonzalo
34,0.4,20,n3,normal,default,75,1e-07,,,,4,cuda,torch,400,8,,7.0858,0.0729236,8.45832,0.00805037,3.96382,0.0399911,7.26207,0.00606404,50,1.157,1.139,2026-08-01T02:21:40,9124b27,2.13.0+cu130,gonzalo
34,0.8,inf,n3,normal,default,75,1e-07,,,,4,cuda,torch,400,8,,6.97521,0.0708051,16.66,0.0210272,3.48803,0.0346914,14.324,0.0173276,50,1.169,1.139,2026-08-01T02:21:40,9124b27,2.13.0+cu130,gonzalo
34,0.8,40,n3,normal,default,75,1e-07,,,,4,cuda,torch,400,8,,7.17091,0.0736439,16.66,0.0210272,3.44498,0.0346434,14.324,0.0173276,50,1.167,1.139,2026-08-01T02:21:40,9124b27,2.13.0+cu130,gonzalo
34,0.8,20,n3,normal,default,75,1e-07,,,,4,cuda,torch,400,8,,8.86008,0.0930291,16.66,0.0210272,4.45093,0.0454046,14.324,0.0173276,50,1.165,1.139,2026-08-01T02:21:40,9124b27,2.13.0+cu130,gonzalo
35,0.2,inf,n3,normal,default,75,1e-07,,,,4,cuda,torch,400,8,,1.55871,0.0155814,4.35394,0.00869767,0.645142,0.00644955,3.77532,0.00903084,50,1.21,1.139,2026-08-01T02:21:40,9124b27,2.13.0+cu130,gonzalo
35,0.2,40,n3,normal,default,75,1e-07,,,,4,cuda,torch,400,8,,2.13576,0.0217118,4.35394,0.00869767,1.08796,0.0109574,3.77532,0.00903084,50,1.237,1.139,2026-08-01T02:21:40,9124b27,2.13.0+cu130,gonzalo
35,0.2,20,n3,normal,default,75,1e-07,,,,4,cuda,torch,400,8,,6.75297,0.0683707,4.35394,0.00869767,4.27204,0.0430806,3.77532,0.00903084,50,1.289,1.139,2026-08-01T02:21:40,9124b27,2.13.0+cu130,gonzalo
35,0.4,inf,n3,normal,default,75,1e-07,,,,4,cuda,torch,400,8,,2.99953,0.0304926,8.73989,0.0202876,1.25593,0.0126645,7.57785,0.0210221,50,1.227,1.139,2026-08-01T02:21:40,9124b27,2.13.0+cu130,gonzalo
35,0.4,40,n3,normal,default,75,1e-07,,,,4,cuda,torch,400,8,,3.91974,0.0402814,8.73989,0.0202876,1.86909,0.0189321,7.57785,0.0210221,50,1.16,1.139,2026-08-01T02:21:40,9124b27,2.13.0+cu130,gonzalo
35,0.4,20,n3,normal,default,75,1e-07,,,,4,cuda,torch,400,8,,7.74852,0.0794846,8.73989,0.0202876,4.69049,0.0474145,7.57785,0.0210221,50,1.168,1.139,2026-08-01T02:21:40,9124b27,2.13.0+cu130,gonzalo
35,0.8,inf,n3,normal,default,75,1e-07,,,,4,cuda,torch,400,8,,7.54835,0.07931,17.6069,0.0548449,3.47076,0.0355787,15.263,0.0562895,50,1.2,1.139,2026-08-01T02:21:40,9124b27,2.13.0+cu130,gonzalo
35,0.8,40,n3,normal,default,75,1e-07,,,,4,cuda,torch,400,8,,8.43104,0.0888422,17.6069,0.0548449,4.13158,0.0423454,15.263,0.0562895,50,1.17,1.139,2026-08-01T02:21:40,9124b27,2.13.0+cu130,gonzalo
35,0.8,20,n3,normal,default,75,1e-07,,,,4,cuda,torch,400,8,,9.91732,0.104357,17.6069,0.0548449,5.51257,0.0562435,15.263,0.0562895,50,1.173,1.139,2026-08-01T02:21:40,9124b27,2.13.0+cu130,gonzalo
36,0.2,inf,n3,normal,default,75,1e-07,,,,4,cuda,torch,400,8,,1.75174,0.0174899,4.79511,0.0036944,0.863198,0.00865947,4.08666,0.00296145,50,1.212,1.139,2026-08-01T02:21:40,9124b27,2.13.0+cu130,gonzalo
36,0.2,40,n3,normal,default,75,1e-07,,,,4,cuda,torch,400,8,,3.07114,0.0311887,4.79511,0.0036944,1.93967,0.0196705,4.08666,0.00296145,49,1.243,1.139,2026-08-01T02:21:40,9124b27,2.13.0+cu130,gonzalo
36,0.2,20,n3,normal,default,75,1e-07,,,,4,cuda,torch,400,8,,7.4199,0.0751092,4.79511,0.0036944,4.76784,0.0483016,4.08666,0.00296145,50,1.272,1.139,2026-08-01T02:21:40,9124b27,2.13.0+cu130,gonzalo
36,0.4,inf,n3,normal,default,75,1e-07,,,,4,cuda,torch,400,8,,4.17918,0.0425977,9.54161,0.00799077,2.38615,0.0242844,8.12703,0.00666619,50,1.196,1.139,2026-08-01T02:21:40,9124b27,2.13.0+cu130,gonzalo
36,0.4,40,n3,normal,default,75,1e-07,,,,4,cuda,torch,400,8,,5.55925,0.0570254,9.54161,0.00799077,3.43377,0.0350806,8.12703,0.00666619,49,1.272,1.139,2026-08-01T02:21:40,9124b27,2.13.0+cu130,gonzalo
36,0.4,20,n3,normal,default,75,1e-07,,,,4,cuda,torch,400,8,,7.74079,0.0789439,9.54161,0.00799077,4.91298,0.0499503,8.12703,0.00666619,50,1.314,1.139,2026-08-01T02:21:40,9124b27,2.13.0+cu130,gonzalo
36,0.8,inf,n3,normal,default,75,1e-07,,,,4,cuda,torch,400,8,,7.20827,0.0728679,18.878,0.0254174,3.86103,0.0394351,16.0661,0.0243799,50,1.244,1.139,2026-08-01T02:21:40,9124b27,2.13.0+cu130,gonzalo
36,0.8,40,n3,normal,default,75,1e-07,,,,4,cuda,torch,400,8,,7.7847,0.0791353,18.878,0.0254174,4.31425,0.0441542,16.0661,0.0243799,50,1.24,1.139,2026-08-01T02:21:40,9124b27,2.13.0+cu130,gonzalo
36,0.8,20,n3,normal,default,75,1e-07,,,,4,cuda,torch,400,8,,8.78935,0.090178,18.878,0.0254174,5.19922,0.0531999,16.0661,0.0243799,50,1.255,1.139,2026-08-01T02:21:40,9124b27,2.13.0+cu130,gonzalo
37,0.2,inf,n3,normal,default,75,1e-07,,,,4,cuda,torch,400,8,,1.79188,0.0181061,4.56338,0.00350426,0.879194,0.008867,3.91621,0.00210109,50,1.235,1.139,2026-08-01T02:21:40,9124b27,2.13.0+cu130,gonzalo
37,0.2,40,n3,normal,default,75,1e-07,,,,4,cuda,torch,400,8,,3.45125,0.0350802,4.56338,0.00350426,2.12155,0.0214729,3.91621,0.00210109,50,1.242,1.139,2026-08-01T02:21:40,9124b27,2.13.0+cu130,gonzalo
37,0.2,20,n3,normal,default,75,1e-07,,,,4,cuda,torch,400,8,,7.63188,0.0769755,4.56338,0.00350426,4.797,0.0484719,3.91621,0.00210109,50,1.234,1.139,2026-08-01T02:21:40,9124b27,2.13.0+cu130,gonzalo
37,0.4,inf,n3,normal,default,75,1e-07,,,,4,cuda,torch,400,8,,4.61234,0.0472363,9.08809,0.00746009,2.33991,0.0237794,7.81297,0.00509427,50,1.372,1.139,2026-08-01T02:21:40,9124b27,2.13.0+cu130,gonzalo
37,0.4,40,n3,normal,default,75,1e-07,,,,4,cuda,torch,400,8,,5.60484,0.057417,9.08809,0.00746009,3.17823,0.0323221,7.81297,0.00509427,50,1.488,1.139,2026-08-01T02:21:40,9124b27,2.13.0+cu130,gonzalo
37,0.4,20,n3,normal,default,75,1e-07,,,,4,cuda,torch,400,8,,8.38529,0.0850496,9.08809,0.00746009,5.15739,0.0522142,7.81297,0.00509427,50,1.29,1.139,2026-08-01T02:21:40,9124b27,2.13.0+cu130,gonzalo
37,0.8,inf,n3,normal,default,75,1e-07,,,,4,cuda,torch,400,8,,7.83166,0.0797056,18.0083,0.0188599,3.67334,0.0373913,15.5413,0.0161456,50,1.244,1.139,2026-08-01T02:21:40,9124b27,2.13.0+cu130,gonzalo
37,0.8,40,n3,normal,default,75,1e-07,,,,4,cuda,torch,400,8,,8.58902,0.0880293,18.0083,0.0188599,4.2791,0.0436994,15.5413,0.0161456,50,1.202,1.139,2026-08-01T02:21:40,9124b27,2.13.0+cu130,gonzalo
37,0.8,20,n3,normal,default,75,1e-07,,,,4,cuda,torch,400,8,,9.81283,0.10141,18.0083,0.0188599,5.49229,0.0561354,15.5413,0.0161456,50,1.253,1.139,2026-08-01T02:21:40,9124b27,2.13.0+cu130,gonzalo
38,0.2,inf,n3,normal,default,75,1e-07,,,,4,cuda,torch,400,8,,1.92083,0.0196374,3.656,0.00387088,0.813198,0.00818365,3.02932,0.00307665,50,1.205,1.139,2026-08-01T02:21:40,9124b27,2.13.0+cu130,gonzalo
38,0.2,40,n3,normal,default,75,1e-07,,,,4,cuda,torch,400,8,,3.04549,0.0311309,3.656,0.00387088,1.56102,0.0157314,3.02932,0.00307665,50,1.246,1.139,2026-08-01T02:21:40,9124b27,2.13.0+cu130,gonzalo
38,0.2,20,n3,normal,default,75,1e-07,,,,4,cuda,torch,400,8,,7.65083,0.0776822,3.656,0.00387088,4.68713,0.0473112,3.02932,0.00307665,50,1.333,1.139,2026-08-01T02:21:40,9124b27,2.13.0+cu130,gonzalo
38,0.4,inf,n3,normal,default,75,1e-07,,,,4,cuda,torch,400,8,,3.37019,0.0347847,7.36944,0.00747703,1.47215,0.0148491,6.0864,0.0051858,50,1.381,1.139,2026-08-01T02:21:40,9124b27,2.13.0+cu130,gonzalo
38,0.4,40,n3,normal,default,75,1e-07,,,,4,cuda,torch,400,8,,4.48162,0.0463606,7.36944,0.00747703,2.19283,0.0221919,6.0864,0.0051858,50,1.435,1.139,2026-08-01T02:21:40,9124b27,2.13.0+cu130,gonzalo
38,0.4,20,n3,normal,default,75,1e-07,,,,4,cuda,torch,400,8,,8.84152,0.0905405,7.36944,0.00747703,5.27244,0.0532341,6.0864,0.0051858,50,1.296,1.139,2026-08-01T02:21:40,9124b27,2.13.0+cu130,gonzalo
38,0.8,inf,n3,normal,default,75,1e-07,,,,4,cuda,torch,400,8,,6.70123,0.0706799,14.9954,0.0226606,3.04392,0.0310492,12.2935,0.0203505,50,1.216,1.139,2026-08-01T02:21:40,9124b27,2.13.0+cu130,gonzalo
38,0.8,40,n3,normal,default,75,1e-07,,,,4,cuda,torch,400,8,,8.27076,0.0872813,14.9954,0.0226606,4.17829,0.0426171,12.2935,0.0203505,50,1.43,1.139,2026-08-01T02:21:40,9124b27,2.13.0+cu130,gonzalo
38,0.8,20,n3,normal,default,75,1e-07,,,,4,cuda,torch,400,8,,10.7198,0.112216,14.9954,0.0226606,6.11091,0.0619552,12.2935,0.0203505,50,1.206,1.139,2026-08-01T02:21:40,9124b27,2.13.0+cu130,gonzalo
39,0.2,inf,n3,normal,default,75,1e-07,,,,4,cuda,torch,400,8,,2.26272,0.0228601,4.41665,0.00430162,1.02711,0.0103536,3.70136,0.00328311,50,1.237,1.139,2026-08-01T02:21:40,9124b27,2.13.0+cu130,gonzalo
39,0.2,40,n3,normal,default,75,1e-07,,,,4,cuda,torch,400,8,,3.09671,0.0314303,4.41665,0.00430162,2.04251,0.0207132,3.70136,0.00328311,50,1.158,1.139,2026-08-01T02:21:40,9124b27,2.13.0+cu130,gonzalo
39,0.2,20,n3,normal,default,75,1e-07,,,,4,cuda,torch,400,8,,7.57619,0.0760877,4.41665,0.00430162,4.9342,0.049918,3.70136,0.00328311,50,1.123,1.139,2026-08-01T02:21:40,9124b27,2.13.0+cu130,gonzalo
39,0.4,inf,n3,normal,default,75,1e-07,,,,4,cuda,torch,400,8,,3.86047,0.0388762,8.78367,0.00929594,2.05704,0.0208631,7.37835,0.00779028,50,1.117,1.139,2026-08-01T02:21:40,9124b27,2.13.0+cu130,gonzalo
39,0.4,40,n3,normal,default,75,1e-07,,,,4,cuda,torch,400,8,,4.70318,0.0476462,8.78367,0.00929594,2.99495,0.0305492,7.37835,0.00779028,50,1.144,1.139,2026-08-01T02:21:40,9124b27,2.13.0+cu130,gonzalo
39,0.4,20,n3,normal,default,75,1e-07,,,,4,cuda,torch,400,8,,7.62826,0.0768299,8.78367,0.00929594,5.00292,0.05079,7.37835,0.00779028,50,1.123,1.139,2026-08-01T02:21:40,9124b27,2.13.0+cu130,gonzalo
39,0.8,inf,n3,normal,default,75,1e-07,,,,4,cuda,torch,400,8,,7.34741,0.0732787,17.3703,0.0221732,3.88318,0.0396201,14.6581,0.0207595,50,1.123,1.139,2026-08-01T02:21:40,9124b27,2.13.0+cu130,gonzalo
39,0.8,40,n3,normal,default,75,1e-07,,,,4,cuda,torch,400,8,,8.0546,0.0813552,17.3703,0.0221732,4.45627,0.0456514,14.6581,0.0207595,50,1.113,1.139,2026-08-01T02:21:40,9124b27,2.13.0+cu130,gonzalo
39,0.8,20,n3,normal,default,75,1e-07,,,,4,cuda,torch,400,8,,9.21669,0.0937389,17.3703,0.0221732,5.50835,0.0563262,14.6581,0.0207595,50,1.114,1.139,2026-08-01T02:21:40,9124b27,2.13.0+cu130,gonzalo
40,0.2,inf,n3,normal,default,75,1e-07,,,,4,cuda,torch,400,8,,1.8898,0.0191674,4.3436,0.00209822,0.808474,0.00811786,3.81288,0.00165616,50,1.114,1.139,2026-08-01T02:21:40,9124b27,2.13.0+cu130,gonzalo
40,0.2,40,n3,normal,default,75,1e-07,,,,4,cuda,torch,400,8,,3.03791,0.0310811,4.3436,0.00209822,1.42762,0.0143982,3.81288,0.00165616,50,1.111,1.139,2026-08-01T02:21:40,9124b27,2.13.0+cu130,gonzalo
40,0.2,20,n3,normal,default,75,1e-07,,,,4,cuda,torch,400,8,,7.41,0.0753662,4.3436,0.00209822,4.42302,0.0445745,3.81288,0.00165616,50,1.113,1.139,2026-08-01T02:21:40,9124b27,2.13.0+cu130,gonzalo
40,0.4,inf,n3,normal,default,75,1e-07,,,,4,cuda,torch,400,8,,4.07879,0.0420484,8.67211,0.0047098,1.71733,0.0173673,7.62176,0.00389977,50,1.116,1.139,2026-08-01T02:21:40,9124b27,2.13.0+cu130,gonzalo
40,0.4,40,n3,normal,default,75,1e-07,,,,4,cuda,torch,400,8,,4.94873,0.0515044,8.67211,0.0047098,2.17784,0.0221444,7.62176,0.00389977,50,1.126,1.139,2026-08-01T02:21:40,9124b27,2.13.0+cu130,gonzalo
40,0.4,20,n3,normal,default,75,1e-07,,,,4,cuda,torch,400,8,,8.54968,0.0883174,8.67211,0.0047098,4.80689,0.0485533,7.62176,0.00389977,50,1.116,1.139,2026-08-01T02:21:40,9124b27,2.13.0+cu130,gonzalo
40,0.8,inf,n3,normal,default,75,1e-07,,,,4,cuda,torch,400,8,,8.32046,0.0879675,17.2847,0.0123412,3.62096,0.037154,15.2236,0.0110395,50,1.128,1.139,2026-08-01T02:21:40,9124b27,2.13.0+cu130,gonzalo
40,0.8,40,n3,normal,default,75,1e-07,,,,4,cuda,torch,400,8,,9.15699,0.0973186,17.2847,0.0123412,4.21567,0.0433519,15.2236,0.0110395,50,1.118,1.139,2026-08-01T02:21:40,9124b27,2.13.0+cu130,gonzalo
40,0.8,20,n3,normal,default,75,1e-07,,,,4,cuda,torch,400,8,,10.6654,0.112873,17.2847,0.0123412,5.51685,0.0563238,15.2236,0.0110395,50,1.125,1.139,2026-08-01T02:21:40,9124b27,2.13.0+cu130,gonzalo
41,0.2,inf,n3,normal,default,75,1e-07,,,,4,cuda,torch,400,8,,1.56118,0.0158789,4.45575,0.00261584,0.652043,0.00655911,3.84915,0.00222962,50,1.137,1.139,2026-08-01T02:21:40,9124b27,2.13.0+cu130,gonzalo
41,0.2,40,n3,normal,default,75,1e-07,,,,4,cuda,torch,400,8,,2.9449,0.0300349,4.45575,0.00261584,1.63045,0.0164498,3.84915,0.00222962,50,1.127,1.139,2026-08-01T02:21:40,9124b27,2.13.0+cu130,gonzalo
41,0.2,20,n3,normal,default,75,1e-07,,,,4,cuda,torch,400,8,,7.16758,0.0727719,4.45575,0.00261584,4.50565,0.0455158,3.84915,0.00222962,50,1.142,1.139,2026-08-01T02:21:40,9124b27,2.13.0+cu130,gonzalo
41,0.4,inf,n3,normal,default,75,1e-07,,,,4,cuda,torch,400,8,,3.70536,0.0381856,8.94923,0.00508371,1.68218,0.0170381,7.71337,0.00428663,50,1.142,1.139,2026-08-01T02:21:40,9124b27,2.13.0+cu130,gonzalo
41,0.4,40,n3,normal,default,75,1e-07,,,,4,cuda,torch,400,8,,5.21112,0.0536422,8.94923,0.00508371,2.84699,0.0288929,7.71337,0.00428663,50,1.153,1.139,2026-08-01T02:21:40,9124b27,2.13.0+cu130,gonzalo
41,0.4,20,n3,normal,default,75,1e-07,,,,4,cuda,torch,400,8,,7.79902,0.0797847,8.94923,0.00508371,4.75295,0.0481294,7.71337,0.00428663,50,1.141,1.139,2026-08-01T02:21:40,9124b27,2.13.0+cu130,gonzalo
41,0.8,inf,n3,normal,default,75,1e-07,,,,4,cuda,torch,400,8,,7.01077,0.0730869,18.0516,0.0109207,3.45593,0.0352819,15.488,0.00936781,50,1.13,1.139,2026-08-01T02:21:40,9124b27,2.13.0+cu130,gonzalo
41,0.8,40,n3,normal,default,75,1e-07,,,,4,cuda,torch,400,8,,7.80353,0.0814963,18.0516,0.0109207,4.10913,0.0419958,15.488,0.00936781,50,1.155,1.139,2026-08-01T02:21:40,9124b27,2.13.0+cu130,gonzalo
41,0.8,20,n3,normal,default,75,1e-07,,,,4,cuda,torch,400,8,,9.11313,0.0951284,18.0516,0.0109207,5.22478,0.0532949,15.488,0.00936781,50,1.142,1.139,2026-08-01T02:21:40,9124b27,2.13.0+cu130,gonzalo
42,0.2,inf,n3,normal,default,75,1e-07,,,,4,cuda,torch,400,8,,1.99536,0.0202607,4.4968,0.00391422,0.813514,0.00819422,3.9526,0.00322913,50,1.24,1.139,2026-08-01T02:21:40,9124b27,2.13.0+cu130,gonzalo
42,0.2,40,n3,normal,default,75,1e-07,,,,4,cuda,torch,400,8,,3.3298,0.0339344,4.4968,0.00391422,1.79533,0.0181119,3.9526,0.00322913,50,1.21,1.139,2026-08-01T02:21:40,9124b27,2.13.0+cu130,gonzalo
42,0.2,20,n3,normal,default,75,1e-07,,,,4,cuda,torch,400,8,,7.88616,0.0797489,4.4968,0.00391422,4.90576,0.0494827,3.9526,0.00322913,50,1.145,1.139,2026-08-01T02:21:40,9124b27,2.13.0+cu130,gonzalo
42,0.4,inf,n3,normal,default,75,1e-07,,,,4,cuda,torch,400,8,,5.0724,0.0524183,9.02058,0.00801147,2.37153,0.0241,7.9398,0.00625831,50,1.149,1.139,2026-08-01T02:21:40,9124b27,2.13.0+cu130,gonzalo
42,0.4,40,n3,normal,default,75,1e-07,,,,4,cuda,torch,400,8,,6.31608,0.0652247,9.02058,0.00801147,3.34476,0.0339428,7.9398,0.00625831,50,1.136,1.139,2026-08-01T02:21:40,9124b27,2.13.0+cu130,gonzalo
42,0.4,20,n3,normal,default,75,1e-07,,,,4,cuda,torch,400,8,,8.8539,0.0907711,9.02058,0.00801147,5.27286,0.0533095,7.9398,0.00625831,50,1.123,1.139,2026-08-01T02:21:40,9124b27,2.13.0+cu130,gonzalo
42,0.8,inf,n3,normal,default,75,1e-07,,,,4,cuda,torch,400,8,,9.26363,0.0976794,18.1535,0.0182566,4.60497,0.0471925,16.0246,0.0136784,50,1.139,1.139,2026-08-01T02:21:40,9124b27,2.13.0+cu130,gonzalo
42,0.8,40,n3,normal,default,75,1e-07,,,,4,cuda,torch,400,8,,10.0481,0.105966,18.1535,0.0182566,5.21954,0.0534679,16.0246,0.0136784,50,1.145,1.139,2026-08-01T02:21:40,9124b27,2.13.0+cu130,gonzalo
42,0.8,20,n3,normal,default,75,1e-07,,,,4,cuda,torch,400,8,,10.6664,0.11218,18.1535,0.0182566,5.96519,0.0609537,16.0246,0.0136784,50,1.186,1.139,2026-08-01T02:21:40,9124b27,2.13.0+cu130,gonzalo
43,0.2,inf,n3,normal,default,75,1e-07,,,,4,cuda,torch,400,8,,1.81712,0.0184574,3.785,0.003126,0.809495,0.00814373,2.91869,0.00254605,50,1.14,1.139,2026-08-01T02:21:40,9124b27,2.13.0+cu130,gonzalo
43,0.2,40,n3,normal,default,75,1e-07,,,,4,cuda,torch,400,8,,3.35557,0.0342658,3.785,0.003126,1.79431,0.0181429,2.91869,0.00254605,50,1.144,1.139,2026-08-01T02:21:40,9124b27,2.13.0+cu130,gonzalo
43,0.2,20,n3,normal,default,75,1e-07,,,,4,cuda,torch,400,8,,8.02083,0.0814607,3.785,0.003126,4.86508,0.049172,2.91869,0.00254605,50,1.141,1.139,2026-08-01T02:21:40,9124b27,2.13.0+cu130,gonzalo
43,0.4,inf,n3,normal,default,75,1e-07,,,,4,cuda,torch,400,8,,3.62269,0.0371966,7.56247,0.00624932,1.63422,0.0165254,5.82068,0.00426351,50,1.133,1.139,2026-08-01T02:21:40,9124b27,2.13.0+cu130,gonzalo
43,0.4,40,n3,normal,default,75,1e-07,,,,4,cuda,torch,400,8,,5.39499,0.0556482,7.56247,0.00624932,2.81593,0.0286066,5.82068,0.00426351,50,1.12,1.139,2026-08-01T02:21:40,9124b27,2.13.0+cu130,gonzalo
43,0.4,20,n3,normal,default,75,1e-07,,,,4,cuda,torch,400,8,,9.3445,0.095563,7.56247,0.00624932,5.51142,0.0557551,5.82068,0.00426351,50,1.119,1.139,2026-08-01T02:21:40,9124b27,2.13.0+cu130,gonzalo
43,0.8,inf,n3,normal,default,75,1e-07,,,,4,cuda,torch,400,8,,7.19681,0.0751298,15.105,0.0168554,3.3485,0.0341702,11.5793,0.0115866,50,1.128,1.139,2026-08-01T02:21:40,9124b27,2.13.0+cu130,gonzalo
43,0.8,40,n3,normal,default,75,1e-07,,,,4,cuda,torch,400,8,,8.43073,0.0883016,15.105,0.0168554,4.22892,0.0432936,11.5793,0.0115866,50,1.166,1.139,2026-08-01T02:21:40,9124b27,2.13.0+cu130,gonzalo
43,0.8,20,n3,normal,default,75,1e-07,,,,4,cuda,torch,400,8,,10.6552,0.111456,15.105,0.0168554,5.90121,0.06014,11.5793,0.0115866,50,1.174,1.139,2026-08-01T02:21:40,9124b27,2.13.0+cu130,gonzalo
44,0.2,inf,n3,normal,default,75,1e-07,,,,4,cuda,torch,400,8,,1.47028,0.014832,4.50777,0.00132028,0.60168,0.00602713,3.37794,0.000813472,50,1.238,1.139,2026-08-01T02:21:40,9124b27,2.13.0+cu130,gonzalo
44,0.2,40,n3,normal,default,75,1e-07,,,,4,cuda,torch,400,8,,2.53671,0.0258167,4.50777,0.00132028,1.31148,0.0132156,3.37794,0.000813472,50,1.223,1.139,2026-08-01T02:21:40,9124b27,2.13.0+cu130,gonzalo
44,0.2,20,n3,normal,default,75,1e-07,,,,4,cuda,torch,400,8,,6.88775,0.0701216,4.50777,0.00132028,4.30242,0.0434927,3.37794,0.000813472,50,1.329,1.139,2026-08-01T02:21:40,9124b27,2.13.0+cu130,gonzalo
44,0.4,inf,n3,normal,default,75,1e-07,,,,4,cuda,torch,400,8,,2.92471,0.0296633,8.95706,0.00298618,1.19667,0.0120184,6.73641,0.00193499,50,1.197,1.139,2026-08-01T02:21:40,9124b27,2.13.0+cu130,gonzalo
44,0.4,40,n3,normal,default,75,1e-07,,,,4,cuda,torch,400,8,,3.87639,0.0397811,8.95706,0.00298618,1.85148,0.0187319,6.73641,0.00193499,50,1.219,1.139,2026-08-01T02:21:40,9124b27,2.13.0+cu130,gonzalo
44,0.4,20,n3,normal,default,75,1e-07,,,,4,cuda,torch,400,8,,7.22616,0.0743497,8.95706,0.00298618,4.36418,0.0442101,6.73641,0.00193499,50,1.252,1.139,2026-08-01T02:21:40,9124b27,2.13.0+cu130,gonzalo
44,0.8,inf,n3,normal,default,75,1e-07,,,,4,cuda,torch,400,8,,6.80107,0.0687466,17.6807,0.00903249,2.75259,0.0277453,13.3939,0.00741987,50,1.36,1.139,2026-08-01T02:21:40,9124b27,2.13.0+cu130,gonzalo
44,0.8,40,n3,normal,default,75,1e-07,,,,4,cuda,torch,400,8,,7.4689,0.0764949,17.6807,0.00903249,3.37811,0.03431,13.3939,0.00741987,50,1.34,1.139,2026-08-01T02:21:40,9124b27,2.13.0+cu130,gonzalo
44,0.8,20,n3,normal,default,75,1e-07,,,,4,cuda,torch,400,8,,9.08654,0.0948607,17.6807,0.00903249,4.86189,0.0495566,13.3939,0.00741987,50,1.435,1.139,2026-08-01T02:21:40,9124b27,2.13.0+cu130,gonzalo
45,0.2,inf,n3,normal,default,75,1e-07,,,,4,cuda,torch,400,8,,2.37483,0.0240487,4.04669,0.0063691,1.27216,0.0128364,2.64661,0.00459715,50,1.262,1.139,2026-08-01T02:21:40,9124b27,2.13.0+cu130,gonzalo
45,0.2,40,n3,normal,default,75,1e-07,,,,4,cuda,torch,400,8,,4.3104,0.0436234,4.04669,0.0063691,2.62914,0.0266497,2.64661,0.00459715,50,1.199,1.139,2026-08-01T02:21:40,9124b27,2.13.0+cu130,gonzalo
45,0.2,20,n3,normal,default,75,1e-07,,,,4,cuda,torch,400,8,,8.38201,0.0845491,4.04669,0.0063691,5.22224,0.0528421,2.64661,0.00459715,50,1.236,1.139,2026-08-01T02:21:40,9124b27,2.13.0+cu130,gonzalo
45,0.4,inf,n3,normal,default,75,1e-07,,,,4,cuda,torch,400,8,,4.58472,0.0465309,8.24789,0.0168787,2.624,0.0266545,5.37812,0.0148678,50,1.214,1.139,2026-08-01T02:21:40,9124b27,2.13.0+cu130,gonzalo
45,0.4,40,n3,normal,default,75,1e-07,,,,4,cuda,torch,400,8,,6.37519,0.0646494,8.24789,0.0168787,3.80019,0.0386789,5.37812,0.0148678,50,1.25,1.139,2026-08-01T02:21:40,9124b27,2.13.0+cu130,gonzalo
45,0.4,20,n3,normal,default,75,1e-07,,,,4,cuda,torch,400,8,,9.92461,0.100178,8.24789,0.0168787,5.98284,0.0605941,5.37812,0.0148678,50,1.3,1.139,2026-08-01T02:21:40,9124b27,2.13.0+cu130,gonzalo
45,0.8,inf,n3,normal,default,75,1e-07,,,,4,cuda,torch,400,8,,8.47686,0.0863799,17.147,0.0882447,4.53525,0.0462563,11.1144,0.0981605,50,1.293,1.139,2026-08-01T02:21:40,9124b27,2.13.0+cu130,gonzalo
45,0.8,40,n3,normal,default,75,1e-07,,,,4,cuda,torch,400,8,,10.217,0.104243,17.147,0.0882447,5.57766,0.0568927,11.1144,0.0981605,50,1.321,1.139,2026-08-01T02:21:40,9124b27,2.13.0+cu130,gonzalo
45,0.8,20,n3,normal,default,75,1e-07,,,,4,cuda,torch,400,8,,12.126,0.123418,17.147,0.0882447,6.90916,0.0701341,11.1144,0.0981605,50,1.446,1.139,2026-08-01T02:21:40,9124b27,2.13.0+cu130,gonzalo
46,0.2,inf,n3,normal,default,75,1e-07,,,,4,cuda,torch,400,8,,2.2224,0.0220598,4.3072,0.00275237,1.00934,0.0101068,3.68074,0.00243744,50,1.301,1.139,2026-08-01T02:21:40,9124b27,2.13.0+cu130,gonzalo
46,0.2,40,n3,normal,default,75,1e-07,,,,4,cuda,torch,400,8,,2.94985,0.029978,4.3072,0.00275237,1.98511,0.0201442,3.68074,0.00243744,49,1.262,1.139,2026-08-01T02:21:40,9124b27,2.13.0+cu130,gonzalo
46,0.2,20,n3,normal,default,75,1e-07,,,,4,cuda,torch,400,8,,6.84789,0.0688508,4.3072,0.00275237,4.55749,0.0461706,3.68074,0.00243744,50,1.233,1.139,2026-08-01T02:21:40,9124b27,2.13.0+cu130,gonzalo
46,0.4,inf,n3,normal,default,75,1e-07,,,,4,cuda,torch,400,8,,3.88162,0.0389412,8.61703,0.00623034,2.10497,0.0213737,7.38038,0.00589358,50,1.242,1.139,2026-08-01T02:21:40,9124b27,2.13.0+cu130,gonzalo
46,0.4,40,n3,normal,default,75,1e-07,,,,4,cuda,torch,400,8,,4.29279,0.0436734,8.61703,0.00623034,2.85508,0.0292243,7.38038,0.00589358,50,1.185,1.139,2026-08-01T02:21:40,9124b27,2.13.0+cu130,gonzalo
46,0.4,20,n3,normal,default,75,1e-07,,,,4,cuda,torch,400,8,,6.89925,0.0694794,8.61703,0.00623034,4.70999,0.0479006,7.38038,0.00589358,50,1.277,1.139,2026-08-01T02:21:40,9124b27,2.13.0+cu130,gonzalo
46,0.8,inf,n3,normal,default,75,1e-07,,,,4,cuda,torch,400,8,,6.49009,0.0644839,17.2483,0.0149582,3.51118,0.0359421,14.8374,0.014944,50,1.252,1.139,2026-08-01T02:21:40,9124b27,2.13.0+cu130,gonzalo
46,0.8,40,n3,normal,default,75,1e-07,,,,4,cuda,torch,400,8,,6.83272,0.0688562,17.2483,0.0149582,3.9606,0.0407825,14.8374,0.014944,50,1.212,1.139,2026-08-01T02:21:40,9124b27,2.13.0+cu130,gonzalo
46,0.8,20,n3,normal,default,75,1e-07,,,,4,cuda,torch,400,8,,7.98668,0.0814378,17.2483,0.0149582,5.06983,0.0521721,14.8374,0.014944,50,1.289,1.139,2026-08-01T02:21:40,9124b27,2.13.0+cu130,gonzalo
47,0.2,inf,n3,normal,default,75,1e-07,,,,4,cuda,torch,400,8,,2.15985,0.0219952,4.72858,0.00197282,0.853743,0.00861184,4.12257,0.00177876,50,1.206,1.139,2026-08-01T02:21:40,9124b27,2.13.0+cu130,gonzalo
47,0.2,40,n3,normal,default,75,1e-07,,,,4,cuda,torch,400,8,,3.29625,0.033711,4.72858,0.00197282,1.60672,0.0162156,4.12257,0.00177876,50,1.189,1.139,2026-08-01T02:21:40,9124b27,2.13.0+cu130,gonzalo
47,0.2,20,n3,normal,default,75,1e-07,,,,4,cuda,torch,400,8,,7.63449,0.0774335,4.72858,0.00197282,4.63654,0.0467522,4.12257,0.00177876,50,1.234,1.139,2026-08-01T02:21:40,9124b27,2.13.0+cu130,gonzalo
47,0.4,inf,n3,normal,default,75,1e-07,,,,4,cuda,torch,400,8,,4.90785,0.0509254,9.44689,0.00431821,2.07054,0.0210995,8.26273,0.00405887,50,1.268,1.139,2026-08-01T02:21:40,9124b27,2.13.0+cu130,gonzalo
47,0.4,40,n3,normal,default,75,1e-07,,,,4,cuda,torch,400,8,,6.01037,0.0623754,9.44689,0.00431821,2.8672,0.02914,8.26273,0.00405887,50,1.165,1.139,2026-08-01T02:21:40,9124b27,2.13.0+cu130,gonzalo
47,0.4,20,n3,normal,default,75,1e-07,,,,4,cuda,torch,400,8,,8.7069,0.0895779,9.44689,0.00431821,4.95341,0.0500342,8.26273,0.00405887,50,1.182,1.139,2026-08-01T02:21:40,9124b27,2.13.0+cu130,gonzalo
47,0.8,inf,n3,normal,default,75,1e-07,,,,4,cuda,torch,400,8,,10.047,0.106659,18.8436,0.0104026,4.69838,0.048312,16.5911,0.0102983,50,1.252,1.139,2026-08-01T02:21:40,9124b27,2.13.0+cu130,gonzalo
47,0.8,40,n3,normal,default,75,1e-07,,,,4,cuda,torch,400,8,,10.5845,0.112302,18.8436,0.0104026,5.10695,0.052463,16.5911,0.0102983,50,1.246,1.139,2026-08-01T02:21:40,9124b27,2.13.0+cu130,gonzalo
47,0.8,20,n3,normal,default,75,1e-07,,,,4,cuda,torch,400,8,,11.1633,0.118016,18.8436,0.0104026,5.80732,0.0594319,16.5911,0.0102983,50,1.176,1.139,2026-08-01T02:21:40,9124b27,2.13.0+cu130,gonzalo
48,0.2,inf,n3,normal,default,75,1e-07,,,,4,cuda,torch,400,8,,0.865151,0.00866805,4.07237,0.00147086,0.367145,0.00367174,3.16706,0.000992605,50,1.202,1.139,2026-08-01T02:21:40,9124b27,2.13.0+cu130,gonzalo
48,0.2,40,n3,normal,default,75,1e-07,,,,4,cuda,torch,400,8,,2.24272,0.0226829,4.07237,0.00147086,1.33966,0.0134855,3.16706,0.000992605,50,1.188,1.139,2026-08-01T02:21:40,9124b27,2.13.0+cu130,gonzalo
48,0.2,20,n3,normal,default,75,1e-07,,,,4,cuda,torch,400,8,,6.65883,0.0672073,4.07237,0.00147086,4.32015,0.0435678,3.16706,0.000992605,50,1.248,1.139,2026-08-01T02:21:40,9124b27,2.13.0+cu130,gonzalo
48,0.4,inf,n3,normal,default,75,1e-07,,,,4,cuda,torch,400,8,,2.40855,0.0245322,8.13322,0.00355238,1.08221,0.0109318,6.32722,0.00272656,50,1.22,1.139,2026-08-01T02:21:40,9124b27,2.13.0+cu130,gonzalo
48,0.4,40,n3,normal,default,75,1e-07,,,,4,cuda,torch,400,8,,3.8047,0.038899,8.13322,0.00355238,2.07271,0.0209823,6.32722,0.00272656,50,1.284,1.139,2026-08-01T02:21:40,9124b27,2.13.0+cu130,gonzalo
48,0.4,20,n3,normal,default,75,1e-07,,,,4,cuda,torch,400,8,,7.73034,0.0785296,8.13322,0.00355238,4.85354,0.0489838,6.32722,0.00272656,50,1.216,1.139,2026-08-01T02:21:40,9124b27,2.13.0+cu130,gonzalo
48,0.8,inf,n3,normal,default,75,1e-07,,,,4,cuda,torch,400,8,,6.27636,0.0649464,16.2274,0.0111524,2.90956,0.0297045,12.6273,0.00987981,50,1.251,1.139,2026-08-01T02:21:40,9124b27,2.13.0+cu130,gonzalo
48,0.8,40,n3,normal,default,75,1e-07,,,,4,cuda,torch,400,8,,7.40869,0.0770897,16.2274,0.0111524,3.7649,0.0384741,12.6273,0.00987981,50,1.251,1.139,2026-08-01T02:21:40,9124b27,2.13.0+cu130,gonzalo
48,0.8,20,n3,normal,default,75,1e-07,,,,4,cuda,torch,400,8,,9.33781,0.0971901,16.2274,0.0111524,5.34502,0.0543844,12.6273,0.00987981,50,1.249,1.139,2026-08-01T02:21:40,9124b27,2.13.0+cu130,gonzalo
49,0.2,inf,n3,normal,default,75,1e-07,,,,4,cuda,torch,400,8,,1.62013,0.0165339,3.88045,0.00343063,0.885073,0.00895462,2.94913,0.0026433,50,1.16,1.139,2026-08-01T02:21:40,9124b27,2.13.0+cu130,gonzalo
49,0.2,40,n3,normal,default,75,1e-07,,,,4,cuda,torch,400,8,,3.0237,0.0306496,3.88045,0.00343063,2.00979,0.0203703,2.94913,0.0026433,50,1.155,1.139,2026-08-01T02:21:40,9124b27,2.13.0+cu130,gonzalo
49,0.2,20,n3,normal,default,75,1e-07,,,,4,cuda,torch,400,8,,7.46191,0.0752014,3.88045,0.00343063,4.8418,0.0490257,2.94913,0.0026433,50,1.155,1.139,2026-08-01T02:21:40,9124b27,2.13.0+cu130,gonzalo
49,0.4,inf,n3,normal,default,75,1e-07,,,,4,cuda,torch,400,8,,3.09079,0.0316487,7.95542,0.0063492,2.03311,0.0207677,6.01722,0.00406846,50,1.264,1.139,2026-08-01T02:21:40,9124b27,2.13.0+cu130,gonzalo
49,0.4,40,n3,normal,default,75,1e-07,,,,4,cuda,torch,400,8,,4.25715,0.0432476,7.95542,0.0063492,2.89654,0.0295789,6.01722,0.00406846,50,1.253,1.139,2026-08-01T02:21:40,9124b27,2.13.0+cu130,gonzalo
49,0.4,20,n3,normal,default,75,1e-07,,,,4,cuda,torch,400,8,,8.12164,0.0817411,7.95542,0.0063492,5.24501,0.0532209,6.01722,0.00406846,50,1.247,1.139,2026-08-01T02:21:40,9124b27,2.13.0+cu130,gonzalo
49,0.8,inf,n3,normal,default,75,1e-07,,,,4,cuda,torch,400,8,,4.81508,0.0493399,16.736,0.0223604,3.11035,0.0320738,12.5314,0.0212916,50,1.165,1.139,2026-08-01T02:21:40,9124b27,2.13.0+cu130,gonzalo
49,0.8,40,n3,normal,default,75,1e-07,,,,4,cuda,torch,400,8,,5.84542,0.0597028,16.736,0.0223604,3.75925,0.0386796,12.5314,0.0212916,50,1.164,1.139,2026-08-01T02:21:40,9124b27,2.13.0+cu130,gonzalo
49,0.8,20,n3,normal,default,75,1e-07,,,,4,cuda,torch,400,8,,8.77174,0.0887304,16.736,0.0223604,5.4972,0.0561,12.5314,0.0212916,50,1.162,1.139,2026-08-01T02:21:40,9124b27,2.13.0+cu130,gonzalo
50,0.2,inf,n3,normal,default,75,1e-07,,,,4,cuda,torch,400,8,,1.59355,0.0157528,4.0376,0.00252961,0.687474,0.00685023,3.21733,0.00224777,50,1.151,1.139,2026-08-01T02:21:40,9124b27,2.13.0+cu130,gonzalo
50,0.2,40,n3,normal,default,75,1e-07,,,,4,cuda,torch,400,8,,2.16242,0.021891,4.0376,0.00252961,1.44431,0.014616,3.21733,0.00224777,50,1.157,1.139,2026-08-01T02:21:40,9124b27,2.13.0+cu130,gonzalo
50,0.2,20,n3,normal,default,75,1e-07,,,,4,cuda,torch,400,8,,6.19442,0.0626877,4.0376,0.00252961,4.07558,0.0412873,3.21733,0.00224777,50,1.154,1.139,2026-08-01T02:21:40,9124b27,2.13.0+cu130,gonzalo
50,0.4,inf,n3,normal,default,75,1e-07,,,,4,cuda,torch,400,8,,2.72523,0.0270971,8.05919,0.00581902,1.33554,0.0134326,6.42421,0.0056145,50,1.165,1.139,2026-08-01T02:21:40,9124b27,2.13.0+cu130,gonzalo
50,0.4,40,n3,normal,default,75,1e-07,,,,4,cuda,torch,400,8,,3.55061,0.0361773,8.05919,0.00581902,2.29109,0.0233899,6.42421,0.0056145,49,1.142,1.139,2026-08-01T02:21:40,9124b27,2.13.0+cu130,gonzalo
50,0.4,20,n3,normal,default,75,1e-07,,,,4,cuda,torch,400,8,,6.40363,0.0652211,8.05919,0.00581902,4.2134,0.0428527,6.42421,0.0056145,50,1.165,1.139,2026-08-01T02:21:40,9124b27,2.13.0+cu130,gonzalo
50,0.8,inf,n3,normal,default,75,1e-07,,,,4,cuda,torch,400,8,,5.29669,0.0530356,16.0593,0.0150088,2.95027,0.0301224,12.8079,0.0155459,50,1.167,1.139,2026-08-01T02:21:40,9124b27,2.13.0+cu130,gonzalo
50,0.8,40,n3,normal,default,75,1e-07,,,,4,cuda,torch,400,8,,5.79965,0.0588662,16.0593,0.0150088,3.42565,0.0351415,12.8079,0.0155459,50,1.17,1.139,2026-08-01T02:21:40,9124b27,2.13.0+cu130,gonzalo
50,0.8,20,n3,normal,default,75,1e-07,,,,4,cuda,torch,400,8,,6.88478,0.0705938,16.0593,0.0150088,4.32055,0.0442635,12.8079,0.0155459,50,1.164,1.139,2026-08-01T02:21:40,9124b27,2.13.0+cu130,gonzalo
1,0.2,inf,n3,qr,fixed30,75,1e-07,,,,4,cuda,torch,400,8,,2.10777,0.0213303,3.9497,0.00479213,0.962757,0.00969155,2.80681,0.00448657,30,2.629,2.608,2026-08-01T02:21:40,9124b27,2.13.0+cu130,gonzalo
1,0.2,40,n3,qr,fixed30,75,1e-07,,,,4,cuda,torch,400,8,,3.10562,0.0314318,3.9497,0.00479213,1.75087,0.0176556,2.80681,0.00448657,30,2.632,2.608,2026-08-01T02:21:40,9124b27,2.13.0+cu130,gonzalo
1,0.2,20,n3,qr,fixed30,75,1e-07,,,,4,cuda,torch,400,8,,5.89558,0.0590401,3.9497,0.00479213,3.84245,0.0386327,2.80681,0.00448657,30,2.632,2.608,2026-08-01T02:21:40,9124b27,2.13.0+cu130,gonzalo
1,0.4,inf,n3,qr,fixed30,75,1e-07,,,,4,cuda,torch,400,8,,4.81512,0.0493711,8.01912,0.0083344,2.37244,0.0240778,5.66111,0.00736837,30,2.717,2.608,2026-08-01T02:21:40,9124b27,2.13.0+cu130,gonzalo
1,0.4,40,n3,qr,fixed30,75,1e-07,,,,4,cuda,torch,400,8,,5.72249,0.0584317,8.01912,0.0083344,3.13888,0.0317878,5.66111,0.00736837,30,2.74,2.608,2026-08-01T02:21:40,9124b27,2.13.0+cu130,gonzalo
1,0.4,20,n3,qr,fixed30,75,1e-07,,,,4,cuda,torch,400,8,,7.65977,0.0773901,8.01912,0.0083344,4.74153,0.0477681,5.66111,0.00736837,30,2.71,2.608,2026-08-01T02:21:40,9124b27,2.13.0+cu130,gonzalo
1,0.8,inf,n3,qr,fixed30,75,1e-07,,,,4,cuda,torch,400,8,,9.49713,0.100008,16.5439,0.014373,4.7093,0.0483012,11.5177,0.0107413,30,2.577,2.608,2026-08-01T02:21:40,9124b27,2.13.0+cu130,gonzalo
1,0.8,40,n3,qr,fixed30,75,1e-07,,,,4,cuda,torch,400,8,,9.9177,0.104257,16.5439,0.014373,5.1222,0.0524274,11.5177,0.0107413,30,2.594,2.608,2026-08-01T02:21:40,9124b27,2.13.0+cu130,gonzalo
1,0.8,20,n3,qr,fixed30,75,1e-07,,,,4,cuda,torch,400,8,,10.3702,0.108566,16.5439,0.014373,5.74371,0.0585261,11.5177,0.0107413,30,2.583,2.608,2026-08-01T02:21:40,9124b27,2.13.0+cu130,gonzalo
2,0.2,inf,n3,qr,fixed30,75,1e-07,,,,4,cuda,torch,400,8,,2.21836,0.0218948,3.87511,0.00273464,0.970958,0.0096917,3.28263,0.00185466,30,2.71,2.608,2026-08-01T02:21:40,9124b27,2.13.0+cu130,gonzalo
2,0.2,40,n3,qr,fixed30,75,1e-07,,,,4,cuda,torch,400,8,,2.73007,0.0274559,3.87511,0.00273464,1.51554,0.0152737,3.28263,0.00185466,30,2.736,2.608,2026-08-01T02:21:40,9124b27,2.13.0+cu130,gonzalo
2,0.2,20,n3,qr,fixed30,75,1e-07,,,,4,cuda,torch,400,8,,5.4862,0.0550786,3.87511,0.00273464,3.66229,0.0368944,3.28263,0.00185466,30,2.752,2.608,2026-08-01T02:21:40,9124b27,2.13.0+cu130,gonzalo
2,0.4,inf,n3,qr,fixed30,75,1e-07,,,,4,cuda,torch,400,8,,5.03782,0.0498624,7.6336,0.00623601,2.28844,0.0229597,6.49394,0.00474227,30,2.583,2.608,2026-08-01T02:21:40,9124b27,2.13.0+cu130,gonzalo
2,0.4,40,n3,qr,fixed30,75,1e-07,,,,4,cuda,torch,400,8,,5.58889,0.0560361,7.6336,0.00623601,2.83658,0.0286753,6.49394,0.00474227,30,2.605,2.608,2026-08-01T02:21:40,9124b27,2.13.0+cu130,gonzalo
2,0.4,20,n3,qr,fixed30,75,1e-07,,,,4,cuda,torch,400,8,,6.89632,0.0696563,7.6336,0.00623601,4.24637,0.0429975,6.49394,0.00474227,30,2.581,2.608,2026-08-01T02:21:40,9124b27,2.13.0+cu130,gonzalo
2,0.8,inf,n3,qr,fixed30,75,1e-07,,,,4,cuda,torch,400,8,,10.1206,0.10045,14.8258,0.0188542,5.20903,0.0526256,12.7108,0.0174539,30,2.607,2.608,2026-08-01T02:21:40,9124b27,2.13.0+cu130,gonzalo
2,0.8,40,n3,qr,fixed30,75,1e-07,,,,4,cuda,torch,400,8,,10.3882,0.103204,14.8258,0.0188542,5.51598,0.0557562,12.7108,0.0174539,30,2.594,2.608,2026-08-01T02:21:40,9124b27,2.13.0+cu130,gonzalo
2,0.8,20,n3,qr,fixed30,75,1e-07,,,,4,cuda,torch,400,8,,10.5932,0.105372,14.8258,0.0188542,6.00486,0.060642,12.7108,0.0174539,30,2.611,2.608,2026-08-01T02:21:40,9124b27,2.13.0+cu130,gonzalo
3,0.2,inf,n3,qr,fixed30,75,1e-07,,,,4,cuda,torch,400,8,,2.0232,0.0202797,3.96223,0.001591,0.841965,0.00844688,2.92538,0.00121479,30,2.588,2.608,2026-08-01T02:21:40,9124b27,2.13.0+cu130,gonzalo
3,0.2,40,n3,qr,fixed30,75,1e-07,,,,4,cuda,torch,400,8,,2.56065,0.0259126,3.96223,0.001591,1.39364,0.0140549,2.92538,0.00121479,30,2.587,2.608,2026-08-01T02:21:40,9124b27,2.13.0+cu130,gonzalo
3,0.2,20,n3,qr,fixed30,75,1e-07,,,,4,cuda,torch,400,8,,5.28079,0.0529742,3.96223,0.001591,3.53368,0.0355955,2.92538,0.00121479,30,2.587,2.608,2026-08-01T02:21:40,9124b27,2.13.0+cu130,gonzalo
3,0.4,inf,n3,qr,fixed30,75,1e-07,,,,4,cuda,torch,400,8,,4.34556,0.0442383,8.00337,0.00308768,1.97196,0.0200089,5.87492,0.00213631,30,2.562,2.608,2026-08-01T02:21:40,9124b27,2.13.0+cu130,gonzalo
3,0.4,40,n3,qr,fixed30,75,1e-07,,,,4,cuda,torch,400,8,,4.85053,0.0496814,8.00337,0.00308768,2.52356,0.0256712,5.87492,0.00213631,30,2.566,2.608,2026-08-01T02:21:40,9124b27,2.13.0+cu130,gonzalo
3,0.4,20,n3,qr,fixed30,75,1e-07,,,,4,cuda,torch,400,8,,6.70442,0.068119,8.00337,0.00308768,4.23538,0.0428882,5.87492,0.00213631,30,2.579,2.608,2026-08-01T02:21:40,9124b27,2.13.0+cu130,gonzalo
3,0.8,inf,n3,qr,fixed30,75,1e-07,,,,4,cuda,torch,400,8,,8.9874,0.0938699,16.3393,0.00715361,4.29809,0.0442271,11.8498,0.00503285,30,2.573,2.608,2026-08-01T02:21:40,9124b27,2.13.0+cu130,gonzalo
3,0.8,40,n3,qr,fixed30,75,1e-07,,,,4,cuda,torch,400,8,,9.28372,0.0973587,16.3393,0.00715361,4.64874,0.0479077,11.8498,0.00503285,30,2.563,2.608,2026-08-01T02:21:40,9124b27,2.13.0+cu130,gonzalo
3,0.8,20,n3,qr,fixed30,75,1e-07,,,,4,cuda,torch,400,8,,9.66764,0.101514,16.3393,0.00715361,5.26196,0.0540755,11.8498,0.00503285,30,2.57,2.608,2026-08-01T02:21:40,9124b27,2.13.0+cu130,gonzalo
4,0.2,inf,n3,qr,fixed30,75,1e-07,,,,4,cuda,torch,400,8,,2.3524,0.023644,4.78204,0.00301097,1.46817,0.0145256,3.64935,0.00229466,30,2.627,2.608,2026-08-01T02:21:40,9124b27,2.13.0+cu130,gonzalo
4,0.2,40,n3,qr,fixed30,75,1e-07,,,,4,cuda,torch,400,8,,2.75008,0.027859,4.78204,0.00301097,1.51908,0.0151882,3.64935,0.00229466,30,2.588,2.608,2026-08-01T02:21:40,9124b27,2.13.0+cu130,gonzalo
4,0.2,20,n3,qr,fixed30,75,1e-07,,,,4,cuda,torch,400,8,,4.78715,0.0487938,4.78204,0.00301097,2.92064,0.0294098,3.64935,0.00229466,30,2.642,2.608,2026-08-01T02:21:40,9124b27,2.13.0+cu130,gonzalo
4,0.4,inf,n3,qr,fixed30,75,1e-07,,,,4,cuda,torch,400,8,,5.02935,0.0502179,9.53594,0.00774396,3.76805,0.0366045,7.282,0.00671299,30,2.575,2.608,2026-08-01T02:21:40,9124b27,2.13.0+cu130,gonzalo
4,0.4,40,n3,qr,fixed30,75,1e-07,,,,4,cuda,torch,400,8,,5.12836,0.0518251,9.53594,0.00774396,3.28716,0.0324064,7.282,0.00671299,30,2.574,2.608,2026-08-01T02:21:40,9124b27,2.13.0+cu130,gonzalo
4,0.4,20,n3,qr,fixed30,75,1e-07,,,,4,cuda,torch,400,8,,6.29178,0.0649235,9.53594,0.00774396,3.60531,0.0364855,7.282,0.00671299,30,2.576,2.608,2026-08-01T02:21:40,9124b27,2.13.0+cu130,gonzalo
4,0.8,inf,n3,qr,fixed30,75,1e-07,,,,4,cuda,torch,400,8,,11.0249,0.110701,18.9441,0.0310387,7.19357,0.0696132,14.4923,0.0302869,30,2.578,2.608,2026-08-01T02:21:40,9124b27,2.13.0+cu130,gonzalo
4,0.8,40,n3,qr,fixed30,75,1e-07,,,,4,cuda,torch,400,8,,11.2698,0.113701,18.9441,0.0310387,6.93481,0.0677494,14.4923,0.0302869,30,2.571,2.608,2026-08-01T02:21:40,9124b27,2.13.0+cu130,gonzalo
4,0.8,20,n3,qr,fixed30,75,1e-07,,,,4,cuda,torch,400,8,,11.5923,0.11839,18.9441,0.0310387,6.74564,0.0670959,14.4923,0.0302869,30,2.576,2.608,2026-08-01T02:21:40,9124b27,2.13.0+cu130,gonzalo
5,0.2,inf,n3,qr,fixed30,75,1e-07,,,,4,cuda,torch,400,8,,2.32368,0.0232027,3.59851,0.0129451,0.98179,0.00985624,2.63017,0.0134565,30,2.578,2.608,2026-08-01T02:21:40,9124b27,2.13.0+cu130,gonzalo
5,0.2,40,n3,qr,fixed30,75,1e-07,,,,4,cuda,torch,400,8,,2.45178,0.0249466,3.59851,0.0129451,1.31886,0.0133376,2.63017,0.0134565,30,2.567,2.608,2026-08-01T02:21:40,9124b27,2.13.0+cu130,gonzalo
5,0.2,20,n3,qr,fixed30,75,1e-07,,,,4,cuda,torch,400,8,,4.89933,0.0491628,3.59851,0.0129451,3.38338,0.0340959,2.63017,0.0134565,30,2.572,2.608,2026-08-01T02:21:40,9124b27,2.13.0+cu130,gonzalo
5,0.4,inf,n3,qr,fixed30,75,1e-07,,,,4,cuda,torch,400,8,,4.70325,0.0473541,7.25264,0.0289317,1.96277,0.0198437,5.28404,0.0299439,30,2.57,2.608,2026-08-01T02:21:40,9124b27,2.13.0+cu130,gonzalo
5,0.4,40,n3,qr,fixed30,75,1e-07,,,,4,cuda,torch,400,8,,4.54527,0.0464026,7.25264,0.0289317,2.13557,0.021736,5.28404,0.0299439,30,2.571,2.608,2026-08-01T02:21:40,9124b27,2.13.0+cu130,gonzalo
5,0.4,20,n3,qr,fixed30,75,1e-07,,,,4,cuda,torch,400,8,,5.59396,0.0570416,7.25264,0.0289317,3.60753,0.0366335,5.28404,0.0299439,30,2.575,2.608,2026-08-01T02:21:40,9124b27,2.13.0+cu130,gonzalo
5,0.8,inf,n3,qr,fixed30,75,1e-07,,,,4,cuda,torch,400,8,,8.45646,0.0856948,14.7383,0.0709379,3.6838,0.0375706,10.6651,0.0724598,30,2.583,2.608,2026-08-01T02:21:40,9124b27,2.13.0+cu130,gonzalo
5,0.8,40,n3,qr,fixed30,75,1e-07,,,,4,cuda,torch,400,8,,8.47415,0.0869338,14.7383,0.0709379,3.9427,0.0404778,10.6651,0.0724598,30,2.567,2.608,2026-08-01T02:21:40,9124b27,2.13.0+cu130,gonzalo
5,0.8,20,n3,qr,fixed30,75,1e-07,,,,4,cuda,torch,400,8,,8.67761,0.0901176,14.7383,0.0709379,4.71879,0.0485843,10.6651,0.0724598,30,2.573,2.608,2026-08-01T02:21:40,9124b27,2.13.0+cu130,gonzalo
6,0.2,inf,n3,qr,fixed30,75,1e-07,,,,4,cuda,torch,400,8,,2.18877,0.0220284,4.06629,0.00236199,0.95941,0.00959001,3.49629,0.00192267,30,2.576,2.608,2026-08-01T02:21:40,9124b27,2.13.0+cu130,gonzalo
6,0.2,40,n3,qr,fixed30,75,1e-07,,,,4,cuda,torch,400,8,,2.6528,0.0269273,4.06629,0.00236199,1.1985,0.01207,3.49629,0.00192267,30,2.58,2.608,2026-08-01T02:21:40,9124b27,2.13.0+cu130,gonzalo
6,0.2,20,n3,qr,fixed30,75,1e-07,,,,4,cuda,torch,400,8,,4.80701,0.0486717,4.06629,0.00236199,2.86861,0.0288153,3.49629,0.00192267,30,2.569,2.608,2026-08-01T02:21:40,9124b27,2.13.0+cu130,gonzalo
6,0.4,inf,n3,qr,fixed30,75,1e-07,,,,4,cuda,torch,400,8,,4.53942,0.0460026,8.07184,0.00492231,2.03657,0.0204121,6.96086,0.00401434,30,2.633,2.608,2026-08-01T02:21:40,9124b27,2.13.0+cu130,gonzalo
6,0.4,40,n3,qr,fixed30,75,1e-07,,,,4,cuda,torch,400,8,,4.94441,0.0505162,8.07184,0.00492231,2.20096,0.0222543,6.96086,0.00401434,30,2.634,2.608,2026-08-01T02:21:40,9124b27,2.13.0+cu130,gonzalo
6,0.4,20,n3,qr,fixed30,75,1e-07,,,,4,cuda,torch,400,8,,6.78869,0.0697655,8.07184,0.00492231,3.70843,0.0374757,6.96086,0.00401434,30,2.642,2.608,2026-08-01T02:21:40,9124b27,2.13.0+cu130,gonzalo
6,0.8,inf,n3,qr,fixed30,75,1e-07,,,,4,cuda,torch,400,8,,9.96732,0.103397,15.9113,0.011515,4.79156,0.0487658,13.797,0.00987448,30,2.632,2.608,2026-08-01T02:21:40,9124b27,2.13.0+cu130,gonzalo
6,0.8,40,n3,qr,fixed30,75,1e-07,,,,4,cuda,torch,400,8,,10.3313,0.107296,15.9113,0.011515,5.11927,0.0521722,13.797,0.00987448,30,2.631,2.608,2026-08-01T02:21:40,9124b27,2.13.0+cu130,gonzalo
6,0.8,20,n3,qr,fixed30,75,1e-07,,,,4,cuda,torch,400,8,,10.7677,0.111754,15.9113,0.011515,5.71207,0.0582725,13.797,0.00987448,30,2.635,2.608,2026-08-01T02:21:40,9124b27,2.13.0+cu130,gonzalo
7,0.2,inf,n3,qr,fixed30,75,1e-07,,,,4,cuda,torch,400,8,,2.47631,0.0253399,5.05801,0.00312917,1.12373,0.011317,4.27706,0.00246918,30,2.567,2.608,2026-08-01T02:21:40,9124b27,2.13.0+cu130,gonzalo
7,0.2,40,n3,qr,fixed30,75,1e-07,,,,4,cuda,torch,400,8,,3.00484,0.0308223,5.05801,0.00312917,1.54995,0.0156667,4.27706,0.00246918,30,2.569,2.608,2026-08-01T02:21:40,9124b27,2.13.0+cu130,gonzalo
7,0.2,20,n3,qr,fixed30,75,1e-07,,,,4,cuda,torch,400,8,,5.17468,0.0527324,5.05801,0.00312917,3.25365,0.0328746,4.27706,0.00246918,30,2.572,2.608,2026-08-01T02:21:40,9124b27,2.13.0+cu130,gonzalo
7,0.4,inf,n3,qr,fixed30,75,1e-07,,,,4,cuda,torch,400,8,,4.69493,0.0486133,10.1879,0.00663565,2.17029,0.0220118,8.59942,0.00565098,30,2.63,2.608,2026-08-01T02:21:40,9124b27,2.13.0+cu130,gonzalo
7,0.4,40,n3,qr,fixed30,75,1e-07,,,,4,cuda,torch,400,8,,5.21701,0.0541068,10.1879,0.00663565,2.64069,0.0268631,8.59942,0.00565098,30,2.558,2.608,2026-08-01T02:21:40,9124b27,2.13.0+cu130,gonzalo
7,0.4,20,n3,qr,fixed30,75,1e-07,,,,4,cuda,torch,400,8,,6.72455,0.0696055,10.1879,0.00663565,4.01336,0.0408045,8.59942,0.00565098,30,2.561,2.608,2026-08-01T02:21:40,9124b27,2.13.0+cu130,gonzalo
7,0.8,inf,n3,qr,fixed30,75,1e-07,,,,4,cuda,torch,400,8,,10.4492,0.110486,20.6432,0.0154814,6.01883,0.0621466,17.3717,0.0139716,30,2.561,2.608,2026-08-01T02:21:40,9124b27,2.13.0+cu130,gonzalo
7,0.8,40,n3,qr,fixed30,75,1e-07,,,,4,cuda,torch,400,8,,10.6465,0.112248,20.6432,0.0154814,6.28921,0.0647859,17.3717,0.0139716,30,2.564,2.608,2026-08-01T02:21:40,9124b27,2.13.0+cu130,gonzalo
7,0.8,20,n3,qr,fixed30,75,1e-07,,,,4,cuda,torch,400,8,,11.0205,0.115592,20.6432,0.0154814,6.81746,0.0700694,17.3717,0.0139716,30,2.567,2.608,2026-08-01T02:21:40,9124b27,2.13.0+cu130,gonzalo
8,0.2,inf,n3,qr,fixed30,75,1e-07,,,,4,cuda,torch,400,8,,2.05956,0.0208397,4.18503,0.00217594,1.12453,0.0111979,3.35071,0.00130623,30,2.57,2.608,2026-08-01T02:21:40,9124b27,2.13.0+cu130,gonzalo
8,0.2,40,n3,qr,fixed30,75,1e-07,,,,4,cuda,torch,400,8,,2.61149,0.0266225,4.18503,0.00217594,1.37509,0.0138204,3.35071,0.00130623,30,2.572,2.608,2026-08-01T02:21:40,9124b27,2.13.0+cu130,gonzalo
8,0.2,20,n3,qr,fixed30,75,1e-07,,,,4,cuda,torch,400,8,,5.18379,0.0527389,4.18503,0.00217594,3.16665,0.0318957,3.35071,0.00130623,30,2.565,2.608,2026-08-01T02:21:40,9124b27,2.13.0+cu130,gonzalo
8,0.4,inf,n3,qr,fixed30,75,1e-07,,,,4,cuda,torch,400,8,,4.13023,0.0419671,8.39204,0.00468117,2.55296,0.0252231,6.70955,0.00318396,30,2.63,2.608,2026-08-01T02:21:40,9124b27,2.13.0+cu130,gonzalo
8,0.4,40,n3,qr,fixed30,75,1e-07,,,,4,cuda,torch,400,8,,4.51056,0.0463294,8.39204,0.00468117,2.5012,0.0250687,6.70955,0.00318396,30,2.629,2.608,2026-08-01T02:21:40,9124b27,2.13.0+cu130,gonzalo
8,0.4,20,n3,qr,fixed30,75,1e-07,,,,4,cuda,torch,400,8,,6.08137,0.0626742,8.39204,0.00468117,3.5402,0.0358413,6.70955,0.00318396,30,2.643,2.608,2026-08-01T02:21:40,9124b27,2.13.0+cu130,gonzalo
8,0.8,inf,n3,qr,fixed30,75,1e-07,,,,4,cuda,torch,400,8,,8.83411,0.0905435,16.8781,0.0116011,5.48757,0.053906,13.4553,0.00958733,30,2.607,2.608,2026-08-01T02:21:40,9124b27,2.13.0+cu130,gonzalo
8,0.8,40,n3,qr,fixed30,75,1e-07,,,,4,cuda,torch,400,8,,8.93879,0.0921456,16.8781,0.0116011,5.31061,0.05269,13.4553,0.00958733,30,2.569,2.608,2026-08-01T02:21:40,9124b27,2.13.0+cu130,gonzalo
8,0.8,20,n3,qr,fixed30,75,1e-07,,,,4,cuda,torch,400,8,,9.35562,0.0973755,16.8781,0.0116011,5.41728,0.0545918,13.4553,0.00958733,30,2.575,2.608,2026-08-01T02:21:40,9124b27,2.13.0+cu130,gonzalo
9,0.2,inf,n3,qr,fixed30,75,1e-07,,,,4,cuda,torch,400,8,,2.86251,0.0290596,5.10647,0.00625156,1.14184,0.0114986,4.26559,0.00622246,30,2.627,2.608,2026-08-01T02:21:40,9124b27,2.13.0+cu130,gonzalo
9,0.2,40,n3,qr,fixed30,75,1e-07,,,,4,cuda,torch,400,8,,3.53007,0.0359724,5.10647,0.00625156,1.64869,0.0166135,4.26559,0.00622246,30,2.628,2.608,2026-08-01T02:21:40,9124b27,2.13.0+cu130,gonzalo
9,0.2,20,n3,qr,fixed30,75,1e-07,,,,4,cuda,torch,400,8,,6.07614,0.0613215,5.10647,0.00625156,3.75029,0.0376611,4.26559,0.00622246,30,2.631,2.608,2026-08-01T02:21:40,9124b27,2.13.0+cu130,gonzalo
9,0.4,inf,n3,qr,fixed30,75,1e-07,,,,4,cuda,torch,400,8,,7.24086,0.0750738,10.3212,0.0156022,3.83181,0.0389786,8.62854,0.0160915,30,2.629,2.608,2026-08-01T02:21:40,9124b27,2.13.0+cu130,gonzalo
9,0.4,40,n3,qr,fixed30,75,1e-07,,,,4,cuda,torch,400,8,,7.80812,0.0807954,10.3212,0.0156022,4.32457,0.0438868,8.62854,0.0160915,30,2.635,2.608,2026-08-01T02:21:40,9124b27,2.13.0+cu130,gonzalo
9,0.4,20,n3,qr,fixed30,75,1e-07,,,,4,cuda,torch,400,8,,8.40508,0.0865421,10.3212,0.0156022,5.03354,0.0508935,8.62854,0.0160915,30,2.636,2.608,2026-08-01T02:21:40,9124b27,2.13.0+cu130,gonzalo
9,0.8,inf,n3,qr,fixed30,75,1e-07,,,,4,cuda,torch,400,8,,11.8794,0.126158,21.0496,0.0420231,6.92263,0.0724077,17.644,0.04379,30,2.634,2.608,2026-08-01T02:21:40,9124b27,2.13.0+cu130,gonzalo
9,0.8,40,n3,qr,fixed30,75,1e-07,,,,4,cuda,torch,400,8,,12.0747,0.128255,21.0496,0.0420231,7.19626,0.0752944,17.644,0.04379,30,2.634,2.608,2026-08-01T02:21:40,9124b27,2.13.0+cu130,gonzalo
9,0.8,20,n3,qr,fixed30,75,1e-07,,,,4,cuda,torch,400,8,,12.2598,0.130228,21.0496,0.0420231,7.47897,0.078217,17.644,0.04379,30,2.634,2.608,2026-08-01T02:21:40,9124b27,2.13.0+cu130,gonzalo
10,0.2,inf,n3,qr,fixed30,75,1e-07,,,,4,cuda,torch,400,8,,2.1026,0.0207837,4.29961,0.00355008,0.964893,0.00963976,3.72893,0.0032509,30,2.576,2.608,2026-08-01T02:21:40,9124b27,2.13.0+cu130,gonzalo
10,0.2,40,n3,qr,fixed30,75,1e-07,,,,4,cuda,torch,400,8,,2.46113,0.0248606,4.29961,0.00355008,1.47473,0.0148997,3.72893,0.0032509,30,2.582,2.608,2026-08-01T02:21:40,9124b27,2.13.0+cu130,gonzalo
10,0.2,20,n3,qr,fixed30,75,1e-07,,,,4,cuda,torch,400,8,,4.81777,0.0486388,4.29961,0.00355008,3.34953,0.0339033,3.72893,0.0032509,30,2.58,2.608,2026-08-01T02:21:40,9124b27,2.13.0+cu130,gonzalo
10,0.4,inf,n3,qr,fixed30,75,1e-07,,,,4,cuda,torch,400,8,,4.32215,0.0432327,8.6009,0.00686183,2.30845,0.0233979,7.43999,0.00585708,30,2.575,2.608,2026-08-01T02:21:40,9124b27,2.13.0+cu130,gonzalo
10,0.4,40,n3,qr,fixed30,75,1e-07,,,,4,cuda,torch,400,8,,4.72091,0.0478718,8.6009,0.00686183,2.8495,0.0290755,7.43999,0.00585708,30,2.58,2.608,2026-08-01T02:21:40,9124b27,2.13.0+cu130,gonzalo
10,0.4,20,n3,qr,fixed30,75,1e-07,,,,4,cuda,torch,400,8,,6.00453,0.0610991,8.6009,0.00686183,4.02248,0.0410216,7.43999,0.00585708,30,2.584,2.608,2026-08-01T02:21:40,9124b27,2.13.0+cu130,gonzalo
10,0.8,inf,n3,qr,fixed30,75,1e-07,,,,4,cuda,torch,400,8,,9.1897,0.0925167,17.2108,0.0134552,5.09948,0.0522444,14.8099,0.00995171,30,2.639,2.608,2026-08-01T02:21:40,9124b27,2.13.0+cu130,gonzalo
10,0.8,40,n3,qr,fixed30,75,1e-07,,,,4,cuda,torch,400,8,,9.43784,0.0953621,17.2108,0.0134552,5.36519,0.0550302,14.8099,0.00995171,30,2.639,2.608,2026-08-01T02:21:40,9124b27,2.13.0+cu130,gonzalo
10,0.8,20,n3,qr,fixed30,75,1e-07,,,,4,cuda,torch,400,8,,9.73516,0.0986356,17.2108,0.0134552,5.87126,0.0601642,14.8099,0.00995171,30,2.636,2.608,2026-08-01T02:21:40,9124b27,2.13.0+cu130,gonzalo
11,0.2,inf,n3,qr,fixed30,75,1e-07,,,,4,cuda,torch,400,8,,1.44616,0.0143665,4.13092,0.00249512,0.539693,0.00537865,3.25046,0.00198902,30,2.574,2.608,2026-08-01T02:21:40,9124b27,2.13.0+cu130,gonzalo
11,0.2,40,n3,qr,fixed30,75,1e-07,,,,4,cuda,torch,400,8,,1.75799,0.0177365,4.13092,0.00249512,0.916476,0.00921865,3.25046,0.00198902,30,2.577,2.608,2026-08-01T02:21:40,9124b27,2.13.0+cu130,gonzalo
11,0.2,20,n3,qr,fixed30,75,1e-07,,,,4,cuda,torch,400,8,,4.15587,0.0419502,4.13092,0.00249512,2.76612,0.0278428,3.25046,0.00198902,30,2.587,2.608,2026-08-01T02:21:40,9124b27,2.13.0+cu130,gonzalo
11,0.4,inf,n3,qr,fixed30,75,1e-07,,,,4,cuda,torch,400,8,,3.48457,0.0345274,8.14426,0.00511966,1.31374,0.0131187,6.441,0.00393651,30,2.576,2.608,2026-08-01T02:21:40,9124b27,2.13.0+cu130,gonzalo
11,0.4,40,n3,qr,fixed30,75,1e-07,,,,4,cuda,torch,400,8,,3.82394,0.038454,8.14426,0.00511966,1.72163,0.017391,6.441,0.00393651,30,2.582,2.608,2026-08-01T02:21:40,9124b27,2.13.0+cu130,gonzalo
11,0.4,20,n3,qr,fixed30,75,1e-07,,,,4,cuda,torch,400,8,,5.55262,0.0565898,8.14426,0.00511966,3.35206,0.0339078,6.441,0.00393651,30,2.581,2.608,2026-08-01T02:21:40,9124b27,2.13.0+cu130,gonzalo
11,0.8,inf,n3,qr,fixed30,75,1e-07,,,,4,cuda,torch,400,8,,9.00339,0.0907627,15.8344,0.0134185,4.30875,0.0434936,12.6463,0.0103901,30,2.633,2.608,2026-08-01T02:21:40,9124b27,2.13.0+cu130,gonzalo
11,0.8,40,n3,qr,fixed30,75,1e-07,,,,4,cuda,torch,400,8,,9.26227,0.0935675,15.8344,0.0134185,4.60798,0.0465801,12.6463,0.0103901,30,2.633,2.608,2026-08-01T02:21:40,9124b27,2.13.0+cu130,gonzalo
11,0.8,20,n3,qr,fixed30,75,1e-07,,,,4,cuda,torch,400,8,,9.7095,0.098698,15.8344,0.0134185,5.17785,0.0525358,12.6463,0.0103901,30,2.637,2.608,2026-08-01T02:21:40,9124b27,2.13.0+cu130,gonzalo
12,0.2,inf,n3,qr,fixed30,75,1e-07,,,,4,cuda,torch,400,8,,2.29439,0.023453,4.05114,0.00385829,1.09598,0.011072,3.24863,0.00302982,30,2.576,2.608,2026-08-01T02:21:40,9124b27,2.13.0+cu130,gonzalo
12,0.2,40,n3,qr,fixed30,75,1e-07,,,,4,cuda,torch,400,8,,3.26839,0.0334128,4.05114,0.00385829,1.82188,0.0184547,3.24863,0.00302982,30,2.575,2.608,2026-08-01T02:21:40,9124b27,2.13.0+cu130,gonzalo
12,0.2,20,n3,qr,fixed30,75,1e-07,,,,4,cuda,torch,400,8,,5.74375,0.0581509,4.05114,0.00385829,3.72214,0.0376281,3.24863,0.00302982,30,2.584,2.608,2026-08-01T02:21:40,9124b27,2.13.0+cu130,gonzalo
12,0.4,inf,n3,qr,fixed30,75,1e-07,,,,4,cuda,torch,400,8,,4.56333,0.0472018,8.20754,0.00696482,2.25775,0.0229784,6.54936,0.00432617,30,2.581,2.608,2026-08-01T02:21:40,9124b27,2.13.0+cu130,gonzalo
12,0.4,40,n3,qr,fixed30,75,1e-07,,,,4,cuda,torch,400,8,,5.629,0.0580644,8.20754,0.00696482,3.13734,0.0319893,6.54936,0.00432617,30,2.577,2.608,2026-08-01T02:21:40,9124b27,2.13.0+cu130,gonzalo
12,0.4,20,n3,qr,fixed30,75,1e-07,,,,4,cuda,torch,400,8,,7.53323,0.0769934,8.20754,0.00696482,4.65606,0.0473152,6.54936,0.00432617,30,2.585,2.608,2026-08-01T02:21:40,9124b27,2.13.0+cu130,gonzalo
12,0.8,inf,n3,qr,fixed30,75,1e-07,,,,4,cuda,torch,400,8,,9.03196,0.0946692,16.8609,0.0255927,5.01622,0.0518209,13.3153,0.0231804,30,2.635,2.608,2026-08-01T02:21:40,9124b27,2.13.0+cu130,gonzalo
12,0.8,40,n3,qr,fixed30,75,1e-07,,,,4,cuda,torch,400,8,,9.6089,0.100528,16.8609,0.0255927,5.49524,0.0566995,13.3153,0.0231804,30,2.634,2.608,2026-08-01T02:21:40,9124b27,2.13.0+cu130,gonzalo
12,0.8,20,n3,qr,fixed30,75,1e-07,,,,4,cuda,torch,400,8,,10.2067,0.106306,16.8609,0.0255927,6.21575,0.0638919,13.3153,0.0231804,30,2.64,2.608,2026-08-01T02:21:40,9124b27,2.13.0+cu130,gonzalo
13,0.2,inf,n3,qr,fixed30,75,1e-07,,,,4,cuda,torch,400,8,,1.84405,0.0186528,4.05033,0.00298108,0.783311,0.00786721,3.34827,0.0022011,30,2.636,2.608,2026-08-01T02:21:40,9124b27,2.13.0+cu130,gonzalo
13,0.2,40,n3,qr,fixed30,75,1e-07,,,,4,cuda,torch,400,8,,2.57106,0.0261805,4.05033,0.00298108,1.32816,0.0134159,3.34827,0.0022011,30,2.634,2.608,2026-08-01T02:21:40,9124b27,2.13.0+cu130,gonzalo
13,0.2,20,n3,qr,fixed30,75,1e-07,,,,4,cuda,torch,400,8,,5.087,0.0515982,4.05033,0.00298108,3.30446,0.0333122,3.34827,0.0022011,30,2.638,2.608,2026-08-01T02:21:40,9124b27,2.13.0+cu130,gonzalo
13,0.4,inf,n3,qr,fixed30,75,1e-07,,,,4,cuda,torch,400,8,,3.89921,0.0400414,8.10184,0.00584614,1.72813,0.0174985,6.70213,0.00394054,30,2.573,2.608,2026-08-01T02:21:40,9124b27,2.13.0+cu130,gonzalo
13,0.4,40,n3,qr,fixed30,75,1e-07,,,,4,cuda,torch,400,8,,4.57456,0.0472277,8.10184,0.00584614,2.2758,0.0231571,6.70213,0.00394054,30,2.57,2.608,2026-08-01T02:21:40,9124b27,2.13.0+cu130,gonzalo
13,0.4,20,n3,qr,fixed30,75,1e-07,,,,4,cuda,torch,400,8,,6.04648,0.0623276,8.10184,0.00584614,3.64822,0.0370363,6.70213,0.00394054,30,2.575,2.608,2026-08-01T02:21:40,9124b27,2.13.0+cu130,gonzalo
13,0.8,inf,n3,qr,fixed30,75,1e-07,,,,4,cuda,torch,400,8,,8.09166,0.0841,16.2094,0.0131298,4.06689,0.0416435,13.4247,0.00849386,30,2.57,2.608,2026-08-01T02:21:40,9124b27,2.13.0+cu130,gonzalo
13,0.8,40,n3,qr,fixed30,75,1e-07,,,,4,cuda,torch,400,8,,8.38277,0.0871652,16.2094,0.0131298,4.35575,0.0446471,13.4247,0.00849386,30,2.572,2.608,2026-08-01T02:21:40,9124b27,2.13.0+cu130,gonzalo
13,0.8,20,n3,qr,fixed30,75,1e-07,,,,4,cuda,torch,400,8,,8.88951,0.092489,16.2094,0.0131298,4.98414,0.0510767,13.4247,0.00849386,30,2.568,2.608,2026-08-01T02:21:40,9124b27,2.13.0+cu130,gonzalo
14,0.2,inf,n3,qr,fixed30,75,1e-07,,,,4,cuda,torch,400,8,,2.77981,0.0272352,4.54633,0.00229305,1.24391,0.0124238,3.80653,0.00201862,30,2.633,2.608,2026-08-01T02:21:40,9124b27,2.13.0+cu130,gonzalo
14,0.2,40,n3,qr,fixed30,75,1e-07,,,,4,cuda,torch,400,8,,2.87143,0.0287397,4.54633,0.00229305,1.65288,0.0167289,3.80653,0.00201862,30,2.636,2.608,2026-08-01T02:21:40,9124b27,2.13.0+cu130,gonzalo
14,0.2,20,n3,qr,fixed30,75,1e-07,,,,4,cuda,torch,400,8,,4.6078,0.0464014,4.54633,0.00229305,3.29455,0.0333908,3.80653,0.00201862,30,2.637,2.608,2026-08-01T02:21:40,9124b27,2.13.0+cu130,gonzalo
14,0.4,inf,n3,qr,fixed30,75,1e-07,,,,4,cuda,torch,400,8,,5.57742,0.0550545,9.00622,0.00476783,2.76439,0.0280067,7.57758,0.00421876,30,2.633,2.608,2026-08-01T02:21:40,9124b27,2.13.0+cu130,gonzalo
14,0.4,40,n3,qr,fixed30,75,1e-07,,,,4,cuda,torch,400,8,,5.59938,0.0560145,9.00622,0.00476783,3.12245,0.0319289,7.57758,0.00421876,30,2.631,2.608,2026-08-01T02:21:40,9124b27,2.13.0+cu130,gonzalo
14,0.4,20,n3,qr,fixed30,75,1e-07,,,,4,cuda,torch,400,8,,6.22803,0.0629857,9.00622,0.00476783,4.12278,0.0421964,7.57758,0.00421876,30,2.63,2.608,2026-08-01T02:21:40,9124b27,2.13.0+cu130,gonzalo
14,0.8,inf,n3,qr,fixed30,75,1e-07,,,,4,cuda,torch,400,8,,10.6244,0.102826,17.6734,0.013065,5.36304,0.0544219,15.0144,0.012035,30,2.577,2.608,2026-08-01T02:21:40,9124b27,2.13.0+cu130,gonzalo
14,0.8,40,n3,qr,fixed30,75,1e-07,,,,4,cuda,torch,400,8,,10.7557,0.104876,17.6734,0.013065,5.58752,0.0570253,15.0144,0.012035,30,2.572,2.608,2026-08-01T02:21:40,9124b27,2.13.0+cu130,gonzalo
14,0.8,20,n3,qr,fixed30,75,1e-07,,,,4,cuda,torch,400,8,,10.8965,0.107343,17.6734,0.013065,6.05054,0.0619514,15.0144,0.012035,30,2.578,2.608,2026-08-01T02:21:40,9124b27,2.13.0+cu130,gonzalo
15,0.2,inf,n3,qr,fixed30,75,1e-07,,,,4,cuda,torch,400,8,,2.25254,0.023175,3.96115,0.00276719,0.983738,0.00992344,3.37665,0.00160738,30,2.581,2.608,2026-08-01T02:21:40,9124b27,2.13.0+cu130,gonzalo
15,0.2,40,n3,qr,fixed30,75,1e-07,,,,4,cuda,torch,400,8,,3.02475,0.0311371,3.96115,0.00276719,1.46924,0.014852,3.37665,0.00160738,30,2.575,2.608,2026-08-01T02:21:40,9124b27,2.13.0+cu130,gonzalo
15,0.2,20,n3,qr,fixed30,75,1e-07,,,,4,cuda,torch,400,8,,5.56625,0.0566439,3.96115,0.00276719,3.37414,0.0339836,3.37665,0.00160738,30,2.575,2.608,2026-08-01T02:21:40,9124b27,2.13.0+cu130,gonzalo
15,0.4,inf,n3,qr,fixed30,75,1e-07,,,,4,cuda,torch,400,8,,4.20982,0.0439762,8.11356,0.00647506,1.93234,0.0196295,6.86777,0.00395029,30,2.582,2.608,2026-08-01T02:21:40,9124b27,2.13.0+cu130,gonzalo
15,0.4,40,n3,qr,fixed30,75,1e-07,,,,4,cuda,torch,400,8,,4.87437,0.0508596,8.11356,0.00647506,2.38831,0.0242938,6.86777,0.00395029,30,2.575,2.608,2026-08-01T02:21:40,9124b27,2.13.0+cu130,gonzalo
15,0.4,20,n3,qr,fixed30,75,1e-07,,,,4,cuda,torch,400,8,,6.84999,0.0706873,8.11356,0.00647506,3.96495,0.0400892,6.86777,0.00395029,30,2.571,2.608,2026-08-01T02:21:40,9124b27,2.13.0+cu130,gonzalo
15,0.8,inf,n3,qr,fixed30,75,1e-07,,,,4,cuda,torch,400,8,,8.78933,0.0944443,17.0432,0.0238363,4.51134,0.0466015,14.2117,0.0218891,30,2.574,2.608,2026-08-01T02:21:40,9124b27,2.13.0+cu130,gonzalo
15,0.8,40,n3,qr,fixed30,75,1e-07,,,,4,cuda,torch,400,8,,9.20639,0.098553,17.0432,0.0238363,4.92819,0.050777,14.2117,0.0218891,30,2.57,2.608,2026-08-01T02:21:40,9124b27,2.13.0+cu130,gonzalo
15,0.8,20,n3,qr,fixed30,75,1e-07,,,,4,cuda,torch,400,8,,9.72,0.103377,17.0432,0.0238363,5.65289,0.0580218,14.2117,0.0218891,30,2.568,2.608,2026-08-01T02:21:40,9124b27,2.13.0+cu130,gonzalo
16,0.2,inf,n3,qr,fixed30,75,1e-07,,,,4,cuda,torch,400,8,,2.40494,0.0244941,3.66474,0.00796446,1.20994,0.0122049,2.81934,0.00685194,30,2.626,2.608,2026-08-01T02:21:40,9124b27,2.13.0+cu130,gonzalo
16,0.2,40,n3,qr,fixed30,75,1e-07,,,,4,cuda,torch,400,8,,3.6556,0.0371127,3.66474,0.00796446,2.08413,0.0210502,2.81934,0.00685194,30,2.629,2.608,2026-08-01T02:21:40,9124b27,2.13.0+cu130,gonzalo
16,0.2,20,n3,qr,fixed30,75,1e-07,,,,4,cuda,torch,400,8,,6.71235,0.0675068,3.66474,0.00796446,4.23629,0.0426346,2.81934,0.00685194,30,2.63,2.608,2026-08-01T02:21:40,9124b27,2.13.0+cu130,gonzalo
16,0.4,inf,n3,qr,fixed30,75,1e-07,,,,4,cuda,torch,400,8,,5.60643,0.0571624,7.39708,0.0132142,2.93503,0.0297109,5.67719,0.00875658,30,2.566,2.608,2026-08-01T02:21:40,9124b27,2.13.0+cu130,gonzalo
16,0.4,40,n3,qr,fixed30,75,1e-07,,,,4,cuda,torch,400,8,,7.10276,0.0721448,7.39708,0.0132142,3.98984,0.0403719,5.67719,0.00875658,30,2.571,2.608,2026-08-01T02:21:40,9124b27,2.13.0+cu130,gonzalo
16,0.4,20,n3,qr,fixed30,75,1e-07,,,,4,cuda,torch,400,8,,8.9962,0.0907805,7.39708,0.0132142,5.43704,0.0547577,5.67719,0.00875658,30,2.578,2.608,2026-08-01T02:21:40,9124b27,2.13.0+cu130,gonzalo
16,0.8,inf,n3,qr,fixed30,75,1e-07,,,,4,cuda,torch,400,8,,10.8209,0.111584,15.0828,0.0675446,5.73862,0.0583824,11.5137,0.0726314,30,2.567,2.608,2026-08-01T02:21:40,9124b27,2.13.0+cu130,gonzalo
16,0.8,40,n3,qr,fixed30,75,1e-07,,,,4,cuda,torch,400,8,,11.3321,0.116701,15.0828,0.0675446,6.16111,0.0626586,11.5137,0.0726314,30,2.572,2.608,2026-08-01T02:21:40,9124b27,2.13.0+cu130,gonzalo
16,0.8,20,n3,qr,fixed30,75,1e-07,,,,4,cuda,torch,400,8,,11.7641,0.120782,15.0828,0.0675446,6.7115,0.0680842,11.5137,0.0726314,30,2.572,2.608,2026-08-01T02:21:40,9124b27,2.13.0+cu130,gonzalo
17,0.2,inf,n3,qr,fixed30,75,1e-07,,,,4,cuda,torch,400,8,,2.54363,0.0256597,4.52768,0.00280336,0.970156,0.00974537,3.90114,0.00269,30,2.568,2.608,2026-08-01T02:21:40,9124b27,2.13.0+cu130,gonzalo
17,0.2,40,n3,qr,fixed30,75,1e-07,,,,4,cuda,torch,400,8,,2.99066,0.0304566,4.52768,0.00280336,1.3235,0.01335,3.90114,0.00269,30,2.571,2.608,2026-08-01T02:21:40,9124b27,2.13.0+cu130,gonzalo
17,0.2,20,n3,qr,fixed30,75,1e-07,,,,4,cuda,torch,400,8,,5.31945,0.0538118,4.52768,0.00280336,3.22752,0.0324324,3.90114,0.00269,30,2.572,2.608,2026-08-01T02:21:40,9124b27,2.13.0+cu130,gonzalo
17,0.4,inf,n3,qr,fixed30,75,1e-07,,,,4,cuda,torch,400,8,,5.60351,0.057744,9.08495,0.00610093,2.37538,0.0241782,7.84108,0.00587901,30,2.567,2.608,2026-08-01T02:21:40,9124b27,2.13.0+cu130,gonzalo
17,0.4,40,n3,qr,fixed30,75,1e-07,,,,4,cuda,torch,400,8,,6.0885,0.0629034,9.08495,0.00610093,2.82689,0.0287579,7.84108,0.00587901,30,2.567,2.608,2026-08-01T02:21:40,9124b27,2.13.0+cu130,gonzalo
17,0.4,20,n3,qr,fixed30,75,1e-07,,,,4,cuda,torch,400,8,,7.21526,0.0743249,9.08495,0.00610093,3.95982,0.0400957,7.84108,0.00587901,30,2.574,2.608,2026-08-01T02:21:40,9124b27,2.13.0+cu130,gonzalo
17,0.8,inf,n3,qr,fixed30,75,1e-07,,,,4,cuda,torch,400,8,,10.8323,0.113126,18.2849,0.0144151,5.81506,0.0603726,15.8389,0.0138501,30,2.567,2.608,2026-08-01T02:21:40,9124b27,2.13.0+cu130,gonzalo
17,0.8,40,n3,qr,fixed30,75,1e-07,,,,4,cuda,torch,400,8,,11.1554,0.116509,18.2849,0.0144151,6.1408,0.0637956,15.8389,0.0138501,30,2.567,2.608,2026-08-01T02:21:40,9124b27,2.13.0+cu130,gonzalo
17,0.8,20,n3,qr,fixed30,75,1e-07,,,,4,cuda,torch,400,8,,11.2441,0.117315,18.2849,0.0144151,6.42428,0.0666878,15.8389,0.0138501,30,2.572,2.608,2026-08-01T02:21:40,9124b27,2.13.0+cu130,gonzalo
18,0.2,inf,n3,qr,fixed30,75,1e-07,,,,4,cuda,torch,400,8,,2.65528,0.0269633,5.15763,0.00307719,1.37717,0.0139501,4.52636,0.00241444,30,2.563,2.608,2026-08-01T02:21:40,9124b27,2.13.0+cu130,gonzalo
18,0.2,40,n3,qr,fixed30,75,1e-07,,,,4,cuda,torch,400,8,,3.4514,0.035323,5.15763,0.00307719,2.04129,0.020772,4.52636,0.00241444,30,2.565,2.608,2026-08-01T02:21:40,9124b27,2.13.0+cu130,gonzalo
18,0.2,20,n3,qr,fixed30,75,1e-07,,,,4,cuda,torch,400,8,,5.49172,0.0558128,5.15763,0.00307719,3.64946,0.0370535,4.52636,0.00241444,30,2.569,2.608,2026-08-01T02:21:40,9124b27,2.13.0+cu130,gonzalo
18,0.4,inf,n3,qr,fixed30,75,1e-07,,,,4,cuda,torch,400,8,,5.56891,0.0574461,10.3687,0.00724825,3.22269,0.0331302,9.07604,0.00658691,30,2.567,2.608,2026-08-01T02:21:40,9124b27,2.13.0+cu130,gonzalo
18,0.4,40,n3,qr,fixed30,75,1e-07,,,,4,cuda,torch,400,8,,5.95739,0.0616007,10.3687,0.00724825,3.58586,0.0368766,9.07604,0.00658691,30,2.568,2.608,2026-08-01T02:21:40,9124b27,2.13.0+cu130,gonzalo
18,0.4,20,n3,qr,fixed30,75,1e-07,,,,4,cuda,torch,400,8,,6.93825,0.0714853,10.3687,0.00724825,4.46332,0.0457312,9.07604,0.00658691,30,2.573,2.608,2026-08-01T02:21:40,9124b27,2.13.0+cu130,gonzalo
18,0.8,inf,n3,qr,fixed30,75,1e-07,,,,4,cuda,torch,400,8,,10.1054,0.104102,20.9244,0.0206634,5.98658,0.0619258,18.2309,0.0207934,30,2.56,2.608,2026-08-01T02:21:40,9124b27,2.13.0+cu130,gonzalo
18,0.8,40,n3,qr,fixed30,75,1e-07,,,,4,cuda,torch,400,8,,10.3283,0.10667,20.9244,0.0206634,6.23462,0.0645409,18.2309,0.0207934,30,2.564,2.608,2026-08-01T02:21:40,9124b27,2.13.0+cu130,gonzalo
18,0.8,20,n3,qr,fixed30,75,1e-07,,,,4,cuda,torch,400,8,,10.6427,0.110014,20.9244,0.0206634,6.74094,0.0697278,18.2309,0.0207934,30,2.552,2.608,2026-08-01T02:21:40,9124b27,2.13.0+cu130,gonzalo
19,0.2,inf,n3,qr,fixed30,75,1e-07,,,,4,cuda,torch,400,8,,2.08705,0.020949,3.8229,0.0022607,0.891956,0.008953,2.77565,0.00157815,30,2.567,2.608,2026-08-01T02:21:40,9124b27,2.13.0+cu130,gonzalo
19,0.2,40,n3,qr,fixed30,75,1e-07,,,,4,cuda,torch,400,8,,2.98556,0.0302103,3.8229,0.0022607,1.56533,0.0157677,2.77565,0.00157815,30,2.567,2.608,2026-08-01T02:21:40,9124b27,2.13.0+cu130,gonzalo
19,0.2,20,n3,qr,fixed30,75,1e-07,,,,4,cuda,torch,400,8,,5.8566,0.0588262,3.8229,0.0022607,3.72534,0.0374683,2.77565,0.00157815,30,2.571,2.608,2026-08-01T02:21:40,9124b27,2.13.0+cu130,gonzalo
19,0.4,inf,n3,qr,fixed30,75,1e-07,,,,4,cuda,torch,400,8,,4.96344,0.0504662,7.67324,0.00451552,2.24785,0.0227442,5.55738,0.00264871,30,2.567,2.608,2026-08-01T02:21:40,9124b27,2.13.0+cu130,gonzalo
19,0.4,40,n3,qr,fixed30,75,1e-07,,,,4,cuda,torch,400,8,,5.88691,0.0600641,7.67324,0.00451552,3.01863,0.0305753,5.55738,0.00264871,30,2.567,2.608,2026-08-01T02:21:40,9124b27,2.13.0+cu130,gonzalo
19,0.4,20,n3,qr,fixed30,75,1e-07,,,,4,cuda,torch,400,8,,7.82372,0.079368,7.67324,0.00451552,4.71669,0.0475952,5.55738,0.00264871,30,2.572,2.608,2026-08-01T02:21:40,9124b27,2.13.0+cu130,gonzalo
19,0.8,inf,n3,qr,fixed30,75,1e-07,,,,4,cuda,torch,400,8,,10.1265,0.104668,15.4667,0.011094,5.09913,0.052145,11.1436,0.00715677,30,2.566,2.608,2026-08-01T02:21:40,9124b27,2.13.0+cu130,gonzalo
19,0.8,40,n3,qr,fixed30,75,1e-07,,,,4,cuda,torch,400,8,,10.5394,0.108962,15.4667,0.011094,5.47227,0.0559546,11.1436,0.00715677,30,2.565,2.608,2026-08-01T02:21:40,9124b27,2.13.0+cu130,gonzalo
19,0.8,20,n3,qr,fixed30,75,1e-07,,,,4,cuda,torch,400,8,,10.831,0.111899,15.4667,0.011094,5.94632,0.0606854,11.1436,0.00715677,30,2.568,2.608,2026-08-01T02:21:40,9124b27,2.13.0+cu130,gonzalo
20,0.2,inf,n3,qr,fixed30,75,1e-07,,,,4,cuda,torch,400,8,,1.71703,0.0172516,4.05967,0.00161096,0.792801,0.007908,3.20244,0.00122338,30,2.579,2.608,2026-08-01T02:21:40,9124b27,2.13.0+cu130,gonzalo
20,0.2,40,n3,qr,fixed30,75,1e-07,,,,4,cuda,torch,400,8,,2.17872,0.0221778,4.05967,0.00161096,1.04651,0.0105407,3.20244,0.00122338,30,2.571,2.608,2026-08-01T02:21:40,9124b27,2.13.0+cu130,gonzalo
20,0.2,20,n3,qr,fixed30,75,1e-07,,,,4,cuda,torch,400,8,,4.33809,0.0440222,4.05967,0.00161096,2.78741,0.0280178,3.20244,0.00122338,30,2.574,2.608,2026-08-01T02:21:40,9124b27,2.13.0+cu130,gonzalo
20,0.4,inf,n3,qr,fixed30,75,1e-07,,,,4,cuda,torch,400,8,,3.5995,0.0363638,8.08774,0.00323588,1.60937,0.016052,6.39393,0.00239086,30,2.627,2.608,2026-08-01T02:21:40,9124b27,2.13.0+cu130,gonzalo
20,0.4,40,n3,qr,fixed30,75,1e-07,,,,4,cuda,torch,400,8,,3.8687,0.0395723,8.08774,0.00323588,1.75116,0.0176523,6.39393,0.00239086,30,2.628,2.608,2026-08-01T02:21:40,9124b27,2.13.0+cu130,gonzalo
20,0.4,20,n3,qr,fixed30,75,1e-07,,,,4,cuda,torch,400,8,,5.13755,0.0529824,8.08774,0.00323588,2.90121,0.029337,6.39393,0.00239086,30,2.631,2.608,2026-08-01T02:21:40,9124b27,2.13.0+cu130,gonzalo
20,0.8,inf,n3,qr,fixed30,75,1e-07,,,,4,cuda,torch,400,8,,8.0994,0.0819621,16.0583,0.00740932,3.82736,0.0381266,12.7456,0.00577228,30,2.571,2.608,2026-08-01T02:21:40,9124b27,2.13.0+cu130,gonzalo
20,0.8,40,n3,qr,fixed30,75,1e-07,,,,4,cuda,torch,400,8,,8.35019,0.0851207,16.0583,0.00740932,4.00877,0.0402117,12.7456,0.00577228,30,2.57,2.608,2026-08-01T02:21:40,9124b27,2.13.0+cu130,gonzalo
20,0.8,20,n3,qr,fixed30,75,1e-07,,,,4,cuda,torch,400,8,,8.95543,0.0924596,16.0583,0.00740932,4.5396,0.0460186,12.7456,0.00577228,30,2.575,2.608,2026-08-01T02:21:40,9124b27,2.13.0+cu130,gonzalo
21,0.2,inf,n3,qr,fixed30,75,1e-07,,,,4,cuda,torch,400,8,,1.47628,0.0148678,2.99698,0.00354402,0.796728,0.00801874,2.17704,0.00279842,30,2.627,2.608,2026-08-01T02:21:40,9124b27,2.13.0+cu130,gonzalo
21,0.2,40,n3,qr,fixed30,75,1e-07,,,,4,cuda,torch,400,8,,2.32604,0.0234981,2.99698,0.00354402,1.54946,0.0156536,2.17704,0.00279842,30,2.627,2.608,2026-08-01T02:21:40,9124b27,2.13.0+cu130,gonzalo
21,0.2,20,n3,qr,fixed30,75,1e-07,,,,4,cuda,torch,400,8,,5.90557,0.0591234,2.99698,0.00354402,4.02238,0.0405364,2.17704,0.00279842,30,2.63,2.608,2026-08-01T02:21:40,9124b27,2.13.0+cu130,gonzalo
21,0.4,inf,n3,qr,fixed30,75,1e-07,,,,4,cuda,torch,400,8,,3.14377,0.0318373,6.09176,0.00632177,1.78142,0.01806,4.3992,0.00399114,30,2.626,2.608,2026-08-01T02:21:40,9124b27,2.13.0+cu130,gonzalo
21,0.4,40,n3,qr,fixed30,75,1e-07,,,,4,cuda,torch,400,8,,4.40671,0.0446951,6.09176,0.00632177,2.7689,0.0281601,4.3992,0.00399114,30,2.628,2.608,2026-08-01T02:21:40,9124b27,2.13.0+cu130,gonzalo
21,0.4,20,n3,qr,fixed30,75,1e-07,,,,4,cuda,torch,400,8,,7.15543,0.0720102,6.09176,0.00632177,4.65735,0.0471214,4.3992,0.00399114,30,2.63,2.608,2026-08-01T02:21:40,9124b27,2.13.0+cu130,gonzalo
21,0.8,inf,n3,qr,fixed30,75,1e-07,,,,4,cuda,torch,400,8,,7.55147,0.0776148,12.6107,0.0246048,4.16913,0.0427734,8.99035,0.0232216,30,2.628,2.608,2026-08-01T02:21:40,9124b27,2.13.0+cu130,gonzalo
21,0.8,40,n3,qr,fixed30,75,1e-07,,,,4,cuda,torch,400,8,,8.23986,0.0846972,12.6107,0.0246048,4.70265,0.0481904,8.99035,0.0232216,30,2.592,2.608,2026-08-01T02:21:40,9124b27,2.13.0+cu130,gonzalo
21,0.8,20,n3,qr,fixed30,75,1e-07,,,,4,cuda,torch,400,8,,9.17668,0.0939606,12.6107,0.0246048,5.58848,0.0569842,8.99035,0.0232216,30,2.564,2.608,2026-08-01T02:21:40,9124b27,2.13.0+cu130,gonzalo
22,0.2,inf,n3,qr,fixed30,75,1e-07,,,,4,cuda,torch,400,8,,1.72409,0.0173699,3.23231,0.0019604,0.852436,0.00860561,2.40248,0.00166794,30,2.567,2.608,2026-08-01T02:21:40,9124b27,2.13.0+cu130,gonzalo
22,0.2,40,n3,qr,fixed30,75,1e-07,,,,4,cuda,torch,400,8,,2.37586,0.0241919,3.23231,0.0019604,1.44497,0.0146593,2.40248,0.00166794,30,2.569,2.608,2026-08-01T02:21:40,9124b27,2.13.0+cu130,gonzalo
22,0.2,20,n3,qr,fixed30,75,1e-07,,,,4,cuda,torch,400,8,,5.7202,0.0576084,3.23231,0.0019604,3.80544,0.0384269,2.40248,0.00166794,30,2.572,2.608,2026-08-01T02:21:40,9124b27,2.13.0+cu130,gonzalo
22,0.4,inf,n3,qr,fixed30,75,1e-07,,,,4,cuda,torch,400,8,,3.68268,0.0377887,6.56999,0.00387989,1.90805,0.0195314,4.853,0.00319601,30,2.565,2.608,2026-08-01T02:21:40,9124b27,2.13.0+cu130,gonzalo
22,0.4,40,n3,qr,fixed30,75,1e-07,,,,4,cuda,torch,400,8,,4.20084,0.0432849,6.56999,0.00387989,2.44703,0.0250801,4.853,0.00319601,30,2.564,2.608,2026-08-01T02:21:40,9124b27,2.13.0+cu130,gonzalo
22,0.4,20,n3,qr,fixed30,75,1e-07,,,,4,cuda,torch,400,8,,6.06421,0.0616962,6.56999,0.00387989,3.97183,0.0404029,4.853,0.00319601,30,2.566,2.608,2026-08-01T02:21:40,9124b27,2.13.0+cu130,gonzalo
22,0.8,inf,n3,qr,fixed30,75,1e-07,,,,4,cuda,torch,400,8,,6.59386,0.0678738,13.5922,0.00800466,3.45731,0.0356424,9.90884,0.00624201,30,2.564,2.608,2026-08-01T02:21:40,9124b27,2.13.0+cu130,gonzalo
22,0.8,40,n3,qr,fixed30,75,1e-07,,,,4,cuda,torch,400,8,,7.03082,0.0727589,13.5922,0.00800466,3.90907,0.04035,9.90884,0.00624201,30,2.575,2.608,2026-08-01T02:21:40,9124b27,2.13.0+cu130,gonzalo
22,0.8,20,n3,qr,fixed30,75,1e-07,,,,4,cuda,torch,400,8,,7.95917,0.0825253,13.5922,0.00800466,4.81751,0.0495849,9.90884,0.00624201,30,2.582,2.608,2026-08-01T02:21:40,9124b27,2.13.0+cu130,gonzalo
23,0.2,inf,n3,qr,fixed30,75,1e-07,,,,4,cuda,torch,400,8,,2.47885,0.0248629,4.45267,0.00142494,1.01947,0.0102319,3.63387,0.000984382,30,2.567,2.608,2026-08-01T02:21:40,9124b27,2.13.0+cu130,gonzalo
23,0.2,40,n3,qr,fixed30,75,1e-07,,,,4,cuda,torch,400,8,,3.25507,0.0330161,4.45267,0.00142494,1.65961,0.0167403,3.63387,0.000984382,30,2.565,2.608,2026-08-01T02:21:40,9124b27,2.13.0+cu130,gonzalo
23,0.2,20,n3,qr,fixed30,75,1e-07,,,,4,cuda,torch,400,8,,5.69592,0.0573761,4.45267,0.00142494,3.5737,0.035956,3.63387,0.000984382,30,2.567,2.608,2026-08-01T02:21:40,9124b27,2.13.0+cu130,gonzalo
23,0.4,inf,n3,qr,fixed30,75,1e-07,,,,4,cuda,torch,400,8,,5.9444,0.0607374,8.909,0.00317018,2.72954,0.0277011,7.26901,0.00242193,30,2.558,2.608,2026-08-01T02:21:40,9124b27,2.13.0+cu130,gonzalo
23,0.4,40,n3,qr,fixed30,75,1e-07,,,,4,cuda,torch,400,8,,6.44498,0.0660413,8.909,0.00317018,3.24605,0.0329598,7.26901,0.00242193,30,2.563,2.608,2026-08-01T02:21:40,9124b27,2.13.0+cu130,gonzalo
23,0.4,20,n3,qr,fixed30,75,1e-07,,,,4,cuda,torch,400,8,,7.38505,0.0755297,8.909,0.00317018,4.28646,0.0433962,7.26901,0.00242193,30,2.56,2.608,2026-08-01T02:21:40,9124b27,2.13.0+cu130,gonzalo
23,0.8,inf,n3,qr,fixed30,75,1e-07,,,,4,cuda,torch,400,8,,10.4827,0.107665,17.8293,0.00865756,5.16752,0.0528846,14.5424,0.00789459,30,2.556,2.608,2026-08-01T02:21:40,9124b27,2.13.0+cu130,gonzalo
23,0.8,40,n3,qr,fixed30,75,1e-07,,,,4,cuda,torch,400,8,,10.7747,0.110891,17.8293,0.00865756,5.44791,0.0557669,14.5424,0.00789459,30,2.556,2.608,2026-08-01T02:21:40,9124b27,2.13.0+cu130,gonzalo
23,0.8,20,n3,qr,fixed30,75,1e-07,,,,4,cuda,torch,400,8,,11.0581,0.113865,17.8293,0.00865756,5.9826,0.0611951,14.5424,0.00789459,30,2.561,2.608,2026-08-01T02:21:40,9124b27,2.13.0+cu130,gonzalo
24,0.2,inf,n3,qr,fixed30,75,1e-07,,,,4,cuda,torch,400,8,,2.21329,0.0223003,4.09319,0.0015522,1.08514,0.0108251,3.49858,0.00108856,30,2.557,2.608,2026-08-01T02:21:40,9124b27,2.13.0+cu130,gonzalo
24,0.2,40,n3,qr,fixed30,75,1e-07,,,,4,cuda,torch,400,8,,2.45289,0.0250109,4.09319,0.0015522,1.13447,0.011431,3.49858,0.00108856,30,2.556,2.608,2026-08-01T02:21:40,9124b27,2.13.0+cu130,gonzalo
24,0.2,20,n3,qr,fixed30,75,1e-07,,,,4,cuda,torch,400,8,,4.7421,0.0481076,4.09319,0.0015522,2.92106,0.0293385,3.49858,0.00108856,30,2.563,2.608,2026-08-01T02:21:40,9124b27,2.13.0+cu130,gonzalo
24,0.4,inf,n3,qr,fixed30,75,1e-07,,,,4,cuda,torch,400,8,,4.40094,0.0444824,8.21065,0.00315183,2.30185,0.0229123,6.99524,0.0022412,30,2.617,2.608,2026-08-01T02:21:40,9124b27,2.13.0+cu130,gonzalo
24,0.4,40,n3,qr,fixed30,75,1e-07,,,,4,cuda,torch,400,8,,4.49211,0.0459371,8.21065,0.00315183,2.18928,0.0220579,6.99524,0.0022412,30,2.612,2.608,2026-08-01T02:21:40,9124b27,2.13.0+cu130,gonzalo
24,0.4,20,n3,qr,fixed30,75,1e-07,,,,4,cuda,torch,400,8,,5.97895,0.0618432,8.21065,0.00315183,3.29328,0.0333925,6.99524,0.0022412,30,2.554,2.608,2026-08-01T02:21:40,9124b27,2.13.0+cu130,gonzalo
24,0.8,inf,n3,qr,fixed30,75,1e-07,,,,4,cuda,torch,400,8,,8.912,0.0924534,16.5234,0.00707051,5.07912,0.0509977,13.9835,0.00517041,30,2.561,2.608,2026-08-01T02:21:40,9124b27,2.13.0+cu130,gonzalo
24,0.8,40,n3,qr,fixed30,75,1e-07,,,,4,cuda,torch,400,8,,9.0034,0.0941669,16.5234,0.00707051,4.95554,0.0502126,13.9835,0.00517041,30,2.556,2.608,2026-08-01T02:21:40,9124b27,2.13.0+cu130,gonzalo
24,0.8,20,n3,qr,fixed30,75,1e-07,,,,4,cuda,torch,400,8,,9.31307,0.098354,16.5234,0.00707051,5.10866,0.0524186,13.9835,0.00517041,30,2.565,2.608,2026-08-01T02:21:40,9124b27,2.13.0+cu130,gonzalo
25,0.2,inf,n3,qr,fixed30,75,1e-07,,,,4,cuda,torch,400,8,,2.45332,0.0251993,4.60232,0.005527,1.05413,0.0106501,3.76495,0.00482561,30,2.556,2.608,2026-08-01T02:21:40,9124b27,2.13.0+cu130,gonzalo
25,0.2,40,n3,qr,fixed30,75,1e-07,,,,4,cuda,torch,400,8,,3.20391,0.0328695,4.60232,0.005527,1.64324,0.016614,3.76495,0.00482561,30,2.558,2.608,2026-08-01T02:21:40,9124b27,2.13.0+cu130,gonzalo
25,0.2,20,n3,qr,fixed30,75,1e-07,,,,4,cuda,torch,400,8,,5.84742,0.0592636,4.60232,0.005527,3.66758,0.0369232,3.76495,0.00482561,30,2.56,2.608,2026-08-01T02:21:40,9124b27,2.13.0+cu130,gonzalo
25,0.4,inf,n3,qr,fixed30,75,1e-07,,,,4,cuda,torch,400,8,,4.93814,0.0511797,9.22679,0.0116042,2.28993,0.0232809,7.54506,0.00962142,30,2.553,2.608,2026-08-01T02:21:40,9124b27,2.13.0+cu130,gonzalo
25,0.4,40,n3,qr,fixed30,75,1e-07,,,,4,cuda,torch,400,8,,5.98386,0.0619065,9.22679,0.0116042,3.13964,0.0319007,7.54506,0.00962142,30,2.552,2.608,2026-08-01T02:21:40,9124b27,2.13.0+cu130,gonzalo
25,0.4,20,n3,qr,fixed30,75,1e-07,,,,4,cuda,torch,400,8,,7.88297,0.0809663,9.22679,0.0116042,4.70463,0.0475336,7.54506,0.00962142,30,2.554,2.608,2026-08-01T02:21:40,9124b27,2.13.0+cu130,gonzalo
25,0.8,inf,n3,qr,fixed30,75,1e-07,,,,4,cuda,torch,400,8,,11.0617,0.117117,18.5363,0.0314152,5.70056,0.0585553,15.1497,0.0286051,30,2.556,2.608,2026-08-01T02:21:40,9124b27,2.13.0+cu130,gonzalo
25,0.8,40,n3,qr,fixed30,75,1e-07,,,,4,cuda,torch,400,8,,11.326,0.11977,18.5363,0.0314152,6.00071,0.0616097,15.1497,0.0286051,30,2.555,2.608,2026-08-01T02:21:40,9124b27,2.13.0+cu130,gonzalo
25,0.8,20,n3,qr,fixed30,75,1e-07,,,,4,cuda,torch,400,8,,11.6045,0.122327,18.5363,0.0314152,6.5263,0.0669032,15.1497,0.0286051,30,2.562,2.608,2026-08-01T02:21:40,9124b27,2.13.0+cu130,gonzalo
26,0.2,inf,n3,qr,fixed30,75,1e-07,,,,4,cuda,torch,400,8,,2.73084,0.027688,4.8888,0.00266175,1.03936,0.010463,3.92603,0.00246923,30,2.555,2.608,2026-08-01T02:21:40,9124b27,2.13.0+cu130,gonzalo
26,0.2,40,n3,qr,fixed30,75,1e-07,,,,4,cuda,torch,400,8,,3.36955,0.0343403,4.8888,0.00266175,1.52627,0.0153741,3.92603,0.00246923,30,2.554,2.608,2026-08-01T02:21:40,9124b27,2.13.0+cu130,gonzalo
26,0.2,20,n3,qr,fixed30,75,1e-07,,,,4,cuda,torch,400,8,,5.74329,0.0580318,4.8888,0.00266175,3.47242,0.0348894,3.92603,0.00246923,30,2.558,2.608,2026-08-01T02:21:40,9124b27,2.13.0+cu130,gonzalo
26,0.4,inf,n3,qr,fixed30,75,1e-07,,,,4,cuda,torch,400,8,,6.56037,0.0681249,9.8941,0.00627185,3.01918,0.0307744,7.942,0.00602147,30,2.557,2.608,2026-08-01T02:21:40,9124b27,2.13.0+cu130,gonzalo
26,0.4,40,n3,qr,fixed30,75,1e-07,,,,4,cuda,torch,400,8,,7.14521,0.0741759,9.8941,0.00627185,3.56271,0.0362027,7.942,0.00602147,30,2.556,2.608,2026-08-01T02:21:40,9124b27,2.13.0+cu130,gonzalo
26,0.4,20,n3,qr,fixed30,75,1e-07,,,,4,cuda,torch,400,8,,7.99128,0.0824703,9.8941,0.00627185,4.53958,0.045933,7.942,0.00602147,30,2.555,2.608,2026-08-01T02:21:40,9124b27,2.13.0+cu130,gonzalo
26,0.8,inf,n3,qr,fixed30,75,1e-07,,,,4,cuda,torch,400,8,,11.306,0.119992,20.2417,0.015415,5.97465,0.0624005,16.2476,0.014669,30,2.55,2.608,2026-08-01T02:21:40,9124b27,2.13.0+cu130,gonzalo
26,0.8,40,n3,qr,fixed30,75,1e-07,,,,4,cuda,torch,400,8,,11.5363,0.122538,20.2417,0.015415,6.28925,0.0656571,16.2476,0.014669,30,2.551,2.608,2026-08-01T02:21:40,9124b27,2.13.0+cu130,gonzalo
26,0.8,20,n3,qr,fixed30,75,1e-07,,,,4,cuda,torch,400,8,,11.7239,0.124482,20.2417,0.015415,6.65473,0.0693758,16.2476,0.014669,30,2.557,2.608,2026-08-01T02:21:40,9124b27,2.13.0+cu130,gonzalo
27,0.2,inf,n3,qr,fixed30,75,1e-07,,,,4,cuda,torch,400,8,,2.16225,0.0219342,4.2001,0.00139402,0.927946,0.00933847,3.44453,0.0012916,30,2.554,2.608,2026-08-01T02:21:40,9124b27,2.13.0+cu130,gonzalo
27,0.2,40,n3,qr,fixed30,75,1e-07,,,,4,cuda,torch,400,8,,3.10839,0.0317124,4.2001,0.00139402,1.52426,0.0153993,3.44453,0.0012916,30,2.554,2.608,2026-08-01T02:21:40,9124b27,2.13.0+cu130,gonzalo
27,0.2,20,n3,qr,fixed30,75,1e-07,,,,4,cuda,torch,400,8,,5.853,0.0592095,4.2001,0.00139402,3.52391,0.0354239,3.44453,0.0012916,30,2.558,2.608,2026-08-01T02:21:40,9124b27,2.13.0+cu130,gonzalo
27,0.4,inf,n3,qr,fixed30,75,1e-07,,,,4,cuda,torch,400,8,,4.79181,0.0493898,8.42177,0.00280927,2.05811,0.0208977,6.90956,0.00246695,30,2.553,2.608,2026-08-01T02:21:40,9124b27,2.13.0+cu130,gonzalo
27,0.4,40,n3,qr,fixed30,75,1e-07,,,,4,cuda,torch,400,8,,5.43929,0.0561938,8.42177,0.00280927,2.52674,0.0256855,6.90956,0.00246695,30,2.552,2.608,2026-08-01T02:21:40,9124b27,2.13.0+cu130,gonzalo
27,0.4,20,n3,qr,fixed30,75,1e-07,,,,4,cuda,torch,400,8,,6.86549,0.0705909,8.42177,0.00280927,3.75935,0.0380363,6.90956,0.00246695,30,2.559,2.608,2026-08-01T02:21:40,9124b27,2.13.0+cu130,gonzalo
27,0.8,inf,n3,qr,fixed30,75,1e-07,,,,4,cuda,torch,400,8,,9.54433,0.100582,16.9327,0.00654447,4.49848,0.0462666,13.903,0.00523319,30,2.553,2.608,2026-08-01T02:21:40,9124b27,2.13.0+cu130,gonzalo
27,0.8,40,n3,qr,fixed30,75,1e-07,,,,4,cuda,torch,400,8,,9.8038,0.10334,16.9327,0.00654447,4.8124,0.0494769,13.903,0.00523319,30,2.55,2.608,2026-08-01T02:21:40,9124b27,2.13.0+cu130,gonzalo
27,0.8,20,n3,qr,fixed30,75,1e-07,,,,4,cuda,torch,400,8,,10.179,0.107148,16.9327,0.00654447,5.43032,0.0558224,13.903,0.00523319,30,2.56,2.608,2026-08-01T02:21:40,9124b27,2.13.0+cu130,gonzalo
28,0.2,inf,n3,qr,fixed30,75,1e-07,,,,4,cuda,torch,400,8,,2.29617,0.0232242,4.45045,0.0025675,0.945338,0.00951903,3.46673,0.0019458,30,2.555,2.608,2026-08-01T02:21:40,9124b27,2.13.0+cu130,gonzalo
28,0.2,40,n3,qr,fixed30,75,1e-07,,,,4,cuda,torch,400,8,,3.19332,0.0324536,4.45045,0.0025675,1.58436,0.0159688,3.46673,0.0019458,30,2.551,2.608,2026-08-01T02:21:40,9124b27,2.13.0+cu130,gonzalo
28,0.2,20,n3,qr,fixed30,75,1e-07,,,,4,cuda,torch,400,8,,6.38106,0.0639905,4.45045,0.0025675,4.14785,0.0416802,3.46673,0.0019458,30,2.558,2.608,2026-08-01T02:21:40,9124b27,2.13.0+cu130,gonzalo
28,0.4,inf,n3,qr,fixed30,75,1e-07,,,,4,cuda,torch,400,8,,5.05949,0.0519684,8.96917,0.00585954,2.31952,0.0235808,6.96572,0.00501558,30,2.553,2.608,2026-08-01T02:21:40,9124b27,2.13.0+cu130,gonzalo
28,0.4,40,n3,qr,fixed30,75,1e-07,,,,4,cuda,torch,400,8,,5.89556,0.0605492,8.96917,0.00585954,2.99127,0.0303619,6.96572,0.00501558,30,2.548,2.608,2026-08-01T02:21:40,9124b27,2.13.0+cu130,gonzalo
28,0.4,20,n3,qr,fixed30,75,1e-07,,,,4,cuda,torch,400,8,,7.59842,0.0774008,8.96917,0.00585954,4.57048,0.0461071,6.96572,0.00501558,30,2.558,2.608,2026-08-01T02:21:40,9124b27,2.13.0+cu130,gonzalo
28,0.8,inf,n3,qr,fixed30,75,1e-07,,,,4,cuda,torch,400,8,,10.1823,0.107458,18.2099,0.0156079,5.28744,0.0545188,14.0586,0.0150193,30,2.555,2.608,2026-08-01T02:21:40,9124b27,2.13.0+cu130,gonzalo
28,0.8,40,n3,qr,fixed30,75,1e-07,,,,4,cuda,torch,400,8,,10.5407,0.111203,18.2099,0.0156079,5.61301,0.0578631,14.0586,0.0150193,30,2.552,2.608,2026-08-01T02:21:40,9124b27,2.13.0+cu130,gonzalo
28,0.8,20,n3,qr,fixed30,75,1e-07,,,,4,cuda,torch,400,8,,10.8493,0.114078,18.2099,0.0156079,6.10585,0.0628268,14.0586,0.0150193,30,2.559,2.608,2026-08-01T02:21:40,9124b27,2.13.0+cu130,gonzalo
29,0.2,inf,n3,qr,fixed30,75,1e-07,,,,4,cuda,torch,400,8,,2.53584,0.0257006,5.02272,0.00213037,1.10665,0.0111448,4.23346,0.00181367,30,2.553,2.608,2026-08-01T02:21:40,9124b27,2.13.0+cu130,gonzalo
29,0.2,40,n3,qr,fixed30,75,1e-07,,,,4,cuda,torch,400,8,,3.26776,0.0334958,5.02272,0.00213037,1.71018,0.0173373,4.23346,0.00181367,30,2.557,2.608,2026-08-01T02:21:40,9124b27,2.13.0+cu130,gonzalo
29,0.2,20,n3,qr,fixed30,75,1e-07,,,,4,cuda,torch,400,8,,5.27773,0.0539156,5.02272,0.00213037,3.31749,0.0336087,4.23346,0.00181367,30,2.558,2.608,2026-08-01T02:21:40,9124b27,2.13.0+cu130,gonzalo
29,0.4,inf,n3,qr,fixed30,75,1e-07,,,,4,cuda,torch,400,8,,5.225,0.0538976,10.0979,0.0055558,2.62766,0.0268131,8.48476,0.00526672,30,2.552,2.608,2026-08-01T02:21:40,9124b27,2.13.0+cu130,gonzalo
29,0.4,40,n3,qr,fixed30,75,1e-07,,,,4,cuda,torch,400,8,,5.72367,0.0592785,10.0979,0.0055558,3.0924,0.0316208,8.48476,0.00526672,30,2.555,2.608,2026-08-01T02:21:40,9124b27,2.13.0+cu130,gonzalo
29,0.4,20,n3,qr,fixed30,75,1e-07,,,,4,cuda,torch,400,8,,6.73612,0.0697431,10.0979,0.0055558,4.03237,0.041166,8.48476,0.00526672,30,2.553,2.608,2026-08-01T02:21:40,9124b27,2.13.0+cu130,gonzalo
29,0.8,inf,n3,qr,fixed30,75,1e-07,,,,4,cuda,torch,400,8,,9.85857,0.102422,20.387,0.0163171,5.56473,0.0574036,17.0358,0.0161435,30,2.554,2.608,2026-08-01T02:21:40,9124b27,2.13.0+cu130,gonzalo
29,0.8,40,n3,qr,fixed30,75,1e-07,,,,4,cuda,torch,400,8,,10.1835,0.105729,20.387,0.0163171,5.8561,0.0603885,17.0358,0.0161435,30,2.551,2.608,2026-08-01T02:21:40,9124b27,2.13.0+cu130,gonzalo
29,0.8,20,n3,qr,fixed30,75,1e-07,,,,4,cuda,torch,400,8,,10.5573,0.109371,20.387,0.0163171,6.38723,0.0657959,17.0358,0.0161435,30,2.559,2.608,2026-08-01T02:21:40,9124b27,2.13.0+cu130,gonzalo
30,0.2,inf,n3,qr,fixed30,75,1e-07,,,,4,cuda,torch,400,8,,2.66929,0.0268561,4.59402,0.00238317,1.15582,0.0116187,3.53346,0.00159495,30,2.552,2.608,2026-08-01T02:21:40,9124b27,2.13.0+cu130,gonzalo
30,0.2,40,n3,qr,fixed30,75,1e-07,,,,4,cuda,torch,400,8,,3.5582,0.0361071,4.59402,0.00238317,1.83315,0.0184958,3.53346,0.00159495,30,2.554,2.608,2026-08-01T02:21:40,9124b27,2.13.0+cu130,gonzalo
30,0.2,20,n3,qr,fixed30,75,1e-07,,,,4,cuda,torch,400,8,,6.78902,0.0680007,4.59402,0.00238317,4.64057,0.0468068,3.53346,0.00159495,30,2.554,2.608,2026-08-01T02:21:40,9124b27,2.13.0+cu130,gonzalo
30,0.4,inf,n3,qr,fixed30,75,1e-07,,,,4,cuda,torch,400,8,,6.05369,0.0618662,9.22654,0.00499569,2.94411,0.0298727,7.08863,0.00351989,30,2.555,2.608,2026-08-01T02:21:40,9124b27,2.13.0+cu130,gonzalo
30,0.4,40,n3,qr,fixed30,75,1e-07,,,,4,cuda,torch,400,8,,6.86275,0.0702301,9.22654,0.00499569,3.65472,0.0370626,7.08863,0.00351989,30,2.556,2.608,2026-08-01T02:21:40,9124b27,2.13.0+cu130,gonzalo
30,0.4,20,n3,qr,fixed30,75,1e-07,,,,4,cuda,torch,400,8,,8.09216,0.082401,9.22654,0.00499569,4.86334,0.0491202,7.08863,0.00351989,30,2.556,2.608,2026-08-01T02:21:40,9124b27,2.13.0+cu130,gonzalo
30,0.8,inf,n3,qr,fixed30,75,1e-07,,,,4,cuda,torch,400,8,,11.12,0.115696,18.5984,0.0117064,5.94108,0.0610909,14.2638,0.00901962,30,2.552,2.608,2026-08-01T02:21:40,9124b27,2.13.0+cu130,gonzalo
30,0.8,40,n3,qr,fixed30,75,1e-07,,,,4,cuda,torch,400,8,,11.3429,0.117965,18.5984,0.0117064,6.1726,0.0634152,14.2638,0.00901962,30,2.552,2.608,2026-08-01T02:21:40,9124b27,2.13.0+cu130,gonzalo
30,0.8,20,n3,qr,fixed30,75,1e-07,,,,4,cuda,torch,400,8,,11.5036,0.119458,18.5984,0.0117064,6.55225,0.0671196,14.2638,0.00901962,30,2.555,2.608,2026-08-01T02:21:40,9124b27,2.13.0+cu130,gonzalo
31,0.2,inf,n3,qr,fixed30,75,1e-07,,,,4,cuda,torch,400,8,,2.21583,0.022062,4.31386,0.00215592,1.05273,0.0105634,3.77272,0.00204547,30,2.549,2.608,2026-08-01T02:21:40,9124b27,2.13.0+cu130,gonzalo
31,0.2,40,n3,qr,fixed30,75,1e-07,,,,4,cuda,torch,400,8,,2.84637,0.0289456,4.31386,0.00215592,1.78711,0.018126,3.77272,0.00204547,30,2.552,2.608,2026-08-01T02:21:40,9124b27,2.13.0+cu130,gonzalo
31,0.2,20,n3,qr,fixed30,75,1e-07,,,,4,cuda,torch,400,8,,5.38409,0.0542226,4.31386,0.00215592,3.77299,0.0382181,3.77272,0.00204547,30,2.552,2.608,2026-08-01T02:21:40,9124b27,2.13.0+cu130,gonzalo
31,0.4,inf,n3,qr,fixed30,75,1e-07,,,,4,cuda,torch,400,8,,4.69309,0.0472806,8.62918,0.00434515,2.60975,0.0266071,7.54182,0.00409376,30,2.552,2.608,2026-08-01T02:21:40,9124b27,2.13.0+cu130,gonzalo
31,0.4,40,n3,qr,fixed30,75,1e-07,,,,4,cuda,torch,400,8,,5.21999,0.0532656,8.62918,0.00434515,3.28496,0.0337363,7.54182,0.00409376,30,2.552,2.608,2026-08-01T02:21:40,9124b27,2.13.0+cu130,gonzalo
31,0.4,20,n3,qr,fixed30,75,1e-07,,,,4,cuda,torch,400,8,,6.5099,0.0661875,8.62918,0.00434515,4.43245,0.045302,7.54182,0.00409376,30,2.554,2.608,2026-08-01T02:21:40,9124b27,2.13.0+cu130,gonzalo
31,0.8,inf,n3,qr,fixed30,75,1e-07,,,,4,cuda,torch,400,8,,9.32351,0.0938503,17.266,0.00897464,5.11382,0.0526874,15.0664,0.00821814,30,2.549,2.608,2026-08-01T02:21:40,9124b27,2.13.0+cu130,gonzalo
31,0.8,40,n3,qr,fixed30,75,1e-07,,,,4,cuda,torch,400,8,,9.61565,0.0973099,17.266,0.00897464,5.40313,0.0557921,15.0664,0.00821814,30,2.549,2.608,2026-08-01T02:21:40,9124b27,2.13.0+cu130,gonzalo
31,0.8,20,n3,qr,fixed30,75,1e-07,,,,4,cuda,torch,400,8,,9.95333,0.101265,17.266,0.00897464,5.96341,0.0615111,15.0664,0.00821814,30,2.552,2.608,2026-08-01T02:21:40,9124b27,2.13.0+cu130,gonzalo
32,0.2,inf,n3,qr,fixed30,75,1e-07,,,,4,cuda,torch,400,8,,2.01448,0.0198541,3.85757,0.00769746,1.1689,0.0115356,2.91914,0.00804553,30,2.549,2.608,2026-08-01T02:21:40,9124b27,2.13.0+cu130,gonzalo
32,0.2,40,n3,qr,fixed30,75,1e-07,,,,4,cuda,torch,400,8,,1.82821,0.0182518,3.85757,0.00769746,0.906044,0.00902975,2.91914,0.00804553,30,2.552,2.608,2026-08-01T02:21:40,9124b27,2.13.0+cu130,gonzalo
32,0.2,20,n3,qr,fixed30,75,1e-07,,,,4,cuda,torch,400,8,,3.51991,0.0356208,3.85757,0.00769746,2.1016,0.021087,2.91914,0.00804553,30,2.553,2.608,2026-08-01T02:21:40,9124b27,2.13.0+cu130,gonzalo
32,0.4,inf,n3,qr,fixed30,75,1e-07,,,,4,cuda,torch,400,8,,4.09412,0.0399368,7.63011,0.0182317,2.72231,0.0265008,5.78325,0.0194967,30,2.551,2.608,2026-08-01T02:21:40,9124b27,2.13.0+cu130,gonzalo
32,0.4,40,n3,qr,fixed30,75,1e-07,,,,4,cuda,torch,400,8,,3.8119,0.0374353,7.63011,0.0182317,2.22903,0.0218609,5.78325,0.0194967,30,2.55,2.608,2026-08-01T02:21:40,9124b27,2.13.0+cu130,gonzalo
32,0.4,20,n3,qr,fixed30,75,1e-07,,,,4,cuda,torch,400,8,,4.18484,0.0423664,7.63011,0.0182317,2.13374,0.0214889,5.78325,0.0194967,30,2.558,2.608,2026-08-01T02:21:40,9124b27,2.13.0+cu130,gonzalo
32,0.8,inf,n3,qr,fixed30,75,1e-07,,,,4,cuda,torch,400,8,,9.68379,0.0915397,14.9354,0.0484334,7.38013,0.0693213,11.3544,0.0525508,30,2.549,2.608,2026-08-01T02:21:40,9124b27,2.13.0+cu130,gonzalo
32,0.8,40,n3,qr,fixed30,75,1e-07,,,,4,cuda,torch,400,8,,9.26841,0.0876362,14.9354,0.0484334,6.6479,0.0627297,11.3544,0.0525508,30,2.551,2.608,2026-08-01T02:21:40,9124b27,2.13.0+cu130,gonzalo
32,0.8,20,n3,qr,fixed30,75,1e-07,,,,4,cuda,torch,400,8,,8.48066,0.081376,14.9354,0.0484334,4.94133,0.0475737,11.3544,0.0525508,30,2.555,2.608,2026-08-01T02:21:40,9124b27,2.13.0+cu130,gonzalo
33,0.2,inf,n3,qr,fixed30,75,1e-07,,,,4,cuda,torch,400,8,,2.26105,0.0227776,4.18554,0.00396929,1.00191,0.0100107,3.59227,0.00306178,30,2.552,2.608,2026-08-01T02:21:40,9124b27,2.13.0+cu130,gonzalo
33,0.2,40,n3,qr,fixed30,75,1e-07,,,,4,cuda,torch,400,8,,2.65737,0.0270558,4.18554,0.00396929,1.19372,0.0120309,3.59227,0.00306178,30,2.549,2.608,2026-08-01T02:21:40,9124b27,2.13.0+cu130,gonzalo
33,0.2,20,n3,qr,fixed30,75,1e-07,,,,4,cuda,torch,400,8,,4.96854,0.050436,4.18554,0.00396929,2.95915,0.0297325,3.59227,0.00306178,30,2.559,2.608,2026-08-01T02:21:40,9124b27,2.13.0+cu130,gonzalo
33,0.4,inf,n3,qr,fixed30,75,1e-07,,,,4,cuda,torch,400,8,,4.60059,0.0465876,8.27676,0.00862777,2.09615,0.0209757,7.12415,0.00698787,30,2.55,2.608,2026-08-01T02:21:40,9124b27,2.13.0+cu130,gonzalo
33,0.4,40,n3,qr,fixed30,75,1e-07,,,,4,cuda,torch,400,8,,4.90486,0.0501543,8.27676,0.00862777,2.20899,0.0223215,7.12415,0.00698787,30,2.55,2.608,2026-08-01T02:21:40,9124b27,2.13.0+cu130,gonzalo
33,0.4,20,n3,qr,fixed30,75,1e-07,,,,4,cuda,torch,400,8,,6.40901,0.0660961,8.27676,0.00862777,3.37054,0.0341722,7.12415,0.00698787,30,2.555,2.608,2026-08-01T02:21:40,9124b27,2.13.0+cu130,gonzalo
33,0.8,inf,n3,qr,fixed30,75,1e-07,,,,4,cuda,torch,400,8,,9.77561,0.100196,16.1857,0.0222432,5.00497,0.050464,14.0094,0.019923,30,2.551,2.608,2026-08-01T02:21:40,9124b27,2.13.0+cu130,gonzalo
33,0.8,40,n3,qr,fixed30,75,1e-07,,,,4,cuda,torch,400,8,,10.1375,0.104184,16.1857,0.0222432,5.16194,0.0521723,14.0094,0.019923,30,2.548,2.608,2026-08-01T02:21:40,9124b27,2.13.0+cu130,gonzalo
33,0.8,20,n3,qr,fixed30,75,1e-07,,,,4,cuda,torch,400,8,,10.7126,0.110558,16.1857,0.0222432,5.67762,0.057667,14.0094,0.019923,30,2.55,2.608,2026-08-01T02:21:40,9124b27,2.13.0+cu130,gonzalo
34,0.2,inf,n3,qr,fixed30,75,1e-07,,,,4,cuda,torch,400,8,,2.22899,0.0223289,4.26157,0.00363443,1.14264,0.0113581,3.65604,0.00258226,30,2.554,2.608,2026-08-01T02:21:40,9124b27,2.13.0+cu130,gonzalo
34,0.2,40,n3,qr,fixed30,75,1e-07,,,,4,cuda,torch,400,8,,2.52192,0.0255938,4.26157,0.00363443,1.15919,0.0116543,3.65604,0.00258226,30,2.552,2.608,2026-08-01T02:21:40,9124b27,2.13.0+cu130,gonzalo
34,0.2,20,n3,qr,fixed30,75,1e-07,,,,4,cuda,torch,400,8,,4.58541,0.0465431,4.26157,0.00363443,2.65627,0.0266962,3.65604,0.00258226,30,2.539,2.608,2026-08-01T02:21:40,9124b27,2.13.0+cu130,gonzalo
34,0.4,inf,n3,qr,fixed30,75,1e-07,,,,4,cuda,torch,400,8,,4.53668,0.045282,8.45832,0.00805037,2.59198,0.0256029,7.26207,0.00606404,30,2.544,2.608,2026-08-01T02:21:40,9124b27,2.13.0+cu130,gonzalo
34,0.4,40,n3,qr,fixed30,75,1e-07,,,,4,cuda,torch,400,8,,4.66352,0.0471724,8.45832,0.00805037,2.42761,0.0242899,7.26207,0.00606404,30,2.544,2.608,2026-08-01T02:21:40,9124b27,2.13.0+cu130,gonzalo
34,0.4,20,n3,qr,fixed30,75,1e-07,,,,4,cuda,torch,400,8,,5.70437,0.0585071,8.45832,0.00805037,2.95747,0.0299769,7.26207,0.00606404,30,2.549,2.608,2026-08-01T02:21:40,9124b27,2.13.0+cu130,gonzalo
34,0.8,inf,n3,qr,fixed30,75,1e-07,,,,4,cuda,torch,400,8,,9.49962,0.0942749,16.66,0.0210272,6.51635,0.0634591,14.324,0.0173276,30,2.549,2.608,2026-08-01T02:21:40,9124b27,2.13.0+cu130,gonzalo
34,0.8,40,n3,qr,fixed30,75,1e-07,,,,4,cuda,torch,400,8,,9.58997,0.0955234,16.66,0.0210272,6.16183,0.060224,14.324,0.0173276,30,2.547,2.608,2026-08-01T02:21:40,9124b27,2.13.0+cu130,gonzalo
34,0.8,20,n3,qr,fixed30,75,1e-07,,,,4,cuda,torch,400,8,,9.85369,0.0999317,16.66,0.0210272,5.70595,0.0568651,14.324,0.0173276,30,2.557,2.608,2026-08-01T02:21:40,9124b27,2.13.0+cu130,gonzalo
35,0.2,inf,n3,qr,fixed30,75,1e-07,,,,4,cuda,torch,400,8,,2.1052,0.0209986,4.35394,0.00869767,0.850285,0.00848871,3.77532,0.00903084,30,2.55,2.608,2026-08-01T02:21:40,9124b27,2.13.0+cu130,gonzalo
35,0.2,40,n3,qr,fixed30,75,1e-07,,,,4,cuda,torch,400,8,,2.31736,0.0234348,4.35394,0.00869767,1.00934,0.0101603,3.77532,0.00903084,30,2.545,2.608,2026-08-01T02:21:40,9124b27,2.13.0+cu130,gonzalo
35,0.2,20,n3,qr,fixed30,75,1e-07,,,,4,cuda,torch,400,8,,4.60435,0.0465976,4.35394,0.00869767,2.89357,0.0290802,3.77532,0.00903084,30,2.549,2.608,2026-08-01T02:21:40,9124b27,2.13.0+cu130,gonzalo
35,0.4,inf,n3,qr,fixed30,75,1e-07,,,,4,cuda,torch,400,8,,4.28342,0.0434651,8.73989,0.0202876,1.74614,0.0176199,7.57785,0.0210221,30,2.552,2.608,2026-08-01T02:21:40,9124b27,2.13.0+cu130,gonzalo
35,0.4,40,n3,qr,fixed30,75,1e-07,,,,4,cuda,torch,400,8,,4.68188,0.0479254,8.73989,0.0202876,2.04169,0.0207061,7.57785,0.0210221,30,2.556,2.608,2026-08-01T02:21:40,9124b27,2.13.0+cu130,gonzalo
35,0.4,20,n3,qr,fixed30,75,1e-07,,,,4,cuda,torch,400,8,,6.23683,0.064251,8.73989,0.0202876,3.52954,0.0357212,7.57785,0.0210221,30,2.553,2.608,2026-08-01T02:21:40,9124b27,2.13.0+cu130,gonzalo
35,0.8,inf,n3,qr,fixed30,75,1e-07,,,,4,cuda,torch,400,8,,9.55617,0.0999186,17.6069,0.0548449,4.74931,0.0489234,15.263,0.0562895,30,2.543,2.608,2026-08-01T02:21:40,9124b27,2.13.0+cu130,gonzalo
35,0.8,40,n3,qr,fixed30,75,1e-07,,,,4,cuda,torch,400,8,,9.85602,0.103025,17.6069,0.0548449,5.05635,0.0520502,15.263,0.0562895,30,2.541,2.608,2026-08-01T02:21:40,9124b27,2.13.0+cu130,gonzalo
35,0.8,20,n3,qr,fixed30,75,1e-07,,,,4,cuda,torch,400,8,,10.0994,0.105328,17.6069,0.0548449,5.60154,0.057594,15.263,0.0562895,30,2.545,2.608,2026-08-01T02:21:40,9124b27,2.13.0+cu130,gonzalo
36,0.2,inf,n3,qr,fixed30,75,1e-07,,,,4,cuda,torch,400,8,,2.43266,0.024401,4.79511,0.0036944,1.20121,0.0120925,4.08666,0.00296145,30,2.563,2.608,2026-08-01T02:21:40,9124b27,2.13.0+cu130,gonzalo
36,0.2,40,n3,qr,fixed30,75,1e-07,,,,4,cuda,torch,400,8,,3.10274,0.0314971,4.79511,0.0036944,1.83676,0.0186385,4.08666,0.00296145,30,2.58,2.608,2026-08-01T02:21:40,9124b27,2.13.0+cu130,gonzalo
36,0.2,20,n3,qr,fixed30,75,1e-07,,,,4,cuda,torch,400,8,,5.46118,0.0553397,4.79511,0.0036944,3.69346,0.0374634,4.08666,0.00296145,30,2.581,2.608,2026-08-01T02:21:40,9124b27,2.13.0+cu130,gonzalo
36,0.4,inf,n3,qr,fixed30,75,1e-07,,,,4,cuda,torch,400,8,,5.4057,0.0550829,9.54161,0.00799077,3.02869,0.0309558,8.12703,0.00666619,30,2.581,2.608,2026-08-01T02:21:40,9124b27,2.13.0+cu130,gonzalo
36,0.4,40,n3,qr,fixed30,75,1e-07,,,,4,cuda,torch,400,8,,5.90104,0.0604258,9.54161,0.00799077,3.51355,0.0360276,8.12703,0.00666619,30,2.579,2.608,2026-08-01T02:21:40,9124b27,2.13.0+cu130,gonzalo
36,0.4,20,n3,qr,fixed30,75,1e-07,,,,4,cuda,torch,400,8,,6.86018,0.0702865,9.54161,0.00799077,4.37055,0.0447024,8.12703,0.00666619,30,2.581,2.608,2026-08-01T02:21:40,9124b27,2.13.0+cu130,gonzalo
36,0.8,inf,n3,qr,fixed30,75,1e-07,,,,4,cuda,torch,400,8,,10.1423,0.101345,18.878,0.0254174,5.42589,0.0554038,16.0661,0.0243799,30,2.582,2.608,2026-08-01T02:21:40,9124b27,2.13.0+cu130,gonzalo
36,0.8,40,n3,qr,fixed30,75,1e-07,,,,4,cuda,torch,400,8,,10.4175,0.104176,18.878,0.0254174,5.66006,0.0577718,16.0661,0.0243799,30,2.58,2.608,2026-08-01T02:21:40,9124b27,2.13.0+cu130,gonzalo
36,0.8,20,n3,qr,fixed30,75,1e-07,,,,4,cuda,torch,400,8,,10.8058,0.108312,18.878,0.0254174,6.2144,0.0633411,16.0661,0.0243799,30,2.577,2.608,2026-08-01T02:21:40,9124b27,2.13.0+cu130,gonzalo
37,0.2,inf,n3,qr,fixed30,75,1e-07,,,,4,cuda,torch,400,8,,2.488,0.0251867,4.56338,0.00350426,1.16709,0.0117894,3.91621,0.00210109,30,2.575,2.608,2026-08-01T02:21:40,9124b27,2.13.0+cu130,gonzalo
37,0.2,40,n3,qr,fixed30,75,1e-07,,,,4,cuda,torch,400,8,,3.34391,0.0341159,4.56338,0.00350426,1.87887,0.0190394,3.91621,0.00210109,30,2.575,2.608,2026-08-01T02:21:40,9124b27,2.13.0+cu130,gonzalo
37,0.2,20,n3,qr,fixed30,75,1e-07,,,,4,cuda,torch,400,8,,5.73949,0.0578751,4.56338,0.00350426,3.70241,0.0373552,3.91621,0.00210109,30,2.569,2.608,2026-08-01T02:21:40,9124b27,2.13.0+cu130,gonzalo
37,0.4,inf,n3,qr,fixed30,75,1e-07,,,,4,cuda,torch,400,8,,5.69831,0.0582546,9.08809,0.00746009,2.80772,0.0286063,7.81297,0.00509427,30,2.556,2.608,2026-08-01T02:21:40,9124b27,2.13.0+cu130,gonzalo
37,0.4,40,n3,qr,fixed30,75,1e-07,,,,4,cuda,torch,400,8,,6.17089,0.0632527,9.08809,0.00746009,3.27039,0.0333659,7.81297,0.00509427,30,2.625,2.608,2026-08-01T02:21:40,9124b27,2.13.0+cu130,gonzalo
37,0.4,20,n3,qr,fixed30,75,1e-07,,,,4,cuda,torch,400,8,,7.38067,0.0753007,9.08809,0.00746009,4.46831,0.0454043,7.81297,0.00509427,30,2.643,2.608,2026-08-01T02:21:40,9124b27,2.13.0+cu130,gonzalo
37,0.8,inf,n3,qr,fixed30,75,1e-07,,,,4,cuda,torch,400,8,,10.2484,0.104286,18.0083,0.0188599,5.08925,0.0520457,15.5413,0.0161456,30,2.62,2.608,2026-08-01T02:21:40,9124b27,2.13.0+cu130,gonzalo
37,0.8,40,n3,qr,fixed30,75,1e-07,,,,4,cuda,torch,400,8,,10.6247,0.108385,18.0083,0.0188599,5.47146,0.0560241,15.5413,0.0161456,30,2.619,2.608,2026-08-01T02:21:40,9124b27,2.13.0+cu130,gonzalo
37,0.8,20,n3,qr,fixed30,75,1e-07,,,,4,cuda,torch,400,8,,10.9641,0.112042,18.0083,0.0188599,6.13971,0.0628777,15.5413,0.0161456,30,2.64,2.608,2026-08-01T02:21:40,9124b27,2.13.0+cu130,gonzalo
38,0.2,inf,n3,qr,fixed30,75,1e-07,,,,4,cuda,torch,400,8,,2.08661,0.0212558,3.656,0.00387088,0.992676,0.00994837,3.02932,0.00307665,30,2.646,2.608,2026-08-01T02:21:40,9124b27,2.13.0+cu130,gonzalo
38,0.2,40,n3,qr,fixed30,75,1e-07,,,,4,cuda,torch,400,8,,2.65847,0.0271526,3.656,0.00387088,1.32351,0.0133195,3.02932,0.00307665,30,2.656,2.608,2026-08-01T02:21:40,9124b27,2.13.0+cu130,gonzalo
38,0.2,20,n3,qr,fixed30,75,1e-07,,,,4,cuda,torch,400,8,,5.22887,0.0529296,3.656,0.00387088,3.24136,0.0325808,3.02932,0.00307665,30,2.642,2.608,2026-08-01T02:21:40,9124b27,2.13.0+cu130,gonzalo
38,0.4,inf,n3,qr,fixed30,75,1e-07,,,,4,cuda,torch,400,8,,3.90055,0.0400645,7.36944,0.00747703,2.0472,0.0204649,6.0864,0.0051858,30,2.641,2.608,2026-08-01T02:21:40,9124b27,2.13.0+cu130,gonzalo
38,0.4,40,n3,qr,fixed30,75,1e-07,,,,4,cuda,torch,400,8,,4.45297,0.0459681,7.36944,0.00747703,2.29568,0.0231419,6.0864,0.0051858,30,2.652,2.608,2026-08-01T02:21:40,9124b27,2.13.0+cu130,gonzalo
38,0.4,20,n3,qr,fixed30,75,1e-07,,,,4,cuda,torch,400,8,,6.67672,0.0685954,7.36944,0.00747703,3.94615,0.0398053,6.0864,0.0051858,30,2.661,2.608,2026-08-01T02:21:40,9124b27,2.13.0+cu130,gonzalo
38,0.8,inf,n3,qr,fixed30,75,1e-07,,,,4,cuda,torch,400,8,,8.24792,0.0872778,14.9954,0.0226606,4.15752,0.0423393,12.2935,0.0203505,30,2.644,2.608,2026-08-01T02:21:40,9124b27,2.13.0+cu130,gonzalo
38,0.8,40,n3,qr,fixed30,75,1e-07,,,,4,cuda,torch,400,8,,8.75843,0.0926857,14.9954,0.0226606,4.6054,0.0470181,12.2935,0.0203505,30,2.637,2.608,2026-08-01T02:21:40,9124b27,2.13.0+cu130,gonzalo
38,0.8,20,n3,qr,fixed30,75,1e-07,,,,4,cuda,torch,400,8,,9.66362,0.101778,14.9954,0.0226606,5.52695,0.0563799,12.2935,0.0203505,30,2.627,2.608,2026-08-01T02:21:40,9124b27,2.13.0+cu130,gonzalo
39,0.2,inf,n3,qr,fixed30,75,1e-07,,,,4,cuda,torch,400,8,,2.62352,0.026181,4.41665,0.00430162,1.22819,0.0123578,3.70136,0.00328311,30,2.647,2.608,2026-08-01T02:21:40,9124b27,2.13.0+cu130,gonzalo
39,0.2,40,n3,qr,fixed30,75,1e-07,,,,4,cuda,torch,400,8,,3.27218,0.0332188,4.41665,0.00430162,1.93949,0.0196914,3.70136,0.00328311,30,2.632,2.608,2026-08-01T02:21:40,9124b27,2.13.0+cu130,gonzalo
39,0.2,20,n3,qr,fixed30,75,1e-07,,,,4,cuda,torch,400,8,,5.76102,0.0577961,4.41665,0.00430162,3.93687,0.0398055,3.70136,0.00328311,30,2.638,2.608,2026-08-01T02:21:40,9124b27,2.13.0+cu130,gonzalo
39,0.4,inf,n3,qr,fixed30,75,1e-07,,,,4,cuda,torch,400,8,,5.29558,0.0532272,8.78367,0.00929594,2.74492,0.0279497,7.37835,0.00779028,30,2.624,2.608,2026-08-01T02:21:40,9124b27,2.13.0+cu130,gonzalo
39,0.4,40,n3,qr,fixed30,75,1e-07,,,,4,cuda,torch,400,8,,5.69341,0.0576055,8.78367,0.00929594,3.27516,0.0334836,7.37835,0.00779028,30,2.641,2.608,2026-08-01T02:21:40,9124b27,2.13.0+cu130,gonzalo
39,0.4,20,n3,qr,fixed30,75,1e-07,,,,4,cuda,torch,400,8,,6.9894,0.0706883,8.78367,0.00929594,4.52175,0.0460648,7.37835,0.00779028,30,2.64,2.608,2026-08-01T02:21:40,9124b27,2.13.0+cu130,gonzalo
39,0.8,inf,n3,qr,fixed30,75,1e-07,,,,4,cuda,torch,400,8,,10.4262,0.104279,17.3703,0.0221732,5.40701,0.0554247,14.6581,0.0207595,30,2.627,2.608,2026-08-01T02:21:40,9124b27,2.13.0+cu130,gonzalo
39,0.8,40,n3,qr,fixed30,75,1e-07,,,,4,cuda,torch,400,8,,10.6434,0.106971,17.3703,0.0221732,5.66772,0.0582066,14.6581,0.0207595,30,2.631,2.608,2026-08-01T02:21:40,9124b27,2.13.0+cu130,gonzalo
39,0.8,20,n3,qr,fixed30,75,1e-07,,,,4,cuda,torch,400,8,,10.848,0.109242,17.3703,0.0221732,6.15164,0.0630704,14.6581,0.0207595,30,2.638,2.608,2026-08-01T02:21:40,9124b27,2.13.0+cu130,gonzalo
40,0.2,inf,n3,qr,fixed30,75,1e-07,,,,4,cuda,torch,400,8,,2.44133,0.0246499,4.3436,0.00209822,1.08922,0.0109014,3.81288,0.00165616,30,2.57,2.608,2026-08-01T02:21:40,9124b27,2.13.0+cu130,gonzalo
40,0.2,40,n3,qr,fixed30,75,1e-07,,,,4,cuda,torch,400,8,,2.92201,0.0298103,4.3436,0.00209822,1.28152,0.0129297,3.81288,0.00165616,30,2.564,2.608,2026-08-01T02:21:40,9124b27,2.13.0+cu130,gonzalo
40,0.2,20,n3,qr,fixed30,75,1e-07,,,,4,cuda,torch,400,8,,5.20951,0.0529066,4.3436,0.00209822,2.99389,0.0300727,3.81288,0.00165616,30,2.569,2.608,2026-08-01T02:21:40,9124b27,2.13.0+cu130,gonzalo
40,0.4,inf,n3,qr,fixed30,75,1e-07,,,,4,cuda,torch,400,8,,5.03393,0.0514376,8.67211,0.0047098,2.25624,0.0227103,7.62176,0.00389977,30,2.559,2.608,2026-08-01T02:21:40,9124b27,2.13.0+cu130,gonzalo
40,0.4,40,n3,qr,fixed30,75,1e-07,,,,4,cuda,torch,400,8,,5.42461,0.0560412,8.67211,0.0047098,2.39603,0.0243553,7.62176,0.00389977,30,2.562,2.608,2026-08-01T02:21:40,9124b27,2.13.0+cu130,gonzalo
40,0.4,20,n3,qr,fixed30,75,1e-07,,,,4,cuda,torch,400,8,,6.96418,0.0721464,8.67211,0.0047098,3.63437,0.0368644,7.62176,0.00389977,30,2.598,2.608,2026-08-01T02:21:40,9124b27,2.13.0+cu130,gonzalo
40,0.8,inf,n3,qr,fixed30,75,1e-07,,,,4,cuda,torch,400,8,,10.3002,0.107355,17.2847,0.0123412,5.07391,0.0517399,15.2236,0.0110395,30,2.587,2.608,2026-08-01T02:21:40,9124b27,2.13.0+cu130,gonzalo
40,0.8,40,n3,qr,fixed30,75,1e-07,,,,4,cuda,torch,400,8,,10.5362,0.109975,17.2847,0.0123412,5.30201,0.0542158,15.2236,0.0110395,30,2.625,2.608,2026-08-01T02:21:40,9124b27,2.13.0+cu130,gonzalo
40,0.8,20,n3,qr,fixed30,75,1e-07,,,,4,cuda,torch,400,8,,10.9368,0.114049,17.2847,0.0123412,5.85731,0.0600312,15.2236,0.0110395,30,2.657,2.608,2026-08-01T02:21:40,9124b27,2.13.0+cu130,gonzalo
41,0.2,inf,n3,qr,fixed30,75,1e-07,,,,4,cuda,torch,400,8,,2.12989,0.02168,4.45575,0.00261584,0.906564,0.00912659,3.84915,0.00222962,30,2.67,2.608,2026-08-01T02:21:40,9124b27,2.13.0+cu130,gonzalo
41,0.2,40,n3,qr,fixed30,75,1e-07,,,,4,cuda,torch,400,8,,2.86384,0.029296,4.45575,0.00261584,1.45444,0.0146968,3.84915,0.00222962,30,2.631,2.608,2026-08-01T02:21:40,9124b27,2.13.0+cu130,gonzalo
41,0.2,20,n3,qr,fixed30,75,1e-07,,,,4,cuda,torch,400,8,,5.16415,0.0525188,4.45575,0.00261584,3.29854,0.0332687,3.84915,0.00222962,30,2.642,2.608,2026-08-01T02:21:40,9124b27,2.13.0+cu130,gonzalo
41,0.4,inf,n3,qr,fixed30,75,1e-07,,,,4,cuda,torch,400,8,,4.67076,0.0482801,8.94923,0.00508371,2.1472,0.0218003,7.71337,0.00428663,30,2.641,2.608,2026-08-01T02:21:40,9124b27,2.13.0+cu130,gonzalo
41,0.4,40,n3,qr,fixed30,75,1e-07,,,,4,cuda,torch,400,8,,5.25674,0.0543966,8.94923,0.00508371,2.71813,0.0276661,7.71337,0.00428663,30,2.603,2.608,2026-08-01T02:21:40,9124b27,2.13.0+cu130,gonzalo
41,0.4,20,n3,qr,fixed30,75,1e-07,,,,4,cuda,torch,400,8,,6.51082,0.0671329,8.94923,0.00508371,3.91064,0.0397131,7.71337,0.00428663,30,2.639,2.608,2026-08-01T02:21:40,9124b27,2.13.0+cu130,gonzalo
41,0.8,inf,n3,qr,fixed30,75,1e-07,,,,4,cuda,torch,400,8,,9.07872,0.0951733,18.0516,0.0109207,4.81905,0.0494479,15.488,0.00936781,30,2.613,2.608,2026-08-01T02:21:40,9124b27,2.13.0+cu130,gonzalo
41,0.8,40,n3,qr,fixed30,75,1e-07,,,,4,cuda,torch,400,8,,9.32394,0.0977723,18.0516,0.0109207,5.08565,0.0522054,15.488,0.00936781,30,2.637,2.608,2026-08-01T02:21:40,9124b27,2.13.0+cu130,gonzalo
41,0.8,20,n3,qr,fixed30,75,1e-07,,,,4,cuda,torch,400,8,,9.76621,0.102267,18.0516,0.0109207,5.66384,0.058139,15.488,0.00936781,30,2.588,2.608,2026-08-01T02:21:40,9124b27,2.13.0+cu130,gonzalo
42,0.2,inf,n3,qr,fixed30,75,1e-07,,,,4,cuda,torch,400,8,,2.55564,0.0259068,4.4968,0.00391422,1.02033,0.0102744,3.9526,0.00322913,30,2.581,2.608,2026-08-01T02:21:40,9124b27,2.13.0+cu130,gonzalo
42,0.2,40,n3,qr,fixed30,75,1e-07,,,,4,cuda,torch,400,8,,3.18911,0.0325037,4.4968,0.00391422,1.55983,0.0157403,3.9526,0.00322913,30,2.666,2.608,2026-08-01T02:21:40,9124b27,2.13.0+cu130,gonzalo
42,0.2,20,n3,qr,fixed30,75,1e-07,,,,4,cuda,torch,400,8,,5.76593,0.0581779,4.4968,0.00391422,3.62173,0.0363984,3.9526,0.00322913,30,2.631,2.608,2026-08-01T02:21:40,9124b27,2.13.0+cu130,gonzalo
42,0.4,inf,n3,qr,fixed30,75,1e-07,,,,4,cuda,torch,400,8,,6.00212,0.0618568,9.02058,0.00801147,2.81615,0.0286402,7.9398,0.00625831,30,2.629,2.608,2026-08-01T02:21:40,9124b27,2.13.0+cu130,gonzalo
42,0.4,40,n3,qr,fixed30,75,1e-07,,,,4,cuda,torch,400,8,,6.58871,0.0679718,9.02058,0.00801147,3.32707,0.033808,7.9398,0.00625831,30,2.578,2.608,2026-08-01T02:21:40,9124b27,2.13.0+cu130,gonzalo
42,0.4,20,n3,qr,fixed30,75,1e-07,,,,4,cuda,torch,400,8,,7.6613,0.0787125,9.02058,0.00801147,4.43027,0.04484,7.9398,0.00625831,30,2.612,2.608,2026-08-01T02:21:40,9124b27,2.13.0+cu130,gonzalo
42,0.8,inf,n3,qr,fixed30,75,1e-07,,,,4,cuda,torch,400,8,,10.8917,0.113551,18.1535,0.0182566,6.25534,0.0648681,16.0246,0.0136784,30,2.6,2.608,2026-08-01T02:21:40,9124b27,2.13.0+cu130,gonzalo
42,0.8,40,n3,qr,fixed30,75,1e-07,,,,4,cuda,torch,400,8,,11.2059,0.116737,18.1535,0.0182566,6.54673,0.0678719,16.0246,0.0136784,30,2.57,2.608,2026-08-01T02:21:40,9124b27,2.13.0+cu130,gonzalo
42,0.8,20,n3,qr,fixed30,75,1e-07,,,,4,cuda,torch,400,8,,11.3397,0.117885,18.1535,0.0182566,6.84235,0.0707933,16.0246,0.0136784,30,2.547,2.608,2026-08-01T02:21:40,9124b27,2.13.0+cu130,gonzalo
43,0.2,inf,n3,qr,fixed30,75,1e-07,,,,4,cuda,torch,400,8,,2.14203,0.021663,3.785,0.003126,1.03897,0.0104221,2.91869,0.00254605,30,2.542,2.608,2026-08-01T02:21:40,9124b27,2.13.0+cu130,gonzalo
43,0.2,40,n3,qr,fixed30,75,1e-07,,,,4,cuda,torch,400,8,,2.99296,0.0304726,3.785,0.003126,1.58265,0.0159855,2.91869,0.00254605,30,2.542,2.608,2026-08-01T02:21:40,9124b27,2.13.0+cu130,gonzalo
43,0.2,20,n3,qr,fixed30,75,1e-07,,,,4,cuda,torch,400,8,,5.74654,0.058157,3.785,0.003126,3.56245,0.0359055,2.91869,0.00254605,30,2.543,2.608,2026-08-01T02:21:40,9124b27,2.13.0+cu130,gonzalo
43,0.4,inf,n3,qr,fixed30,75,1e-07,,,,4,cuda,torch,400,8,,4.43731,0.0452272,7.56247,0.00624932,2.30482,0.023145,5.82068,0.00426351,30,2.543,2.608,2026-08-01T02:21:40,9124b27,2.13.0+cu130,gonzalo
43,0.4,40,n3,qr,fixed30,75,1e-07,,,,4,cuda,torch,400,8,,5.27448,0.0542081,7.56247,0.00624932,2.76622,0.0280915,5.82068,0.00426351,30,2.541,2.608,2026-08-01T02:21:40,9124b27,2.13.0+cu130,gonzalo
43,0.4,20,n3,qr,fixed30,75,1e-07,,,,4,cuda,torch,400,8,,7.42628,0.0760324,7.56247,0.00624932,4.38686,0.0444299,5.82068,0.00426351,30,2.564,2.608,2026-08-01T02:21:40,9124b27,2.13.0+cu130,gonzalo
43,0.8,inf,n3,qr,fixed30,75,1e-07,,,,4,cuda,torch,400,8,,9.01735,0.0934015,15.105,0.0168554,4.72154,0.0479072,11.5793,0.0115866,30,2.563,2.608,2026-08-01T02:21:40,9124b27,2.13.0+cu130,gonzalo
43,0.8,40,n3,qr,fixed30,75,1e-07,,,,4,cuda,torch,400,8,,9.55572,0.0993911,15.105,0.0168554,5.05441,0.0516195,11.5793,0.0115866,30,2.564,2.608,2026-08-01T02:21:40,9124b27,2.13.0+cu130,gonzalo
43,0.8,20,n3,qr,fixed30,75,1e-07,,,,4,cuda,torch,400,8,,10.4113,0.108506,15.105,0.0168554,5.79958,0.0593716,11.5793,0.0115866,30,2.573,2.608,2026-08-01T02:21:40,9124b27,2.13.0+cu130,gonzalo
44,0.2,inf,n3,qr,fixed30,75,1e-07,,,,4,cuda,torch,400,8,,2.129,0.0213973,4.50777,0.00132028,0.935393,0.00935227,3.37794,0.000813472,30,2.565,2.608,2026-08-01T02:21:40,9124b27,2.13.0+cu130,gonzalo
44,0.2,40,n3,qr,fixed30,75,1e-07,,,,4,cuda,torch,400,8,,2.6348,0.0267232,4.50777,0.00132028,1.25176,0.0126031,3.37794,0.000813472,30,2.566,2.608,2026-08-01T02:21:40,9124b27,2.13.0+cu130,gonzalo
44,0.2,20,n3,qr,fixed30,75,1e-07,,,,4,cuda,torch,400,8,,4.71471,0.048029,4.50777,0.00132028,2.95783,0.0298423,3.37794,0.000813472,30,2.572,2.608,2026-08-01T02:21:40,9124b27,2.13.0+cu130,gonzalo
44,0.4,inf,n3,qr,fixed30,75,1e-07,,,,4,cuda,torch,400,8,,4.37393,0.0440738,8.95706,0.00298618,1.94771,0.0194783,6.73641,0.00193499,30,2.563,2.608,2026-08-01T02:21:40,9124b27,2.13.0+cu130,gonzalo
44,0.4,40,n3,qr,fixed30,75,1e-07,,,,4,cuda,torch,400,8,,4.67457,0.0474649,8.95706,0.00298618,2.09595,0.0211404,6.73641,0.00193499,30,2.57,2.608,2026-08-01T02:21:40,9124b27,2.13.0+cu130,gonzalo
44,0.4,20,n3,qr,fixed30,75,1e-07,,,,4,cuda,torch,400,8,,5.92569,0.0609567,8.95706,0.00298618,3.32653,0.0337285,6.73641,0.00193499,30,2.553,2.608,2026-08-01T02:21:40,9124b27,2.13.0+cu130,gonzalo
44,0.8,inf,n3,qr,fixed30,75,1e-07,,,,4,cuda,torch,400,8,,10.0674,0.100342,17.6807,0.00903249,4.78423,0.0476828,13.3939,0.00741987,30,2.544,2.608,2026-08-01T02:21:40,9124b27,2.13.0+cu130,gonzalo
44,0.8,40,n3,qr,fixed30,75,1e-07,,,,4,cuda,torch,400,8,,10.2196,0.102479,17.6807,0.00903249,4.87577,0.0489029,13.3939,0.00741987,30,2.601,2.608,2026-08-01T02:21:40,9124b27,2.13.0+cu130,gonzalo
44,0.8,20,n3,qr,fixed30,75,1e-07,,,,4,cuda,torch,400,8,,10.6699,0.10806,17.6807,0.00903249,5.33757,0.053962,13.3939,0.00741987,30,2.688,2.608,2026-08-01T02:21:40,9124b27,2.13.0+cu130,gonzalo
45,0.2,inf,n3,qr,fixed30,75,1e-07,,,,4,cuda,torch,400,8,,2.81771,0.0286198,4.04669,0.0063691,1.51822,0.0153688,2.64661,0.00459715,30,2.664,2.608,2026-08-01T02:21:40,9124b27,2.13.0+cu130,gonzalo
45,0.2,40,n3,qr,fixed30,75,1e-07,,,,4,cuda,torch,400,8,,3.96819,0.040169,4.04669,0.0063691,2.36668,0.0240124,2.64661,0.00459715,30,2.681,2.608,2026-08-01T02:21:40,9124b27,2.13.0+cu130,gonzalo
45,0.2,20,n3,qr,fixed30,75,1e-07,,,,4,cuda,torch,400,8,,6.61247,0.0662732,4.04669,0.0063691,4.26681,0.0431151,2.64661,0.00459715,30,2.605,2.608,2026-08-01T02:21:40,9124b27,2.13.0+cu130,gonzalo
45,0.4,inf,n3,qr,fixed30,75,1e-07,,,,4,cuda,torch,400,8,,5.34788,0.0544603,8.24789,0.0168787,3.01826,0.0308557,5.37812,0.0148678,30,2.61,2.608,2026-08-01T02:21:40,9124b27,2.13.0+cu130,gonzalo
45,0.4,40,n3,qr,fixed30,75,1e-07,,,,4,cuda,torch,400,8,,6.41852,0.06509,8.24789,0.0168787,3.76055,0.0384061,5.37812,0.0148678,30,2.61,2.608,2026-08-01T02:21:40,9124b27,2.13.0+cu130,gonzalo
45,0.4,20,n3,qr,fixed30,75,1e-07,,,,4,cuda,torch,400,8,,8.69601,0.0875424,8.24789,0.0168787,5.30751,0.0538283,5.37812,0.0148678,30,2.612,2.608,2026-08-01T02:21:40,9124b27,2.13.0+cu130,gonzalo
45,0.8,inf,n3,qr,fixed30,75,1e-07,,,,4,cuda,torch,400,8,,10.12,0.104187,17.147,0.0882447,5.2882,0.0542989,11.1144,0.0981605,30,2.65,2.608,2026-08-01T02:21:40,9124b27,2.13.0+cu130,gonzalo
45,0.8,40,n3,qr,fixed30,75,1e-07,,,,4,cuda,torch,400,8,,10.883,0.111841,17.147,0.0882447,5.83737,0.0598123,11.1144,0.0981605,30,2.616,2.608,2026-08-01T02:21:40,9124b27,2.13.0+cu130,gonzalo
45,0.8,20,n3,qr,fixed30,75,1e-07,,,,4,cuda,torch,400,8,,11.6518,0.119235,17.147,0.0882447,6.58112,0.0670643,11.1144,0.0981605,30,2.611,2.608,2026-08-01T02:21:40,9124b27,2.13.0+cu130,gonzalo
46,0.2,inf,n3,qr,fixed30,75,1e-07,,,,4,cuda,torch,400,8,,2.53211,0.0251358,4.3072,0.00275237,1.24264,0.0124982,3.68074,0.00243744,30,2.634,2.608,2026-08-01T02:21:40,9124b27,2.13.0+cu130,gonzalo
46,0.2,40,n3,qr,fixed30,75,1e-07,,,,4,cuda,torch,400,8,,3.04262,0.0309133,4.3072,0.00275237,1.89924,0.0193133,3.68074,0.00243744,30,2.639,2.608,2026-08-01T02:21:40,9124b27,2.13.0+cu130,gonzalo
46,0.2,20,n3,qr,fixed30,75,1e-07,,,,4,cuda,torch,400,8,,5.12552,0.0516122,4.3072,0.00275237,3.61905,0.0367242,3.68074,0.00243744,30,2.644,2.608,2026-08-01T02:21:40,9124b27,2.13.0+cu130,gonzalo
46,0.4,inf,n3,qr,fixed30,75,1e-07,,,,4,cuda,torch,400,8,,5.11058,0.0513917,8.61703,0.00623034,2.80095,0.0286535,7.38038,0.00589358,30,2.72,2.608,2026-08-01T02:21:40,9124b27,2.13.0+cu130,gonzalo
46,0.4,40,n3,qr,fixed30,75,1e-07,,,,4,cuda,torch,400,8,,5.29303,0.0537613,8.61703,0.00623034,3.22274,0.0331483,7.38038,0.00589358,30,2.673,2.608,2026-08-01T02:21:40,9124b27,2.13.0+cu130,gonzalo
46,0.4,20,n3,qr,fixed30,75,1e-07,,,,4,cuda,torch,400,8,,6.28971,0.0639555,8.61703,0.00623034,4.24907,0.0435533,7.38038,0.00589358,30,2.667,2.608,2026-08-01T02:21:40,9124b27,2.13.0+cu130,gonzalo
46,0.8,inf,n3,qr,fixed30,75,1e-07,,,,4,cuda,torch,400,8,,9.40598,0.0933522,17.2483,0.0149582,4.92225,0.0507188,14.8374,0.014944,30,2.622,2.608,2026-08-01T02:21:40,9124b27,2.13.0+cu130,gonzalo
46,0.8,40,n3,qr,fixed30,75,1e-07,,,,4,cuda,torch,400,8,,9.63858,0.0964953,17.2483,0.0149582,5.18639,0.0536514,14.8374,0.014944,30,2.595,2.608,2026-08-01T02:21:40,9124b27,2.13.0+cu130,gonzalo
46,0.8,20,n3,qr,fixed30,75,1e-07,,,,4,cuda,torch,400,8,,10.0108,0.101233,17.2483,0.0149582,5.81236,0.0601702,14.8374,0.014944,30,2.656,2.608,2026-08-01T02:21:40,9124b27,2.13.0+cu130,gonzalo
47,0.2,inf,n3,qr,fixed30,75,1e-07,,,,4,cuda,torch,400,8,,2.80491,0.0284199,4.72858,0.00197282,1.09739,0.0110483,4.12257,0.00177876,30,2.6,2.608,2026-08-01T02:21:40,9124b27,2.13.0+cu130,gonzalo
47,0.2,40,n3,qr,fixed30,75,1e-07,,,,4,cuda,torch,400,8,,3.34062,0.0341099,4.72858,0.00197282,1.46752,0.0148352,4.12257,0.00177876,30,2.68,2.608,2026-08-01T02:21:40,9124b27,2.13.0+cu130,gonzalo
47,0.2,20,n3,qr,fixed30,75,1e-07,,,,4,cuda,torch,400,8,,5.68972,0.0577054,4.72858,0.00197282,3.35224,0.0336951,4.12257,0.00177876,30,2.665,2.608,2026-08-01T02:21:40,9124b27,2.13.0+cu130,gonzalo
47,0.4,inf,n3,qr,fixed30,75,1e-07,,,,4,cuda,torch,400,8,,6.05946,0.0625243,9.44689,0.00431821,2.53291,0.0257997,8.26273,0.00405887,30,2.602,2.608,2026-08-01T02:21:40,9124b27,2.13.0+cu130,gonzalo
47,0.4,40,n3,qr,fixed30,75,1e-07,,,,4,cuda,torch,400,8,,6.54108,0.067727,9.44689,0.00431821,2.93623,0.0299191,8.26273,0.00405887,30,2.65,2.608,2026-08-01T02:21:40,9124b27,2.13.0+cu130,gonzalo
47,0.4,20,n3,qr,fixed30,75,1e-07,,,,4,cuda,torch,400,8,,7.68793,0.0794437,9.44689,0.00431821,4.0683,0.0412479,8.26273,0.00405887,30,2.613,2.608,2026-08-01T02:21:40,9124b27,2.13.0+cu130,gonzalo
47,0.8,inf,n3,qr,fixed30,75,1e-07,,,,4,cuda,torch,400,8,,11.7708,0.12298,18.8436,0.0104026,6.31334,0.0654658,16.5911,0.0102983,30,2.735,2.608,2026-08-01T02:21:40,9124b27,2.13.0+cu130,gonzalo
47,0.8,40,n3,qr,fixed30,75,1e-07,,,,4,cuda,torch,400,8,,11.9961,0.125153,18.8436,0.0104026,6.54407,0.0678022,16.5911,0.0102983,30,2.652,2.608,2026-08-01T02:21:40,9124b27,2.13.0+cu130,gonzalo
47,0.8,20,n3,qr,fixed30,75,1e-07,,,,4,cuda,torch,400,8,,12.0885,0.125776,18.8436,0.0104026,6.81315,0.0704382,16.5911,0.0102983,30,2.778,2.608,2026-08-01T02:21:40,9124b27,2.13.0+cu130,gonzalo
48,0.2,inf,n3,qr,fixed30,75,1e-07,,,,4,cuda,torch,400,8,,1.43023,0.0143507,4.07237,0.00147086,0.550051,0.0055028,3.16706,0.000992605,30,2.618,2.608,2026-08-01T02:21:40,9124b27,2.13.0+cu130,gonzalo
48,0.2,40,n3,qr,fixed30,75,1e-07,,,,4,cuda,torch,400,8,,1.98518,0.0201317,4.07237,0.00147086,1.04758,0.010561,3.16706,0.000992605,30,2.666,2.608,2026-08-01T02:21:40,9124b27,2.13.0+cu130,gonzalo
48,0.2,20,n3,qr,fixed30,75,1e-07,,,,4,cuda,torch,400,8,,4.58245,0.0461533,4.07237,0.00147086,3.04727,0.0306329,3.16706,0.000992605,30,2.622,2.608,2026-08-01T02:21:40,9124b27,2.13.0+cu130,gonzalo
48,0.4,inf,n3,qr,fixed30,75,1e-07,,,,4,cuda,torch,400,8,,3.52703,0.0358431,8.13322,0.00355238,1.44811,0.0146317,6.32722,0.00272656,30,2.671,2.608,2026-08-01T02:21:40,9124b27,2.13.0+cu130,gonzalo
48,0.4,40,n3,qr,fixed30,75,1e-07,,,,4,cuda,torch,400,8,,4.16646,0.0427009,8.13322,0.00355238,2.00654,0.0203683,6.32722,0.00272656,30,2.651,2.608,2026-08-01T02:21:40,9124b27,2.13.0+cu130,gonzalo
48,0.4,20,n3,qr,fixed30,75,1e-07,,,,4,cuda,torch,400,8,,6.20381,0.063419,8.13322,0.00355238,3.78048,0.0382077,6.32722,0.00272656,30,2.717,2.608,2026-08-01T02:21:40,9124b27,2.13.0+cu130,gonzalo
48,0.8,inf,n3,qr,fixed30,75,1e-07,,,,4,cuda,torch,400,8,,8.77289,0.0911692,16.2274,0.0111524,4.16661,0.0427631,12.6273,0.00987981,30,2.63,2.608,2026-08-01T02:21:40,9124b27,2.13.0+cu130,gonzalo
48,0.8,40,n3,qr,fixed30,75,1e-07,,,,4,cuda,torch,400,8,,9.12593,0.0950343,16.2274,0.0111524,4.53848,0.0466235,12.6273,0.00987981,30,2.668,2.608,2026-08-01T02:21:40,9124b27,2.13.0+cu130,gonzalo
48,0.8,20,n3,qr,fixed30,75,1e-07,,,,4,cuda,torch,400,8,,9.61691,0.100241,16.2274,0.0111524,5.19225,0.0532742,12.6273,0.00987981,30,2.64,2.608,2026-08-01T02:21:40,9124b27,2.13.0+cu130,gonzalo
49,0.2,inf,n3,qr,fixed30,75,1e-07,,,,4,cuda,torch,400,8,,1.96209,0.0199777,3.88045,0.00343063,1.17048,0.0118789,2.94913,0.0026433,30,2.63,2.608,2026-08-01T02:21:40,9124b27,2.13.0+cu130,gonzalo
49,0.2,40,n3,qr,fixed30,75,1e-07,,,,4,cuda,torch,400,8,,2.8643,0.0291634,3.88045,0.00343063,1.90541,0.01939,2.94913,0.0026433,30,2.635,2.608,2026-08-01T02:21:40,9124b27,2.13.0+cu130,gonzalo
49,0.2,20,n3,qr,fixed30,75,1e-07,,,,4,cuda,torch,400,8,,5.53345,0.0555574,3.88045,0.00343063,3.82748,0.0387913,2.94913,0.0026433,30,2.725,2.608,2026-08-01T02:21:40,9124b27,2.13.0+cu130,gonzalo
49,0.4,inf,n3,qr,fixed30,75,1e-07,,,,4,cuda,torch,400,8,,4.15976,0.0428996,7.95542,0.0063492,2.65025,0.0273359,6.01722,0.00406846,30,2.697,2.608,2026-08-01T02:21:40,9124b27,2.13.0+cu130,gonzalo
49,0.4,40,n3,qr,fixed30,75,1e-07,,,,4,cuda,torch,400,8,,4.72624,0.0485395,7.95542,0.0063492,3.12152,0.0321827,6.01722,0.00406846,30,2.626,2.608,2026-08-01T02:21:40,9124b27,2.13.0+cu130,gonzalo
49,0.4,20,n3,qr,fixed30,75,1e-07,,,,4,cuda,torch,400,8,,6.81201,0.0687841,7.95542,0.0063492,4.55923,0.046539,6.01722,0.00406846,30,2.619,2.608,2026-08-01T02:21:40,9124b27,2.13.0+cu130,gonzalo
49,0.8,inf,n3,qr,fixed30,75,1e-07,,,,4,cuda,torch,400,8,,7.00438,0.0732313,16.736,0.0223604,4.13116,0.0432812,12.5314,0.0212916,30,2.701,2.608,2026-08-01T02:21:40,9124b27,2.13.0+cu130,gonzalo
49,0.8,40,n3,qr,fixed30,75,1e-07,,,,4,cuda,torch,400,8,,7.50387,0.0783931,16.736,0.0223604,4.45578,0.046566,12.5314,0.0212916,30,2.654,2.608,2026-08-01T02:21:40,9124b27,2.13.0+cu130,gonzalo
49,0.8,20,n3,qr,fixed30,75,1e-07,,,,4,cuda,torch,400,8,,8.74901,0.0907123,16.736,0.0223604,5.34685,0.0553485,12.5314,0.0212916,30,2.634,2.608,2026-08-01T02:21:40,9124b27,2.13.0+cu130,gonzalo
50,0.2,inf,n3,qr,fixed30,75,1e-07,,,,4,cuda,torch,400,8,,2.01057,0.0199965,4.0376,0.00252961,0.870456,0.00870516,3.21733,0.00224777,30,2.619,2.608,2026-08-01T02:21:40,9124b27,2.13.0+cu130,gonzalo
50,0.2,40,n3,qr,fixed30,75,1e-07,,,,4,cuda,torch,400,8,,2.31943,0.0234829,4.0376,0.00252961,1.32227,0.0133814,3.21733,0.00224777,30,2.614,2.608,2026-08-01T02:21:40,9124b27,2.13.0+cu130,gonzalo
50,0.2,20,n3,qr,fixed30,75,1e-07,,,,4,cuda,torch,400,8,,4.23021,0.042924,4.0376,0.00252961,2.95397,0.0299425,3.21733,0.00224777,30,2.689,2.608,2026-08-01T02:21:40,9124b27,2.13.0+cu130,gonzalo
50,0.4,inf,n3,qr,fixed30,75,1e-07,,,,4,cuda,torch,400,8,,3.87537,0.0387267,8.05919,0.00581902,1.90108,0.019204,6.42421,0.0056145,30,2.73,2.608,2026-08-01T02:21:40,9124b27,2.13.0+cu130,gonzalo
50,0.4,40,n3,qr,fixed30,75,1e-07,,,,4,cuda,torch,400,8,,4.2609,0.0432892,8.05919,0.00581902,2.48531,0.0254174,6.42421,0.0056145,30,2.745,2.608,2026-08-01T02:21:40,9124b27,2.13.0+cu130,gonzalo
50,0.4,20,n3,qr,fixed30,75,1e-07,,,,4,cuda,torch,400,8,,5.29925,0.0543362,8.05919,0.00581902,3.50748,0.0358891,6.42421,0.0056145,30,2.682,2.608,2026-08-01T02:21:40,9124b27,2.13.0+cu130,gonzalo
50,0.8,inf,n3,qr,fixed30,75,1e-07,,,,4,cuda,torch,400,8,,7.88538,0.0786827,16.0593,0.0150088,4.24459,0.0434107,12.8079,0.0155459,30,2.616,2.608,2026-08-01T02:21:40,9124b27,2.13.0+cu130,gonzalo
50,0.8,40,n3,qr,fixed30,75,1e-07,,,,4,cuda,torch,400,8,,8.04477,0.0806165,16.0593,0.0150088,4.39105,0.0450125,12.8079,0.0155459,30,2.623,2.608,2026-08-01T02:21:40,9124b27,2.13.0+cu130,gonzalo
50,0.8,20,n3,qr,fixed30,75,1e-07,,,,4,cuda,torch,400,8,,8.33988,0.0842017,16.0593,0.0150088,4.75269,0.0488069,12.8079,0.0155459,30,2.633,2.608,2026-08-01T02:21:40,9124b27,2.13.0+cu130,gonzalo
1,0.2,inf,n3,qr,default,75,1e-07,,,,4,cuda,torch,400,8,,1.78978,0.0182607,3.9497,0.00479213,0.83701,0.00845012,2.80681,0.00448657,50,4.301,4.319,2026-08-01T02:21:40,9124b27,2.13.0+cu130,gonzalo
1,0.2,40,n3,qr,default,75,1e-07,,,,4,cuda,torch,400,8,,3.31597,0.033484,3.9497,0.00479213,2.06371,0.0208339,2.80681,0.00448657,50,4.252,4.319,2026-08-01T02:21:40,9124b27,2.13.0+cu130,gonzalo
1,0.2,20,n3,qr,default,75,1e-07,,,,4,cuda,torch,400,8,,7.77786,0.0782416,3.9497,0.00479213,4.94091,0.049892,2.80681,0.00448657,50,4.333,4.319,2026-08-01T02:21:40,9124b27,2.13.0+cu130,gonzalo
1,0.4,inf,n3,qr,default,75,1e-07,,,,4,cuda,torch,400,8,,3.46572,0.0352468,8.01912,0.0083344,1.83105,0.0185322,5.66111,0.00736837,50,4.443,4.319,2026-08-01T02:21:40,9124b27,2.13.0+cu130,gonzalo
1,0.4,40,n3,qr,default,75,1e-07,,,,4,cuda,torch,400,8,,5.15297,0.0521316,8.01912,0.0083344,3.0755,0.0311376,5.66111,0.00736837,50,4.378,4.319,2026-08-01T02:21:40,9124b27,2.13.0+cu130,gonzalo
1,0.4,20,n3,qr,default,75,1e-07,,,,4,cuda,torch,400,8,,9.02939,0.0908735,8.01912,0.0083344,5.58444,0.0563764,5.66111,0.00736837,50,4.365,4.319,2026-08-01T02:21:40,9124b27,2.13.0+cu130,gonzalo
1,0.8,inf,n3,qr,default,75,1e-07,,,,4,cuda,torch,400,8,,7.19579,0.0740542,16.5439,0.014373,3.72528,0.0378925,11.5177,0.0107413,50,4.371,4.319,2026-08-01T02:21:40,9124b27,2.13.0+cu130,gonzalo
1,0.8,40,n3,qr,default,75,1e-07,,,,4,cuda,torch,400,8,,8.53685,0.0877154,16.5439,0.014373,4.71354,0.0479055,11.5177,0.0107413,50,4.348,4.319,2026-08-01T02:21:40,9124b27,2.13.0+cu130,gonzalo
1,0.8,20,n3,qr,default,75,1e-07,,,,4,cuda,torch,400,8,,10.2802,0.105102,16.5439,0.014373,6.03128,0.0610528,11.5177,0.0107413,50,4.35,4.319,2026-08-01T02:21:40,9124b27,2.13.0+cu130,gonzalo
2,0.2,inf,n3,qr,default,75,1e-07,,,,4,cuda,torch,400,8,,1.72568,0.0171483,3.87511,0.00273464,0.729421,0.00730254,3.28263,0.00185466,50,4.334,4.319,2026-08-01T02:21:40,9124b27,2.13.0+cu130,gonzalo
2,0.2,40,n3,qr,default,75,1e-07,,,,4,cuda,torch,400,8,,2.73602,0.0277281,3.87511,0.00273464,1.69408,0.0171076,3.28263,0.00185466,50,4.337,4.319,2026-08-01T02:21:40,9124b27,2.13.0+cu130,gonzalo
2,0.2,20,n3,qr,default,75,1e-07,,,,4,cuda,torch,400,8,,7.40606,0.0744842,3.87511,0.00273464,4.78717,0.0483524,3.28263,0.00185466,50,4.363,4.319,2026-08-01T02:21:40,9124b27,2.13.0+cu130,gonzalo
2,0.4,inf,n3,qr,default,75,1e-07,,,,4,cuda,torch,400,8,,3.86286,0.0384606,7.6336,0.00623601,1.77088,0.0178177,6.49394,0.00474227,50,4.308,4.319,2026-08-01T02:21:40,9124b27,2.13.0+cu130,gonzalo
2,0.4,40,n3,qr,default,75,1e-07,,,,4,cuda,torch,400,8,,4.76457,0.0481626,7.6336,0.00623601,2.67272,0.0270869,6.49394,0.00474227,50,4.363,4.319,2026-08-01T02:21:40,9124b27,2.13.0+cu130,gonzalo
2,0.4,20,n3,qr,default,75,1e-07,,,,4,cuda,torch,400,8,,7.7688,0.0787611,7.6336,0.00623601,4.9562,0.0502491,6.49394,0.00474227,50,4.326,4.319,2026-08-01T02:21:40,9124b27,2.13.0+cu130,gonzalo
2,0.8,inf,n3,qr,default,75,1e-07,,,,4,cuda,torch,400,8,,7.67727,0.0770286,14.8258,0.0188542,3.8659,0.0392095,12.7108,0.0174539,50,4.386,4.319,2026-08-01T02:21:40,9124b27,2.13.0+cu130,gonzalo
2,0.8,40,n3,qr,default,75,1e-07,,,,4,cuda,torch,400,8,,8.33589,0.0842678,14.8258,0.0188542,4.45461,0.0453449,12.7108,0.0174539,50,4.354,4.319,2026-08-01T02:21:40,9124b27,2.13.0+cu130,gonzalo
2,0.8,20,n3,qr,default,75,1e-07,,,,4,cuda,torch,400,8,,9.34708,0.0953371,14.8258,0.0188542,5.44921,0.0555174,12.7108,0.0174539,50,4.358,4.319,2026-08-01T02:21:40,9124b27,2.13.0+cu130,gonzalo
3,0.2,inf,n3,qr,default,75,1e-07,,,,4,cuda,torch,400,8,,1.66451,0.0167655,3.96223,0.001591,0.702574,0.0070606,2.92538,0.00121479,50,4.351,4.319,2026-08-01T02:21:40,9124b27,2.13.0+cu130,gonzalo
3,0.2,40,n3,qr,default,75,1e-07,,,,4,cuda,torch,400,8,,2.67478,0.0271007,3.96223,0.001591,1.63154,0.0164669,2.92538,0.00121479,50,4.323,4.319,2026-08-01T02:21:40,9124b27,2.13.0+cu130,gonzalo
3,0.2,20,n3,qr,default,75,1e-07,,,,4,cuda,torch,400,8,,7.14403,0.071804,3.96223,0.001591,4.62972,0.0467883,2.92538,0.00121479,50,4.412,4.319,2026-08-01T02:21:40,9124b27,2.13.0+cu130,gonzalo
3,0.4,inf,n3,qr,default,75,1e-07,,,,4,cuda,torch,400,8,,3.16709,0.0321377,8.00337,0.00308768,1.51311,0.0153218,5.87492,0.00213631,50,4.375,4.319,2026-08-01T02:21:40,9124b27,2.13.0+cu130,gonzalo
3,0.4,40,n3,qr,default,75,1e-07,,,,4,cuda,torch,400,8,,3.99822,0.0406463,8.00337,0.00308768,2.39745,0.0243212,5.87492,0.00213631,50,4.371,4.319,2026-08-01T02:21:40,9124b27,2.13.0+cu130,gonzalo
3,0.4,20,n3,qr,default,75,1e-07,,,,4,cuda,torch,400,8,,7.76986,0.0781515,8.00337,0.00308768,5.00605,0.0506279,5.87492,0.00213631,50,4.319,4.319,2026-08-01T02:21:40,9124b27,2.13.0+cu130,gonzalo
3,0.8,inf,n3,qr,default,75,1e-07,,,,4,cuda,torch,400,8,,6.11307,0.06252,16.3393,0.00715361,3.028,0.0308645,11.8498,0.00503285,50,4.382,4.319,2026-08-01T02:21:40,9124b27,2.13.0+cu130,gonzalo
3,0.8,40,n3,qr,default,75,1e-07,,,,4,cuda,torch,400,8,,7.07106,0.0728869,16.3393,0.00715361,3.88564,0.0397386,11.8498,0.00503285,50,4.366,4.319,2026-08-01T02:21:40,9124b27,2.13.0+cu130,gonzalo
3,0.8,20,n3,qr,default,75,1e-07,,,,4,cuda,torch,400,8,,8.87879,0.091311,16.3393,0.00715361,5.32715,0.0542171,11.8498,0.00503285,50,4.375,4.319,2026-08-01T02:21:40,9124b27,2.13.0+cu130,gonzalo
4,0.2,inf,n3,qr,default,75,1e-07,,,,4,cuda,torch,400,8,,1.86022,0.0188114,4.78204,0.00301097,0.874719,0.00873634,3.64935,0.00229466,50,4.248,4.319,2026-08-01T02:21:40,9124b27,2.13.0+cu130,gonzalo
4,0.2,40,n3,qr,default,75,1e-07,,,,4,cuda,torch,400,8,,2.74827,0.02803,4.78204,0.00301097,1.3447,0.0135444,3.64935,0.00229466,50,4.205,4.319,2026-08-01T02:21:40,9124b27,2.13.0+cu130,gonzalo
4,0.2,20,n3,qr,default,75,1e-07,,,,4,cuda,torch,400,8,,7.03298,0.0716896,4.78204,0.00301097,4.35687,0.0439553,3.64935,0.00229466,50,4.211,4.319,2026-08-01T02:21:40,9124b27,2.13.0+cu130,gonzalo
4,0.4,inf,n3,qr,default,75,1e-07,,,,4,cuda,torch,400,8,,3.47113,0.035082,9.53594,0.00774396,1.92952,0.019063,7.282,0.00671299,50,4.201,4.319,2026-08-01T02:21:40,9124b27,2.13.0+cu130,gonzalo
4,0.4,40,n3,qr,default,75,1e-07,,,,4,cuda,torch,400,8,,4.09391,0.0419954,9.53594,0.00774396,2.01825,0.0203081,7.282,0.00671299,50,4.201,4.319,2026-08-01T02:21:40,9124b27,2.13.0+cu130,gonzalo
4,0.4,20,n3,qr,default,75,1e-07,,,,4,cuda,torch,400,8,,7.81133,0.080647,9.53594,0.00774396,4.64428,0.0469489,7.282,0.00671299,50,4.206,4.319,2026-08-01T02:21:40,9124b27,2.13.0+cu130,gonzalo
4,0.8,inf,n3,qr,default,75,1e-07,,,,4,cuda,torch,400,8,,7.72723,0.078496,18.9441,0.0310387,4.59005,0.0448703,14.4923,0.0302869,50,4.198,4.319,2026-08-01T02:21:40,9124b27,2.13.0+cu130,gonzalo
4,0.8,40,n3,qr,default,75,1e-07,,,,4,cuda,torch,400,8,,8.22391,0.0848917,18.9441,0.0310387,4.2079,0.0421383,14.4923,0.0302869,50,4.199,4.319,2026-08-01T02:21:40,9124b27,2.13.0+cu130,gonzalo
4,0.8,20,n3,qr,default,75,1e-07,,,,4,cuda,torch,400,8,,9.73512,0.103037,18.9441,0.0310387,5.11446,0.0522104,14.4923,0.0302869,50,4.163,4.319,2026-08-01T02:21:40,9124b27,2.13.0+cu130,gonzalo
5,0.2,inf,n3,qr,default,75,1e-07,,,,4,cuda,torch,400,8,,2.18987,0.0220238,3.59851,0.0129451,0.899989,0.00904512,2.63017,0.0134565,50,4.18,4.319,2026-08-01T02:21:40,9124b27,2.13.0+cu130,gonzalo
5,0.2,40,n3,qr,default,75,1e-07,,,,4,cuda,torch,400,8,,2.30966,0.0235686,3.59851,0.0129451,1.43342,0.0144889,2.63017,0.0134565,50,4.2,4.319,2026-08-01T02:21:40,9124b27,2.13.0+cu130,gonzalo
5,0.2,20,n3,qr,default,75,1e-07,,,,4,cuda,torch,400,8,,6.73859,0.0675318,3.59851,0.0129451,4.48496,0.0452974,2.63017,0.0134565,50,4.198,4.319,2026-08-01T02:21:40,9124b27,2.13.0+cu130,gonzalo
5,0.4,inf,n3,qr,default,75,1e-07,,,,4,cuda,torch,400,8,,3.72009,0.0371881,7.25264,0.0289317,1.54555,0.0155567,5.28404,0.0299439,50,4.201,4.319,2026-08-01T02:21:40,9124b27,2.13.0+cu130,gonzalo
5,0.4,40,n3,qr,default,75,1e-07,,,,4,cuda,torch,400,8,,3.54969,0.0361887,7.25264,0.0289317,1.92255,0.0195237,5.28404,0.0299439,50,4.193,4.319,2026-08-01T02:21:40,9124b27,2.13.0+cu130,gonzalo
5,0.4,20,n3,qr,default,75,1e-07,,,,4,cuda,torch,400,8,,6.33943,0.0635898,7.25264,0.0289317,4.3266,0.0438,5.28404,0.0299439,50,4.217,4.319,2026-08-01T02:21:40,9124b27,2.13.0+cu130,gonzalo
5,0.8,inf,n3,qr,default,75,1e-07,,,,4,cuda,torch,400,8,,5.99469,0.0597404,14.7383,0.0709379,2.60826,0.0263957,10.6651,0.0724598,50,4.21,4.319,2026-08-01T02:21:40,9124b27,2.13.0+cu130,gonzalo
5,0.8,40,n3,qr,default,75,1e-07,,,,4,cuda,torch,400,8,,6.08245,0.0618183,14.7383,0.0709379,3.08529,0.031546,10.6651,0.0724598,50,4.202,4.319,2026-08-01T02:21:40,9124b27,2.13.0+cu130,gonzalo
5,0.8,20,n3,qr,default,75,1e-07,,,,4,cuda,torch,400,8,,7.13599,0.0731668,14.7383,0.0709379,4.52919,0.0462483,10.6651,0.0724598,50,4.209,4.319,2026-08-01T02:21:40,9124b27,2.13.0+cu130,gonzalo
6,0.2,inf,n3,qr,default,75,1e-07,,,,4,cuda,torch,400,8,,1.71083,0.0173309,4.06629,0.00236199,0.732828,0.00735531,3.49629,0.00192267,50,4.208,4.319,2026-08-01T02:21:40,9124b27,2.13.0+cu130,gonzalo
6,0.2,40,n3,qr,default,75,1e-07,,,,4,cuda,torch,400,8,,2.78682,0.0284123,4.06629,0.00236199,1.39679,0.014069,3.49629,0.00192267,50,4.2,4.319,2026-08-01T02:21:40,9124b27,2.13.0+cu130,gonzalo
6,0.2,20,n3,qr,default,75,1e-07,,,,4,cuda,torch,400,8,,6.91508,0.0701655,4.06629,0.00236199,4.21726,0.0425223,3.49629,0.00192267,50,4.203,4.319,2026-08-01T02:21:40,9124b27,2.13.0+cu130,gonzalo
6,0.4,inf,n3,qr,default,75,1e-07,,,,4,cuda,torch,400,8,,3.59427,0.0368453,8.07184,0.00492231,1.5189,0.015323,6.96086,0.00401434,50,4.203,4.319,2026-08-01T02:21:40,9124b27,2.13.0+cu130,gonzalo
6,0.4,40,n3,qr,default,75,1e-07,,,,4,cuda,torch,400,8,,4.54825,0.0469768,8.07184,0.00492231,2.05642,0.02085,6.96086,0.00401434,50,4.224,4.319,2026-08-01T02:21:40,9124b27,2.13.0+cu130,gonzalo
6,0.4,20,n3,qr,default,75,1e-07,,,,4,cuda,torch,400,8,,8.52,0.087541,8.07184,0.00492231,4.94017,0.049843,6.96086,0.00401434,50,4.218,4.319,2026-08-01T02:21:40,9124b27,2.13.0+cu130,gonzalo
6,0.8,inf,n3,qr,default,75,1e-07,,,,4,cuda,torch,400,8,,8.26372,0.0869858,15.9113,0.011515,3.67991,0.0377072,13.797,0.00987448,50,4.166,4.319,2026-08-01T02:21:40,9124b27,2.13.0+cu130,gonzalo
6,0.8,40,n3,qr,default,75,1e-07,,,,4,cuda,torch,400,8,,9.30487,0.0982029,15.9113,0.011515,4.40108,0.0450782,13.797,0.00987448,50,4.293,4.319,2026-08-01T02:21:40,9124b27,2.13.0+cu130,gonzalo
6,0.8,20,n3,qr,default,75,1e-07,,,,4,cuda,torch,400,8,,10.9105,0.114888,15.9113,0.011515,5.75255,0.0585876,13.797,0.00987448,50,4.227,4.319,2026-08-01T02:21:40,9124b27,2.13.0+cu130,gonzalo
7,0.2,inf,n3,qr,default,75,1e-07,,,,4,cuda,torch,400,8,,1.76605,0.0180022,5.05801,0.00312917,0.761345,0.00766201,4.27706,0.00246918,50,4.276,4.319,2026-08-01T02:21:40,9124b27,2.13.0+cu130,gonzalo
7,0.2,40,n3,qr,default,75,1e-07,,,,4,cuda,torch,400,8,,3.06648,0.0313573,5.05801,0.00312917,1.66906,0.0168588,4.27706,0.00246918,50,4.218,4.319,2026-08-01T02:21:40,9124b27,2.13.0+cu130,gonzalo
7,0.2,20,n3,qr,default,75,1e-07,,,,4,cuda,torch,400,8,,7.368,0.0748797,5.05801,0.00312917,4.56313,0.0461351,4.27706,0.00246918,50,4.219,4.319,2026-08-01T02:21:40,9124b27,2.13.0+cu130,gonzalo
7,0.4,inf,n3,qr,default,75,1e-07,,,,4,cuda,torch,400,8,,3.59156,0.0371676,10.1879,0.00663565,1.57558,0.0159644,8.59942,0.00565098,50,4.224,4.319,2026-08-01T02:21:40,9124b27,2.13.0+cu130,gonzalo
7,0.4,40,n3,qr,default,75,1e-07,,,,4,cuda,torch,400,8,,4.69623,0.0486374,10.1879,0.00663565,2.43764,0.0247512,8.59942,0.00565098,50,4.232,4.319,2026-08-01T02:21:40,9124b27,2.13.0+cu130,gonzalo
7,0.4,20,n3,qr,default,75,1e-07,,,,4,cuda,torch,400,8,,8.28947,0.0849019,10.1879,0.00663565,5.00494,0.0506813,8.59942,0.00565098,50,4.216,4.319,2026-08-01T02:21:40,9124b27,2.13.0+cu130,gonzalo
7,0.8,inf,n3,qr,default,75,1e-07,,,,4,cuda,torch,400,8,,7.67934,0.0812312,20.6432,0.0154814,3.91121,0.0401136,17.3717,0.0139716,50,4.293,4.319,2026-08-01T02:21:40,9124b27,2.13.0+cu130,gonzalo
7,0.8,40,n3,qr,default,75,1e-07,,,,4,cuda,torch,400,8,,8.50745,0.0898264,20.6432,0.0154814,4.59757,0.0471195,17.3717,0.0139716,50,4.311,4.319,2026-08-01T02:21:40,9124b27,2.13.0+cu130,gonzalo
7,0.8,20,n3,qr,default,75,1e-07,,,,4,cuda,torch,400,8,,9.68733,0.101859,20.6432,0.0154814,5.62296,0.0574071,17.3717,0.0139716,50,4.313,4.319,2026-08-01T02:21:40,9124b27,2.13.0+cu130,gonzalo
8,0.2,inf,n3,qr,default,75,1e-07,,,,4,cuda,torch,400,8,,1.67412,0.017028,4.18503,0.00217594,0.754834,0.00756932,3.35071,0.00130623,50,4.318,4.319,2026-08-01T02:21:40,9124b27,2.13.0+cu130,gonzalo
8,0.2,40,n3,qr,default,75,1e-07,,,,4,cuda,torch,400,8,,2.78224,0.028433,4.18503,0.00217594,1.41043,0.0142278,3.35071,0.00130623,50,4.431,4.319,2026-08-01T02:21:40,9124b27,2.13.0+cu130,gonzalo
8,0.2,20,n3,qr,default,75,1e-07,,,,4,cuda,torch,400,8,,7.55264,0.076834,4.18503,0.00217594,4.59597,0.0463798,3.35071,0.00130623,50,4.471,4.319,2026-08-01T02:21:40,9124b27,2.13.0+cu130,gonzalo
8,0.4,inf,n3,qr,default,75,1e-07,,,,4,cuda,torch,400,8,,3.06698,0.0313733,8.39204,0.00468117,1.42769,0.0143019,6.70955,0.00318396,50,4.393,4.319,2026-08-01T02:21:40,9124b27,2.13.0+cu130,gonzalo
8,0.4,40,n3,qr,default,75,1e-07,,,,4,cuda,torch,400,8,,4.14303,0.0428386,8.39204,0.00468117,2.01501,0.020404,6.70955,0.00318396,50,4.546,4.319,2026-08-01T02:21:40,9124b27,2.13.0+cu130,gonzalo
8,0.4,20,n3,qr,default,75,1e-07,,,,4,cuda,torch,400,8,,8.14642,0.083393,8.39204,0.00468117,4.8267,0.0487498,6.70955,0.00318396,50,4.459,4.319,2026-08-01T02:21:40,9124b27,2.13.0+cu130,gonzalo
8,0.8,inf,n3,qr,default,75,1e-07,,,,4,cuda,torch,400,8,,6.28512,0.0650683,16.8781,0.0116011,3.1382,0.0313965,13.4553,0.00958733,50,4.493,4.319,2026-08-01T02:21:40,9124b27,2.13.0+cu130,gonzalo
8,0.8,40,n3,qr,default,75,1e-07,,,,4,cuda,torch,400,8,,6.8185,0.0712523,16.8781,0.0116011,3.33876,0.0338144,13.4553,0.00958733,50,4.41,4.319,2026-08-01T02:21:40,9124b27,2.13.0+cu130,gonzalo
8,0.8,20,n3,qr,default,75,1e-07,,,,4,cuda,torch,400,8,,8.46292,0.0890882,16.8781,0.0116011,4.55471,0.0464359,13.4553,0.00958733,50,4.407,4.319,2026-08-01T02:21:40,9124b27,2.13.0+cu130,gonzalo
9,0.2,inf,n3,qr,default,75,1e-07,,,,4,cuda,torch,400,8,,2.22134,0.0225369,5.10647,0.00625156,0.915547,0.00922314,4.26559,0.00622246,50,4.62,4.319,2026-08-01T02:21:40,9124b27,2.13.0+cu130,gonzalo
9,0.2,40,n3,qr,default,75,1e-07,,,,4,cuda,torch,400,8,,3.46591,0.0352797,5.10647,0.00625156,1.87358,0.0188982,4.26559,0.00622246,50,4.46,4.319,2026-08-01T02:21:40,9124b27,2.13.0+cu130,gonzalo
9,0.2,20,n3,qr,default,75,1e-07,,,,4,cuda,torch,400,8,,8.02861,0.0810915,5.10647,0.00625156,4.98007,0.0502317,4.26559,0.00622246,50,4.35,4.319,2026-08-01T02:21:40,9124b27,2.13.0+cu130,gonzalo
9,0.4,inf,n3,qr,default,75,1e-07,,,,4,cuda,torch,400,8,,5.72089,0.0591916,10.3212,0.0156022,2.90521,0.0295052,8.62854,0.0160915,50,4.427,4.319,2026-08-01T02:21:40,9124b27,2.13.0+cu130,gonzalo
9,0.4,40,n3,qr,default,75,1e-07,,,,4,cuda,torch,400,8,,7.27774,0.0749973,10.3212,0.0156022,4.08083,0.0413708,8.62854,0.0160915,50,4.314,4.319,2026-08-01T02:21:40,9124b27,2.13.0+cu130,gonzalo
9,0.4,20,n3,qr,default,75,1e-07,,,,4,cuda,torch,400,8,,9.5928,0.0981636,10.3212,0.0156022,5.77569,0.0583589,8.62854,0.0160915,50,4.318,4.319,2026-08-01T02:21:40,9124b27,2.13.0+cu130,gonzalo
9,0.8,inf,n3,qr,default,75,1e-07,,,,4,cuda,torch,400,8,,10.0828,0.107485,21.0496,0.0420231,5.17271,0.0530523,17.644,0.04379,50,4.332,4.319,2026-08-01T02:21:40,9124b27,2.13.0+cu130,gonzalo
9,0.8,40,n3,qr,default,75,1e-07,,,,4,cuda,torch,400,8,,10.7307,0.114103,21.0496,0.0420231,5.78092,0.0591803,17.644,0.04379,50,4.341,4.319,2026-08-01T02:21:40,9124b27,2.13.0+cu130,gonzalo
9,0.8,20,n3,qr,default,75,1e-07,,,,4,cuda,torch,400,8,,11.1049,0.117634,21.0496,0.0420231,6.36194,0.0649572,17.644,0.04379,50,4.343,4.319,2026-08-01T02:21:40,9124b27,2.13.0+cu130,gonzalo
10,0.2,inf,n3,qr,default,75,1e-07,,,,4,cuda,torch,400,8,,1.68131,0.0165419,4.29961,0.00355008,0.740806,0.00736723,3.72893,0.0032509,50,4.319,4.319,2026-08-01T02:21:40,9124b27,2.13.0+cu130,gonzalo
10,0.2,40,n3,qr,default,75,1e-07,,,,4,cuda,torch,400,8,,2.37975,0.0241065,4.29961,0.00355008,1.56783,0.015837,3.72893,0.0032509,50,4.381,4.319,2026-08-01T02:21:40,9124b27,2.13.0+cu130,gonzalo
10,0.2,20,n3,qr,default,75,1e-07,,,,4,cuda,torch,400,8,,6.66106,0.0671862,4.29961,0.00355008,4.38931,0.044424,3.72893,0.0032509,50,4.51,4.319,2026-08-01T02:21:40,9124b27,2.13.0+cu130,gonzalo
10,0.4,inf,n3,qr,default,75,1e-07,,,,4,cuda,torch,400,8,,3.17364,0.0318735,8.6009,0.00686183,1.64835,0.0166357,7.43999,0.00585708,50,4.32,4.319,2026-08-01T02:21:40,9124b27,2.13.0+cu130,gonzalo
10,0.4,40,n3,qr,default,75,1e-07,,,,4,cuda,torch,400,8,,4.082,0.0415677,8.6009,0.00686183,2.6521,0.0269835,7.43999,0.00585708,50,4.372,4.319,2026-08-01T02:21:40,9124b27,2.13.0+cu130,gonzalo
10,0.4,20,n3,qr,default,75,1e-07,,,,4,cuda,torch,400,8,,7.00613,0.0708321,8.6009,0.00686183,4.64685,0.0471518,7.43999,0.00585708,50,4.334,4.319,2026-08-01T02:21:40,9124b27,2.13.0+cu130,gonzalo
10,0.8,inf,n3,qr,default,75,1e-07,,,,4,cuda,torch,400,8,,6.26619,0.0631635,17.2108,0.0134552,3.51029,0.0358513,14.8099,0.00995171,50,4.325,4.319,2026-08-01T02:21:40,9124b27,2.13.0+cu130,gonzalo
10,0.8,40,n3,qr,default,75,1e-07,,,,4,cuda,torch,400,8,,6.86411,0.0698074,17.2108,0.0134552,4.05114,0.0415067,14.8099,0.00995171,50,4.314,4.319,2026-08-01T02:21:40,9124b27,2.13.0+cu130,gonzalo
10,0.8,20,n3,qr,default,75,1e-07,,,,4,cuda,torch,400,8,,8.16469,0.0834189,17.2108,0.0134552,5.2026,0.0531744,14.8099,0.00995171,50,4.355,4.319,2026-08-01T02:21:40,9124b27,2.13.0+cu130,gonzalo
11,0.2,inf,n3,qr,default,75,1e-07,,,,4,cuda,torch,400,8,,0.932675,0.00927117,4.13092,0.00249512,0.379453,0.00378229,3.25046,0.00198902,50,4.383,4.319,2026-08-01T02:21:40,9124b27,2.13.0+cu130,gonzalo
11,0.2,40,n3,qr,default,75,1e-07,,,,4,cuda,torch,400,8,,1.73297,0.017487,4.13092,0.00249512,1.08777,0.0109319,3.25046,0.00198902,50,4.48,4.319,2026-08-01T02:21:40,9124b27,2.13.0+cu130,gonzalo
11,0.2,20,n3,qr,default,75,1e-07,,,,4,cuda,torch,400,8,,6.26991,0.0633688,4.13092,0.00249512,4.02913,0.0406771,3.25046,0.00198902,50,4.371,4.319,2026-08-01T02:21:40,9124b27,2.13.0+cu130,gonzalo
11,0.4,inf,n3,qr,default,75,1e-07,,,,4,cuda,torch,400,8,,2.13178,0.0211563,8.14426,0.00511966,0.834725,0.00832872,6.441,0.00393651,50,4.251,4.319,2026-08-01T02:21:40,9124b27,2.13.0+cu130,gonzalo
11,0.4,40,n3,qr,default,75,1e-07,,,,4,cuda,torch,400,8,,3.04117,0.0308609,8.14426,0.00511966,1.63131,0.0164796,6.441,0.00393651,50,4.244,4.319,2026-08-01T02:21:40,9124b27,2.13.0+cu130,gonzalo
11,0.4,20,n3,qr,default,75,1e-07,,,,4,cuda,torch,400,8,,7.08798,0.0721206,8.14426,0.00511966,4.45,0.0449698,6.441,0.00393651,50,4.298,4.319,2026-08-01T02:21:40,9124b27,2.13.0+cu130,gonzalo
11,0.8,inf,n3,qr,default,75,1e-07,,,,4,cuda,torch,400,8,,6.17958,0.0629342,15.8344,0.0134185,2.74832,0.0278914,12.6463,0.0103901,50,4.339,4.319,2026-08-01T02:21:40,9124b27,2.13.0+cu130,gonzalo
11,0.8,40,n3,qr,default,75,1e-07,,,,4,cuda,torch,400,8,,7.0619,0.0726066,15.8344,0.0134185,3.54103,0.0361029,12.6463,0.0103901,50,4.326,4.319,2026-08-01T02:21:40,9124b27,2.13.0+cu130,gonzalo
11,0.8,20,n3,qr,default,75,1e-07,,,,4,cuda,torch,400,8,,8.8707,0.0920337,15.8344,0.0134185,5.00189,0.0509478,12.6463,0.0103901,50,4.323,4.319,2026-08-01T02:21:40,9124b27,2.13.0+cu130,gonzalo
12,0.2,inf,n3,qr,default,75,1e-07,,,,4,cuda,torch,400,8,,1.73124,0.017632,4.05114,0.00385829,0.808607,0.00814473,3.24863,0.00302982,50,4.217,4.319,2026-08-01T02:21:40,9124b27,2.13.0+cu130,gonzalo
12,0.2,40,n3,qr,default,75,1e-07,,,,4,cuda,torch,400,8,,3.69366,0.0376701,4.05114,0.00385829,2.10567,0.021301,3.24863,0.00302982,50,4.223,4.319,2026-08-01T02:21:40,9124b27,2.13.0+cu130,gonzalo
12,0.2,20,n3,qr,default,75,1e-07,,,,4,cuda,torch,400,8,,7.93324,0.0805816,4.05114,0.00385829,4.90918,0.0496937,3.24863,0.00302982,50,4.221,4.319,2026-08-01T02:21:40,9124b27,2.13.0+cu130,gonzalo
12,0.4,inf,n3,qr,default,75,1e-07,,,,4,cuda,torch,400,8,,3.90795,0.0402988,8.20754,0.00696482,1.91867,0.0194323,6.54936,0.00432617,50,4.228,4.319,2026-08-01T02:21:40,9124b27,2.13.0+cu130,gonzalo
12,0.4,40,n3,qr,default,75,1e-07,,,,4,cuda,torch,400,8,,6.12758,0.0629598,8.20754,0.00696482,3.47729,0.0353382,6.54936,0.00432617,50,4.23,4.319,2026-08-01T02:21:40,9124b27,2.13.0+cu130,gonzalo
12,0.4,20,n3,qr,default,75,1e-07,,,,4,cuda,torch,400,8,,9.25643,0.0944693,8.20754,0.00696482,5.57581,0.0565467,6.54936,0.00432617,50,4.229,4.319,2026-08-01T02:21:40,9124b27,2.13.0+cu130,gonzalo
12,0.8,inf,n3,qr,default,75,1e-07,,,,4,cuda,torch,400,8,,7.60562,0.0789051,16.8609,0.0255927,4.1057,0.0419845,13.3153,0.0231804,50,4.217,4.319,2026-08-01T02:21:40,9124b27,2.13.0+cu130,gonzalo
12,0.8,40,n3,qr,default,75,1e-07,,,,4,cuda,torch,400,8,,8.91123,0.0922387,16.8609,0.0255927,4.94278,0.0505511,13.3153,0.0231804,50,4.228,4.319,2026-08-01T02:21:40,9124b27,2.13.0+cu130,gonzalo
12,0.8,20,n3,qr,default,75,1e-07,,,,4,cuda,torch,400,8,,10.5579,0.108762,16.8609,0.0255927,6.18511,0.0630047,13.3153,0.0231804,50,4.229,4.319,2026-08-01T02:21:40,9124b27,2.13.0+cu130,gonzalo
13,0.2,inf,n3,qr,default,75,1e-07,,,,4,cuda,torch,400,8,,1.2774,0.0129148,4.05033,0.00298108,0.529092,0.00530973,3.34827,0.0022011,50,4.222,4.319,2026-08-01T02:21:40,9124b27,2.13.0+cu130,gonzalo
13,0.2,40,n3,qr,default,75,1e-07,,,,4,cuda,torch,400,8,,2.68949,0.0273214,4.05033,0.00298108,1.53986,0.0155403,3.34827,0.0022011,50,4.226,4.319,2026-08-01T02:21:40,9124b27,2.13.0+cu130,gonzalo
13,0.2,20,n3,qr,default,75,1e-07,,,,4,cuda,torch,400,8,,7.29132,0.0739303,4.05033,0.00298108,4.62357,0.0466885,3.34827,0.0022011,50,4.232,4.319,2026-08-01T02:21:40,9124b27,2.13.0+cu130,gonzalo
13,0.4,inf,n3,qr,default,75,1e-07,,,,4,cuda,torch,400,8,,2.75753,0.0282648,8.10184,0.00584614,1.22988,0.0124375,6.70213,0.00394054,50,4.23,4.319,2026-08-01T02:21:40,9124b27,2.13.0+cu130,gonzalo
13,0.4,40,n3,qr,default,75,1e-07,,,,4,cuda,torch,400,8,,4.36869,0.0449787,8.10184,0.00584614,2.33074,0.0236594,6.70213,0.00394054,50,4.221,4.319,2026-08-01T02:21:40,9124b27,2.13.0+cu130,gonzalo
13,0.4,20,n3,qr,default,75,1e-07,,,,4,cuda,torch,400,8,,7.55232,0.0772081,8.10184,0.00584614,4.66943,0.0472572,6.70213,0.00394054,50,4.229,4.319,2026-08-01T02:21:40,9124b27,2.13.0+cu130,gonzalo
13,0.8,inf,n3,qr,default,75,1e-07,,,,4,cuda,torch,400,8,,6.03015,0.0626377,16.2094,0.0131298,2.93177,0.0299388,13.4247,0.00849386,50,4.22,4.319,2026-08-01T02:21:40,9124b27,2.13.0+cu130,gonzalo
13,0.8,40,n3,qr,default,75,1e-07,,,,4,cuda,torch,400,8,,6.80386,0.0707523,16.2094,0.0131298,3.59305,0.0367487,13.4247,0.00849386,50,4.223,4.319,2026-08-01T02:21:40,9124b27,2.13.0+cu130,gonzalo
13,0.8,20,n3,qr,default,75,1e-07,,,,4,cuda,torch,400,8,,8.42145,0.0874638,16.2094,0.0131298,4.93524,0.0502598,13.4247,0.00849386,50,4.218,4.319,2026-08-01T02:21:40,9124b27,2.13.0+cu130,gonzalo
14,0.2,inf,n3,qr,default,75,1e-07,,,,4,cuda,torch,400,8,,2.36484,0.023318,4.54633,0.00229305,1.00762,0.0100597,3.80653,0.00201862,50,4.322,4.319,2026-08-01T02:21:40,9124b27,2.13.0+cu130,gonzalo
14,0.2,40,n3,qr,default,75,1e-07,,,,4,cuda,torch,400,8,,2.59313,0.0262672,4.54633,0.00229305,1.68116,0.017037,3.80653,0.00201862,50,4.324,4.319,2026-08-01T02:21:40,9124b27,2.13.0+cu130,gonzalo
14,0.2,20,n3,qr,default,75,1e-07,,,,4,cuda,torch,400,8,,6.25332,0.0627797,4.54633,0.00229305,4.27571,0.0432944,3.80653,0.00201862,50,4.33,4.319,2026-08-01T02:21:40,9124b27,2.13.0+cu130,gonzalo
14,0.4,inf,n3,qr,default,75,1e-07,,,,4,cuda,torch,400,8,,4.23969,0.0421075,9.00622,0.00476783,2.08854,0.0211031,7.57758,0.00421876,50,4.226,4.319,2026-08-01T02:21:40,9124b27,2.13.0+cu130,gonzalo
14,0.4,40,n3,qr,default,75,1e-07,,,,4,cuda,torch,400,8,,4.30847,0.0435618,9.00622,0.00476783,2.7187,0.0277899,7.57758,0.00421876,50,4.228,4.319,2026-08-01T02:21:40,9124b27,2.13.0+cu130,gonzalo
14,0.4,20,n3,qr,default,75,1e-07,,,,4,cuda,torch,400,8,,6.45118,0.065,9.00622,0.00476783,4.52205,0.046029,7.57758,0.00421876,50,4.215,4.319,2026-08-01T02:21:40,9124b27,2.13.0+cu130,gonzalo
14,0.8,inf,n3,qr,default,75,1e-07,,,,4,cuda,torch,400,8,,7.53931,0.0732354,17.6734,0.013065,3.79422,0.0384831,15.0144,0.012035,50,4.216,4.319,2026-08-01T02:21:40,9124b27,2.13.0+cu130,gonzalo
14,0.8,40,n3,qr,default,75,1e-07,,,,4,cuda,torch,400,8,,7.67142,0.0756052,17.6734,0.013065,4.14248,0.0424343,15.0144,0.012035,50,4.216,4.319,2026-08-01T02:21:40,9124b27,2.13.0+cu130,gonzalo
14,0.8,20,n3,qr,default,75,1e-07,,,,4,cuda,torch,400,8,,8.26039,0.0831626,17.6734,0.013065,4.99606,0.0513722,15.0144,0.012035,50,4.206,4.319,2026-08-01T02:21:40,9124b27,2.13.0+cu130,gonzalo
15,0.2,inf,n3,qr,default,75,1e-07,,,,4,cuda,torch,400,8,,1.76733,0.0181433,3.96115,0.00276719,0.731793,0.00737865,3.37665,0.00160738,50,4.225,4.319,2026-08-01T02:21:40,9124b27,2.13.0+cu130,gonzalo
15,0.2,40,n3,qr,default,75,1e-07,,,,4,cuda,torch,400,8,,3.22492,0.0329974,3.96115,0.00276719,1.70489,0.0172001,3.37665,0.00160738,50,4.224,4.319,2026-08-01T02:21:40,9124b27,2.13.0+cu130,gonzalo
15,0.2,20,n3,qr,default,75,1e-07,,,,4,cuda,torch,400,8,,7.75906,0.0789636,3.96115,0.00276719,4.6976,0.0474581,3.37665,0.00160738,50,4.234,4.319,2026-08-01T02:21:40,9124b27,2.13.0+cu130,gonzalo
15,0.4,inf,n3,qr,default,75,1e-07,,,,4,cuda,torch,400,8,,3.46231,0.0359613,8.11356,0.00647506,1.51608,0.015359,6.86777,0.00395029,50,4.247,4.319,2026-08-01T02:21:40,9124b27,2.13.0+cu130,gonzalo
15,0.4,40,n3,qr,default,75,1e-07,,,,4,cuda,torch,400,8,,4.8888,0.0505621,8.11356,0.00647506,2.48087,0.0251484,6.86777,0.00395029,50,4.236,4.319,2026-08-01T02:21:40,9124b27,2.13.0+cu130,gonzalo
15,0.4,20,n3,qr,default,75,1e-07,,,,4,cuda,torch,400,8,,8.66283,0.0886374,8.11356,0.00647506,5.09552,0.0515122,6.86777,0.00395029,50,4.232,4.319,2026-08-01T02:21:40,9124b27,2.13.0+cu130,gonzalo
15,0.8,inf,n3,qr,default,75,1e-07,,,,4,cuda,torch,400,8,,7.44605,0.0782281,17.0432,0.0238363,3.61113,0.0367785,14.2117,0.0218891,50,4.244,4.319,2026-08-01T02:21:40,9124b27,2.13.0+cu130,gonzalo
15,0.8,40,n3,qr,default,75,1e-07,,,,4,cuda,torch,400,8,,8.66252,0.0905974,17.0432,0.0238363,4.53243,0.0461217,14.2117,0.0218891,50,4.235,4.319,2026-08-01T02:21:40,9124b27,2.13.0+cu130,gonzalo
15,0.8,20,n3,qr,default,75,1e-07,,,,4,cuda,torch,400,8,,10.4393,0.108432,17.0432,0.0238363,5.98003,0.0605812,14.2117,0.0218891,50,4.228,4.319,2026-08-01T02:21:40,9124b27,2.13.0+cu130,gonzalo
16,0.2,inf,n3,qr,default,75,1e-07,,,,4,cuda,torch,400,8,,1.97914,0.020088,3.66474,0.00796446,1.01047,0.0101666,2.81934,0.00685194,50,4.219,4.319,2026-08-01T02:21:40,9124b27,2.13.0+cu130,gonzalo
16,0.2,40,n3,qr,default,75,1e-07,,,,4,cuda,torch,400,8,,4.31344,0.0438294,3.66474,0.00796446,2.50359,0.0253096,2.81934,0.00685194,50,4.231,4.319,2026-08-01T02:21:40,9124b27,2.13.0+cu130,gonzalo
16,0.2,20,n3,qr,default,75,1e-07,,,,4,cuda,torch,400,8,,8.8846,0.0899066,3.66474,0.00796446,5.40394,0.0545894,2.81934,0.00685194,49,4.155,4.319,2026-08-01T02:21:40,9124b27,2.13.0+cu130,gonzalo
16,0.4,inf,n3,qr,default,75,1e-07,,,,4,cuda,torch,400,8,,5.15741,0.0525777,7.39708,0.0132142,2.716,0.0274751,5.67719,0.00875658,50,4.236,4.319,2026-08-01T02:21:40,9124b27,2.13.0+cu130,gonzalo
16,0.4,40,n3,qr,default,75,1e-07,,,,4,cuda,torch,400,8,,7.47868,0.0760677,7.39708,0.0132142,4.22653,0.0428462,5.67719,0.00875658,50,4.234,4.319,2026-08-01T02:21:40,9124b27,2.13.0+cu130,gonzalo
16,0.4,20,n3,qr,default,75,1e-07,,,,4,cuda,torch,400,8,,10.7903,0.109255,7.39708,0.0132142,6.38054,0.0644394,5.67719,0.00875658,50,4.252,4.319,2026-08-01T02:21:40,9124b27,2.13.0+cu130,gonzalo
16,0.8,inf,n3,qr,default,75,1e-07,,,,4,cuda,torch,400,8,,9.8727,0.101048,15.0828,0.0675446,5.19319,0.0527402,11.5137,0.0726314,50,4.316,4.319,2026-08-01T02:21:40,9124b27,2.13.0+cu130,gonzalo
16,0.8,40,n3,qr,default,75,1e-07,,,,4,cuda,torch,400,8,,11.2142,0.114702,15.0828,0.0675446,6.06051,0.0615548,11.5137,0.0726314,50,4.322,4.319,2026-08-01T02:21:40,9124b27,2.13.0+cu130,gonzalo
16,0.8,20,n3,qr,default,75,1e-07,,,,4,cuda,torch,400,8,,12.501,0.127447,15.0828,0.0675446,7.08671,0.0717437,11.5137,0.0726314,50,4.345,4.319,2026-08-01T02:21:40,9124b27,2.13.0+cu130,gonzalo
17,0.2,inf,n3,qr,default,75,1e-07,,,,4,cuda,torch,400,8,,1.89614,0.0191827,4.52768,0.00280336,0.7302,0.0073473,3.90114,0.00269,50,4.329,4.319,2026-08-01T02:21:40,9124b27,2.13.0+cu130,gonzalo
17,0.2,40,n3,qr,default,75,1e-07,,,,4,cuda,torch,400,8,,3.0317,0.0309448,4.52768,0.00280336,1.53316,0.0154512,3.90114,0.00269,50,4.335,4.319,2026-08-01T02:21:40,9124b27,2.13.0+cu130,gonzalo
17,0.2,20,n3,qr,default,75,1e-07,,,,4,cuda,torch,400,8,,7.32039,0.0741356,4.52768,0.00280336,4.49557,0.0453441,3.90114,0.00269,50,4.34,4.319,2026-08-01T02:21:40,9124b27,2.13.0+cu130,gonzalo
17,0.4,inf,n3,qr,default,75,1e-07,,,,4,cuda,torch,400,8,,4.51888,0.0467308,9.08495,0.00610093,1.93372,0.0196772,7.84108,0.00587901,50,4.335,4.319,2026-08-01T02:21:40,9124b27,2.13.0+cu130,gonzalo
17,0.4,40,n3,qr,default,75,1e-07,,,,4,cuda,torch,400,8,,5.62403,0.0582274,9.08495,0.00610093,2.79058,0.0283198,7.84108,0.00587901,50,4.337,4.319,2026-08-01T02:21:40,9124b27,2.13.0+cu130,gonzalo
17,0.4,20,n3,qr,default,75,1e-07,,,,4,cuda,torch,400,8,,8.26101,0.0846697,9.08495,0.00610093,4.83303,0.0488239,7.84108,0.00587901,50,4.341,4.319,2026-08-01T02:21:40,9124b27,2.13.0+cu130,gonzalo
17,0.8,inf,n3,qr,default,75,1e-07,,,,4,cuda,torch,400,8,,8.76635,0.0926515,18.2849,0.0144151,4.04552,0.0415541,15.8389,0.0138501,50,4.332,4.319,2026-08-01T02:21:40,9124b27,2.13.0+cu130,gonzalo
17,0.8,40,n3,qr,default,75,1e-07,,,,4,cuda,torch,400,8,,9.74197,0.103071,18.2849,0.0144151,4.79176,0.0491453,15.8389,0.0138501,50,4.333,4.319,2026-08-01T02:21:40,9124b27,2.13.0+cu130,gonzalo
17,0.8,20,n3,qr,default,75,1e-07,,,,4,cuda,torch,400,8,,10.4705,0.110447,18.2849,0.0144151,5.63908,0.0576516,15.8389,0.0138501,50,4.339,4.319,2026-08-01T02:21:40,9124b27,2.13.0+cu130,gonzalo
18,0.2,inf,n3,qr,default,75,1e-07,,,,4,cuda,torch,400,8,,1.92079,0.0193861,5.15763,0.00307719,0.999338,0.0100859,4.52636,0.00241444,50,4.33,4.319,2026-08-01T02:21:40,9124b27,2.13.0+cu130,gonzalo
18,0.2,40,n3,qr,default,75,1e-07,,,,4,cuda,torch,400,8,,3.57396,0.0363729,5.15763,0.00307719,2.16136,0.0219214,4.52636,0.00241444,48,4.161,4.319,2026-08-01T02:21:40,9124b27,2.13.0+cu130,gonzalo
18,0.2,20,n3,qr,default,75,1e-07,,,,4,cuda,torch,400,8,,7.14669,0.0724276,5.15763,0.00307719,4.56033,0.0462035,4.52636,0.00241444,49,4.251,4.319,2026-08-01T02:21:40,9124b27,2.13.0+cu130,gonzalo
18,0.4,inf,n3,qr,default,75,1e-07,,,,4,cuda,torch,400,8,,4.42385,0.0454308,10.3687,0.00724825,2.57859,0.0263366,9.07604,0.00658691,50,4.329,4.319,2026-08-01T02:21:40,9124b27,2.13.0+cu130,gonzalo
18,0.4,40,n3,qr,default,75,1e-07,,,,4,cuda,torch,400,8,,5.57212,0.0572884,10.3687,0.00724825,3.37967,0.034528,9.07604,0.00658691,48,4.163,4.319,2026-08-01T02:21:40,9124b27,2.13.0+cu130,gonzalo
18,0.4,20,n3,qr,default,75,1e-07,,,,4,cuda,torch,400,8,,7.77927,0.0793406,10.3687,0.00724825,4.91542,0.049958,9.07604,0.00658691,50,4.342,4.319,2026-08-01T02:21:40,9124b27,2.13.0+cu130,gonzalo
18,0.8,inf,n3,qr,default,75,1e-07,,,,4,cuda,torch,400,8,,7.16778,0.0733815,20.9244,0.0206634,3.92543,0.0403009,18.2309,0.0207934,50,4.229,4.319,2026-08-01T02:21:40,9124b27,2.13.0+cu130,gonzalo
18,0.8,40,n3,qr,default,75,1e-07,,,,4,cuda,torch,400,8,,7.71294,0.0795444,20.9244,0.0206634,4.377,0.0450007,18.2309,0.0207934,50,4.228,4.319,2026-08-01T02:21:40,9124b27,2.13.0+cu130,gonzalo
18,0.8,20,n3,qr,default,75,1e-07,,,,4,cuda,torch,400,8,,8.63904,0.0895093,20.9244,0.0206634,5.27246,0.0541514,18.2309,0.0207934,50,4.209,4.319,2026-08-01T02:21:40,9124b27,2.13.0+cu130,gonzalo
19,0.2,inf,n3,qr,default,75,1e-07,,,,4,cuda,torch,400,8,,1.52083,0.0152613,3.8229,0.0022607,0.671983,0.00674195,2.77565,0.00157815,50,4.228,4.319,2026-08-01T02:21:40,9124b27,2.13.0+cu130,gonzalo
19,0.2,40,n3,qr,default,75,1e-07,,,,4,cuda,torch,400,8,,3.22679,0.0326314,3.8229,0.0022607,1.91096,0.0192772,2.77565,0.00157815,50,4.231,4.319,2026-08-01T02:21:40,9124b27,2.13.0+cu130,gonzalo
19,0.2,20,n3,qr,default,75,1e-07,,,,4,cuda,torch,400,8,,7.70065,0.0776143,3.8229,0.0022607,4.82803,0.0487569,2.77565,0.00157815,50,4.236,4.319,2026-08-01T02:21:40,9124b27,2.13.0+cu130,gonzalo
19,0.4,inf,n3,qr,default,75,1e-07,,,,4,cuda,torch,400,8,,3.69647,0.0375707,7.67324,0.00451552,1.79728,0.0181738,5.55738,0.00264871,50,4.226,4.319,2026-08-01T02:21:40,9124b27,2.13.0+cu130,gonzalo
19,0.4,40,n3,qr,default,75,1e-07,,,,4,cuda,torch,400,8,,5.45805,0.0555775,7.67324,0.00451552,3.07148,0.031111,5.55738,0.00264871,50,4.226,4.319,2026-08-01T02:21:40,9124b27,2.13.0+cu130,gonzalo
19,0.4,20,n3,qr,default,75,1e-07,,,,4,cuda,torch,400,8,,9.14996,0.0926368,7.67324,0.00451552,5.5941,0.0565346,5.55738,0.00264871,50,4.234,4.319,2026-08-01T02:21:40,9124b27,2.13.0+cu130,gonzalo
19,0.8,inf,n3,qr,default,75,1e-07,,,,4,cuda,torch,400,8,,7.98484,0.0821565,15.4667,0.011094,4.05576,0.0412934,11.1436,0.00715677,50,4.227,4.319,2026-08-01T02:21:40,9124b27,2.13.0+cu130,gonzalo
19,0.8,40,n3,qr,default,75,1e-07,,,,4,cuda,torch,400,8,,9.26674,0.0955227,15.4667,0.011094,4.95904,0.0505215,11.1436,0.00715677,50,4.229,4.319,2026-08-01T02:21:40,9124b27,2.13.0+cu130,gonzalo
19,0.8,20,n3,qr,default,75,1e-07,,,,4,cuda,torch,400,8,,10.7175,0.110419,15.4667,0.011094,6.0969,0.061958,11.1436,0.00715677,50,4.233,4.319,2026-08-01T02:21:40,9124b27,2.13.0+cu130,gonzalo
20,0.2,inf,n3,qr,default,75,1e-07,,,,4,cuda,torch,400,8,,1.22429,0.0123065,4.05967,0.00161096,0.555468,0.00554613,3.20244,0.00122338,50,4.227,4.319,2026-08-01T02:21:40,9124b27,2.13.0+cu130,gonzalo
20,0.2,40,n3,qr,default,75,1e-07,,,,4,cuda,torch,400,8,,2.3383,0.0237687,4.05967,0.00161096,1.28448,0.0129279,3.20244,0.00122338,50,4.231,4.319,2026-08-01T02:21:40,9124b27,2.13.0+cu130,gonzalo
20,0.2,20,n3,qr,default,75,1e-07,,,,4,cuda,torch,400,8,,6.66596,0.0675765,4.05967,0.00161096,4.2447,0.042796,3.20244,0.00122338,50,4.239,4.319,2026-08-01T02:21:40,9124b27,2.13.0+cu130,gonzalo
20,0.4,inf,n3,qr,default,75,1e-07,,,,4,cuda,torch,400,8,,2.5495,0.0258034,8.08774,0.00323588,1.09397,0.0109397,6.39393,0.00239086,50,4.236,4.319,2026-08-01T02:21:40,9124b27,2.13.0+cu130,gonzalo
20,0.4,40,n3,qr,default,75,1e-07,,,,4,cuda,torch,400,8,,3.36816,0.034739,8.08774,0.00323588,1.58679,0.0160624,6.39393,0.00239086,50,4.239,4.319,2026-08-01T02:21:40,9124b27,2.13.0+cu130,gonzalo
20,0.4,20,n3,qr,default,75,1e-07,,,,4,cuda,torch,400,8,,6.74431,0.069104,8.08774,0.00323588,4.14284,0.0418148,6.39393,0.00239086,50,4.242,4.319,2026-08-01T02:21:40,9124b27,2.13.0+cu130,gonzalo
20,0.8,inf,n3,qr,default,75,1e-07,,,,4,cuda,torch,400,8,,5.44433,0.0555369,16.0583,0.00740932,2.28633,0.0229403,12.7456,0.00577228,50,4.235,4.319,2026-08-01T02:21:40,9124b27,2.13.0+cu130,gonzalo
20,0.8,40,n3,qr,default,75,1e-07,,,,4,cuda,torch,400,8,,6.08952,0.063158,16.0583,0.00740932,2.67959,0.027247,12.7456,0.00577228,50,4.234,4.319,2026-08-01T02:21:40,9124b27,2.13.0+cu130,gonzalo
20,0.8,20,n3,qr,default,75,1e-07,,,,4,cuda,torch,400,8,,8.36057,0.0876532,16.0583,0.00740932,4.58493,0.0466009,12.7456,0.00577228,50,4.246,4.319,2026-08-01T02:21:40,9124b27,2.13.0+cu130,gonzalo
21,0.2,inf,n3,qr,default,75,1e-07,,,,4,cuda,torch,400,8,,1.0011,0.0100445,2.99698,0.00354402,0.544049,0.00546162,2.17704,0.00279842,50,4.227,4.319,2026-08-01T02:21:40,9124b27,2.13.0+cu130,gonzalo
21,0.2,40,n3,qr,default,75,1e-07,,,,4,cuda,torch,400,8,,2.7198,0.0274509,2.99698,0.00354402,1.83443,0.0185342,2.17704,0.00279842,50,4.318,4.319,2026-08-01T02:21:40,9124b27,2.13.0+cu130,gonzalo
21,0.2,20,n3,qr,default,75,1e-07,,,,4,cuda,torch,400,8,,8.12707,0.0819007,2.99698,0.00354402,5.15822,0.0521242,2.17704,0.00279842,50,4.327,4.319,2026-08-01T02:21:40,9124b27,2.13.0+cu130,gonzalo
21,0.4,inf,n3,qr,default,75,1e-07,,,,4,cuda,torch,400,8,,2.45213,0.0248876,6.09176,0.00632177,1.38809,0.0140293,4.3992,0.00399114,50,4.225,4.319,2026-08-01T02:21:40,9124b27,2.13.0+cu130,gonzalo
21,0.4,40,n3,qr,default,75,1e-07,,,,4,cuda,torch,400,8,,4.40032,0.0445443,6.09176,0.00632177,2.87425,0.0291794,4.3992,0.00399114,50,4.231,4.319,2026-08-01T02:21:40,9124b27,2.13.0+cu130,gonzalo
21,0.4,20,n3,qr,default,75,1e-07,,,,4,cuda,torch,400,8,,8.90487,0.0897705,6.09176,0.00632177,5.51854,0.0558423,4.3992,0.00399114,50,4.232,4.319,2026-08-01T02:21:40,9124b27,2.13.0+cu130,gonzalo
21,0.8,inf,n3,qr,default,75,1e-07,,,,4,cuda,torch,400,8,,5.94103,0.0603768,12.6107,0.0246048,3.47568,0.035412,8.99035,0.0232216,50,4.229,4.319,2026-08-01T02:21:40,9124b27,2.13.0+cu130,gonzalo
21,0.8,40,n3,qr,default,75,1e-07,,,,4,cuda,torch,400,8,,7.43771,0.0756364,12.6107,0.0246048,4.3801,0.0446501,8.99035,0.0232216,50,4.225,4.319,2026-08-01T02:21:40,9124b27,2.13.0+cu130,gonzalo
21,0.8,20,n3,qr,default,75,1e-07,,,,4,cuda,torch,400,8,,9.95571,0.100832,12.6107,0.0246048,5.98788,0.0607576,8.99035,0.0232216,50,4.21,4.319,2026-08-01T02:21:40,9124b27,2.13.0+cu130,gonzalo
22,0.2,inf,n3,qr,default,75,1e-07,,,,4,cuda,torch,400,8,,1.25563,0.0125923,3.23231,0.0019604,0.631165,0.00635899,2.40248,0.00166794,50,4.218,4.319,2026-08-01T02:21:40,9124b27,2.13.0+cu130,gonzalo
22,0.2,40,n3,qr,default,75,1e-07,,,,4,cuda,torch,400,8,,2.50773,0.0253935,3.23231,0.0019604,1.59673,0.0161559,2.40248,0.00166794,50,4.208,4.319,2026-08-01T02:21:40,9124b27,2.13.0+cu130,gonzalo
22,0.2,20,n3,qr,default,75,1e-07,,,,4,cuda,torch,400,8,,8.0081,0.0810975,3.23231,0.0019604,5.03574,0.0509559,2.40248,0.00166794,50,4.213,4.319,2026-08-01T02:21:40,9124b27,2.13.0+cu130,gonzalo
22,0.4,inf,n3,qr,default,75,1e-07,,,,4,cuda,torch,400,8,,2.62405,0.0267209,6.56999,0.00387989,1.41647,0.0144213,4.853,0.00319601,50,4.214,4.319,2026-08-01T02:21:40,9124b27,2.13.0+cu130,gonzalo
22,0.4,40,n3,qr,default,75,1e-07,,,,4,cuda,torch,400,8,,3.87844,0.0395762,6.56999,0.00387989,2.42131,0.0246508,4.853,0.00319601,50,4.206,4.319,2026-08-01T02:21:40,9124b27,2.13.0+cu130,gonzalo
22,0.4,20,n3,qr,default,75,1e-07,,,,4,cuda,torch,400,8,,7.55431,0.0762676,6.56999,0.00387989,4.81508,0.0487976,4.853,0.00319601,50,4.211,4.319,2026-08-01T02:21:40,9124b27,2.13.0+cu130,gonzalo
22,0.8,inf,n3,qr,default,75,1e-07,,,,4,cuda,torch,400,8,,4.86998,0.0496404,13.5922,0.00800466,2.66554,0.0272661,9.90884,0.00624201,50,4.221,4.319,2026-08-01T02:21:40,9124b27,2.13.0+cu130,gonzalo
22,0.8,40,n3,qr,default,75,1e-07,,,,4,cuda,torch,400,8,,5.78664,0.0593012,13.5922,0.00800466,3.45583,0.0353754,9.90884,0.00624201,50,4.225,4.319,2026-08-01T02:21:40,9124b27,2.13.0+cu130,gonzalo
22,0.8,20,n3,qr,default,75,1e-07,,,,4,cuda,torch,400,8,,8.01439,0.081741,13.5922,0.00800466,5.02299,0.0511744,9.90884,0.00624201,50,4.227,4.319,2026-08-01T02:21:40,9124b27,2.13.0+cu130,gonzalo
23,0.2,inf,n3,qr,default,75,1e-07,,,,4,cuda,torch,400,8,,1.84098,0.0184772,4.45267,0.00142494,0.77853,0.0078185,3.63387,0.000984382,50,4.218,4.319,2026-08-01T02:21:40,9124b27,2.13.0+cu130,gonzalo
23,0.2,40,n3,qr,default,75,1e-07,,,,4,cuda,torch,400,8,,3.24486,0.032884,4.45267,0.00142494,1.89043,0.0190775,3.63387,0.000984382,50,4.221,4.319,2026-08-01T02:21:40,9124b27,2.13.0+cu130,gonzalo
23,0.2,20,n3,qr,default,75,1e-07,,,,4,cuda,torch,400,8,,7.36532,0.0742102,4.45267,0.00142494,4.61569,0.0465901,3.63387,0.000984382,50,4.22,4.319,2026-08-01T02:21:40,9124b27,2.13.0+cu130,gonzalo
23,0.4,inf,n3,qr,default,75,1e-07,,,,4,cuda,torch,400,8,,4.72552,0.0482883,8.909,0.00317018,2.26726,0.0229966,7.26901,0.00242193,50,4.204,4.319,2026-08-01T02:21:40,9124b27,2.13.0+cu130,gonzalo
23,0.4,40,n3,qr,default,75,1e-07,,,,4,cuda,torch,400,8,,5.82212,0.0596097,8.909,0.00317018,3.18088,0.0322725,7.26901,0.00242193,50,4.212,4.319,2026-08-01T02:21:40,9124b27,2.13.0+cu130,gonzalo
23,0.4,20,n3,qr,default,75,1e-07,,,,4,cuda,torch,400,8,,8.07644,0.0820958,8.909,0.00317018,4.92713,0.0498431,7.26901,0.00242193,50,4.213,4.319,2026-08-01T02:21:40,9124b27,2.13.0+cu130,gonzalo
23,0.8,inf,n3,qr,default,75,1e-07,,,,4,cuda,torch,400,8,,8.03948,0.0826696,17.8293,0.00865756,3.72665,0.0379488,14.5424,0.00789459,50,4.201,4.319,2026-08-01T02:21:40,9124b27,2.13.0+cu130,gonzalo
23,0.8,40,n3,qr,default,75,1e-07,,,,4,cuda,torch,400,8,,8.8337,0.0914473,17.8293,0.00865756,4.36105,0.0444937,14.5424,0.00789459,50,4.214,4.319,2026-08-01T02:21:40,9124b27,2.13.0+cu130,gonzalo
23,0.8,20,n3,qr,default,75,1e-07,,,,4,cuda,torch,400,8,,9.90733,0.103025,17.8293,0.00865756,5.43042,0.0553726,14.5424,0.00789459,50,4.209,4.319,2026-08-01T02:21:40,9124b27,2.13.0+cu130,gonzalo
24,0.2,inf,n3,qr,default,75,1e-07,,,,4,cuda,torch,400,8,,1.84416,0.0187458,4.09319,0.0015522,0.82309,0.00826011,3.49858,0.00108856,50,4.295,4.319,2026-08-01T02:21:40,9124b27,2.13.0+cu130,gonzalo
24,0.2,40,n3,qr,default,75,1e-07,,,,4,cuda,torch,400,8,,2.60898,0.0267684,4.09319,0.0015522,1.24916,0.0126023,3.49858,0.00108856,50,4.205,4.319,2026-08-01T02:21:40,9124b27,2.13.0+cu130,gonzalo
24,0.2,20,n3,qr,default,75,1e-07,,,,4,cuda,torch,400,8,,7.16207,0.072751,4.09319,0.0015522,4.42406,0.0445867,3.49858,0.00108856,50,4.204,4.319,2026-08-01T02:21:40,9124b27,2.13.0+cu130,gonzalo
24,0.4,inf,n3,qr,default,75,1e-07,,,,4,cuda,torch,400,8,,3.46163,0.0355173,8.21065,0.00315183,1.56757,0.0157494,6.99524,0.0022412,50,4.204,4.319,2026-08-01T02:21:40,9124b27,2.13.0+cu130,gonzalo
24,0.4,40,n3,qr,default,75,1e-07,,,,4,cuda,torch,400,8,,3.9978,0.0416043,8.21065,0.00315183,1.77376,0.0180218,6.99524,0.0022412,50,4.208,4.319,2026-08-01T02:21:40,9124b27,2.13.0+cu130,gonzalo
24,0.4,20,n3,qr,default,75,1e-07,,,,4,cuda,torch,400,8,,7.93214,0.0818836,8.21065,0.00315183,4.66811,0.0470868,6.99524,0.0022412,50,4.2,4.319,2026-08-01T02:21:40,9124b27,2.13.0+cu130,gonzalo
24,0.8,inf,n3,qr,default,75,1e-07,,,,4,cuda,torch,400,8,,6.82816,0.0715453,16.5234,0.00707051,3.16391,0.0321402,13.9835,0.00517041,50,4.199,4.319,2026-08-01T02:21:40,9124b27,2.13.0+cu130,gonzalo
24,0.8,40,n3,qr,default,75,1e-07,,,,4,cuda,torch,400,8,,7.26755,0.0773755,16.5234,0.00707051,3.37529,0.034716,13.9835,0.00517041,50,4.203,4.319,2026-08-01T02:21:40,9124b27,2.13.0+cu130,gonzalo
24,0.8,20,n3,qr,default,75,1e-07,,,,4,cuda,torch,400,8,,8.98901,0.096188,16.5234,0.00707051,4.71845,0.0483687,13.9835,0.00517041,50,4.21,4.319,2026-08-01T02:21:40,9124b27,2.13.0+cu130,gonzalo
25,0.2,inf,n3,qr,default,75,1e-07,,,,4,cuda,torch,400,8,,1.9983,0.0204446,4.60232,0.005527,0.87046,0.00877503,3.76495,0.00482561,50,4.207,4.319,2026-08-01T02:21:40,9124b27,2.13.0+cu130,gonzalo
25,0.2,40,n3,qr,default,75,1e-07,,,,4,cuda,torch,400,8,,3.55786,0.0363611,4.60232,0.005527,1.94507,0.019628,3.76495,0.00482561,50,4.2,4.319,2026-08-01T02:21:40,9124b27,2.13.0+cu130,gonzalo
25,0.2,20,n3,qr,default,75,1e-07,,,,4,cuda,torch,400,8,,8.1203,0.082485,4.60232,0.005527,5.00018,0.0504921,3.76495,0.00482561,50,4.206,4.319,2026-08-01T02:21:40,9124b27,2.13.0+cu130,gonzalo
25,0.4,inf,n3,qr,default,75,1e-07,,,,4,cuda,torch,400,8,,4.2292,0.0437676,9.22679,0.0116042,1.96175,0.0198907,7.54506,0.00962142,50,4.199,4.319,2026-08-01T02:21:40,9124b27,2.13.0+cu130,gonzalo
25,0.4,40,n3,qr,default,75,1e-07,,,,4,cuda,torch,400,8,,6.06752,0.062526,9.22679,0.0116042,3.28779,0.0333258,7.54506,0.00962142,50,4.199,4.319,2026-08-01T02:21:40,9124b27,2.13.0+cu130,gonzalo
25,0.4,20,n3,qr,default,75,1e-07,,,,4,cuda,torch,400,8,,9.75681,0.0997548,9.22679,0.0116042,5.81938,0.0587662,7.54506,0.00962142,50,4.2,4.319,2026-08-01T02:21:40,9124b27,2.13.0+cu130,gonzalo
25,0.8,inf,n3,qr,default,75,1e-07,,,,4,cuda,torch,400,8,,9.512,0.100133,18.5363,0.0314152,4.81539,0.0491423,15.1497,0.0286051,50,4.205,4.319,2026-08-01T02:21:40,9124b27,2.13.0+cu130,gonzalo
25,0.8,40,n3,qr,default,75,1e-07,,,,4,cuda,torch,400,8,,10.6232,0.111586,18.5363,0.0314152,5.65239,0.0576123,15.1497,0.0286051,50,4.204,4.319,2026-08-01T02:21:40,9124b27,2.13.0+cu130,gonzalo
25,0.8,20,n3,qr,default,75,1e-07,,,,4,cuda,torch,400,8,,11.5701,0.121155,18.5363,0.0314152,6.51937,0.0662329,15.1497,0.0286051,50,4.216,4.319,2026-08-01T02:21:40,9124b27,2.13.0+cu130,gonzalo
26,0.2,inf,n3,qr,default,75,1e-07,,,,4,cuda,torch,400,8,,2.03058,0.0205584,4.8888,0.00266175,0.805609,0.00810737,3.92603,0.00246923,50,4.197,4.319,2026-08-01T02:21:40,9124b27,2.13.0+cu130,gonzalo
26,0.2,40,n3,qr,default,75,1e-07,,,,4,cuda,torch,400,8,,3.23958,0.0329396,4.8888,0.00266175,1.74368,0.0175713,3.92603,0.00246923,50,4.213,4.319,2026-08-01T02:21:40,9124b27,2.13.0+cu130,gonzalo
26,0.2,20,n3,qr,default,75,1e-07,,,,4,cuda,torch,400,8,,7.55826,0.0763356,4.8888,0.00266175,4.653,0.0469591,3.92603,0.00246923,50,4.21,4.319,2026-08-01T02:21:40,9124b27,2.13.0+cu130,gonzalo
26,0.4,inf,n3,qr,default,75,1e-07,,,,4,cuda,torch,400,8,,5.14584,0.0532713,9.8941,0.00627185,2.37614,0.0241669,7.942,0.00602147,50,4.202,4.319,2026-08-01T02:21:40,9124b27,2.13.0+cu130,gonzalo
26,0.4,40,n3,qr,default,75,1e-07,,,,4,cuda,torch,400,8,,6.41541,0.0662103,9.8941,0.00627185,3.38051,0.0342686,7.942,0.00602147,50,4.197,4.319,2026-08-01T02:21:40,9124b27,2.13.0+cu130,gonzalo
26,0.4,20,n3,qr,default,75,1e-07,,,,4,cuda,torch,400,8,,8.91688,0.091131,9.8941,0.00627185,5.26462,0.0532023,7.942,0.00602147,50,4.206,4.319,2026-08-01T02:21:40,9124b27,2.13.0+cu130,gonzalo
26,0.8,inf,n3,qr,default,75,1e-07,,,,4,cuda,torch,400,8,,8.92023,0.094717,20.2417,0.015415,4.09286,0.0420694,16.2476,0.014669,50,4.2,4.319,2026-08-01T02:21:40,9124b27,2.13.0+cu130,gonzalo
26,0.8,40,n3,qr,default,75,1e-07,,,,4,cuda,torch,400,8,,9.79966,0.104128,20.2417,0.015415,4.86634,0.0498832,16.2476,0.014669,50,4.199,4.319,2026-08-01T02:21:40,9124b27,2.13.0+cu130,gonzalo
26,0.8,20,n3,qr,default,75,1e-07,,,,4,cuda,torch,400,8,,10.579,0.112008,20.2417,0.015415,5.7637,0.0588911,16.2476,0.014669,50,4.206,4.319,2026-08-01T02:21:40,9124b27,2.13.0+cu130,gonzalo
27,0.2,inf,n3,qr,default,75,1e-07,,,,4,cuda,torch,400,8,,1.70304,0.0173263,4.2001,0.00139402,0.7038,0.00708744,3.44453,0.0012916,50,4.2,4.319,2026-08-01T02:21:40,9124b27,2.13.0+cu130,gonzalo
27,0.2,40,n3,qr,default,75,1e-07,,,,4,cuda,torch,400,8,,3.35565,0.0342205,4.2001,0.00139402,1.77683,0.0179264,3.44453,0.0012916,50,4.206,4.319,2026-08-01T02:21:40,9124b27,2.13.0+cu130,gonzalo
27,0.2,20,n3,qr,default,75,1e-07,,,,4,cuda,torch,400,8,,8.20348,0.0832098,4.2001,0.00139402,4.91389,0.0495732,3.44453,0.0012916,50,4.209,4.319,2026-08-01T02:21:40,9124b27,2.13.0+cu130,gonzalo
27,0.4,inf,n3,qr,default,75,1e-07,,,,4,cuda,torch,400,8,,4.02195,0.0415869,8.42177,0.00280927,1.7256,0.0175288,6.90956,0.00246695,50,4.209,4.319,2026-08-01T02:21:40,9124b27,2.13.0+cu130,gonzalo
27,0.4,40,n3,qr,default,75,1e-07,,,,4,cuda,torch,400,8,,5.43444,0.0561768,8.42177,0.00280927,2.67259,0.0270951,6.90956,0.00246695,50,4.204,4.319,2026-08-01T02:21:40,9124b27,2.13.0+cu130,gonzalo
27,0.4,20,n3,qr,default,75,1e-07,,,,4,cuda,torch,400,8,,8.49453,0.0870627,8.42177,0.00280927,4.85505,0.0490382,6.90956,0.00246695,50,4.212,4.319,2026-08-01T02:21:40,9124b27,2.13.0+cu130,gonzalo
27,0.8,inf,n3,qr,default,75,1e-07,,,,4,cuda,torch,400,8,,7.49512,0.0789131,16.9327,0.00654447,3.20909,0.0328829,13.903,0.00523319,50,4.202,4.319,2026-08-01T02:21:40,9124b27,2.13.0+cu130,gonzalo
27,0.8,40,n3,qr,default,75,1e-07,,,,4,cuda,torch,400,8,,8.39092,0.0885527,16.9327,0.00654447,3.88843,0.0398385,13.903,0.00523319,50,4.199,4.319,2026-08-01T02:21:40,9124b27,2.13.0+cu130,gonzalo
27,0.8,20,n3,qr,default,75,1e-07,,,,4,cuda,torch,400,8,,10.0639,0.106038,16.9327,0.00654447,5.3247,0.0542923,13.903,0.00523319,50,4.208,4.319,2026-08-01T02:21:40,9124b27,2.13.0+cu130,gonzalo
28,0.2,inf,n3,qr,default,75,1e-07,,,,4,cuda,torch,400,8,,1.959,0.0199595,4.45045,0.0025675,0.843427,0.00851685,3.46673,0.0019458,50,4.194,4.319,2026-08-01T02:21:40,9124b27,2.13.0+cu130,gonzalo
28,0.2,40,n3,qr,default,75,1e-07,,,,4,cuda,torch,400,8,,3.30473,0.0335354,4.45045,0.0025675,1.87181,0.0188675,3.46673,0.0019458,50,4.192,4.319,2026-08-01T02:21:40,9124b27,2.13.0+cu130,gonzalo
28,0.2,20,n3,qr,default,75,1e-07,,,,4,cuda,torch,400,8,,8.67398,0.0872837,4.45045,0.0025675,5.54762,0.0560953,3.46673,0.0019458,50,4.196,4.319,2026-08-01T02:21:40,9124b27,2.13.0+cu130,gonzalo
28,0.4,inf,n3,qr,default,75,1e-07,,,,4,cuda,torch,400,8,,3.75112,0.0383479,8.96917,0.00585954,1.79297,0.0181748,6.96572,0.00501558,50,4.19,4.319,2026-08-01T02:21:40,9124b27,2.13.0+cu130,gonzalo
28,0.4,40,n3,qr,default,75,1e-07,,,,4,cuda,torch,400,8,,5.27287,0.0538679,8.96917,0.00585954,2.87584,0.0291058,6.96572,0.00501558,50,4.194,4.319,2026-08-01T02:21:40,9124b27,2.13.0+cu130,gonzalo
28,0.4,20,n3,qr,default,75,1e-07,,,,4,cuda,torch,400,8,,8.91629,0.090464,8.96917,0.00585954,5.46297,0.0551163,6.96572,0.00501558,50,4.199,4.319,2026-08-01T02:21:40,9124b27,2.13.0+cu130,gonzalo
28,0.8,inf,n3,qr,default,75,1e-07,,,,4,cuda,torch,400,8,,8.06205,0.0843446,18.2099,0.0156079,4.01985,0.041008,14.0586,0.0150193,50,4.196,4.319,2026-08-01T02:21:40,9124b27,2.13.0+cu130,gonzalo
28,0.8,40,n3,qr,default,75,1e-07,,,,4,cuda,torch,400,8,,9.34764,0.0978003,18.2099,0.0156079,4.95579,0.050502,14.0586,0.0150193,50,4.196,4.319,2026-08-01T02:21:40,9124b27,2.13.0+cu130,gonzalo
28,0.8,20,n3,qr,default,75,1e-07,,,,4,cuda,torch,400,8,,10.5487,0.109971,18.2099,0.0156079,6.0005,0.0609513,14.0586,0.0150193,50,4.198,4.319,2026-08-01T02:21:40,9124b27,2.13.0+cu130,gonzalo
29,0.2,inf,n3,qr,default,75,1e-07,,,,4,cuda,torch,400,8,,1.76852,0.0178237,5.02272,0.00213037,0.774476,0.00777367,4.23346,0.00181367,50,4.194,4.319,2026-08-01T02:21:40,9124b27,2.13.0+cu130,gonzalo
29,0.2,40,n3,qr,default,75,1e-07,,,,4,cuda,torch,400,8,,3.33431,0.0341038,5.02272,0.00213037,1.85004,0.0187197,4.23346,0.00181367,48,4.027,4.319,2026-08-01T02:21:40,9124b27,2.13.0+cu130,gonzalo
29,0.2,20,n3,qr,default,75,1e-07,,,,4,cuda,torch,400,8,,7.14008,0.0727287,5.02272,0.00213037,4.43695,0.044923,4.23346,0.00181367,50,4.197,4.319,2026-08-01T02:21:40,9124b27,2.13.0+cu130,gonzalo
29,0.4,inf,n3,qr,default,75,1e-07,,,,4,cuda,torch,400,8,,3.99399,0.0410491,10.0979,0.0055558,2.00737,0.020391,8.48476,0.00526672,50,4.192,4.319,2026-08-01T02:21:40,9124b27,2.13.0+cu130,gonzalo
29,0.4,40,n3,qr,default,75,1e-07,,,,4,cuda,torch,400,8,,5.39604,0.0557042,10.0979,0.0055558,3.0722,0.0312825,8.48476,0.00526672,50,4.196,4.319,2026-08-01T02:21:40,9124b27,2.13.0+cu130,gonzalo
29,0.4,20,n3,qr,default,75,1e-07,,,,4,cuda,torch,400,8,,7.74371,0.0794292,10.0979,0.0055558,4.73663,0.0481009,8.48476,0.00526672,50,4.197,4.319,2026-08-01T02:21:40,9124b27,2.13.0+cu130,gonzalo
29,0.8,inf,n3,qr,default,75,1e-07,,,,4,cuda,torch,400,8,,7.10736,0.0736387,20.387,0.0163171,3.77888,0.0387337,17.0358,0.0161435,50,4.188,4.319,2026-08-01T02:21:40,9124b27,2.13.0+cu130,gonzalo
29,0.8,40,n3,qr,default,75,1e-07,,,,4,cuda,torch,400,8,,7.77405,0.0808537,20.387,0.0163171,4.26762,0.0437939,17.0358,0.0161435,50,4.196,4.319,2026-08-01T02:21:40,9124b27,2.13.0+cu130,gonzalo
29,0.8,20,n3,qr,default,75,1e-07,,,,4,cuda,torch,400,8,,8.84832,0.0924063,20.387,0.0163171,5.18562,0.0531126,17.0358,0.0161435,50,4.202,4.319,2026-08-01T02:21:40,9124b27,2.13.0+cu130,gonzalo
30,0.2,inf,n3,qr,default,75,1e-07,,,,4,cuda,torch,400,8,,2.20451,0.022318,4.59402,0.00238317,0.969284,0.00976794,3.53346,0.00159495,50,4.194,4.319,2026-08-01T02:21:40,9124b27,2.13.0+cu130,gonzalo
30,0.2,40,n3,qr,default,75,1e-07,,,,4,cuda,torch,400,8,,3.50185,0.0354743,4.59402,0.00238317,2.06075,0.0208159,3.53346,0.00159495,50,4.195,4.319,2026-08-01T02:21:40,9124b27,2.13.0+cu130,gonzalo
30,0.2,20,n3,qr,default,75,1e-07,,,,4,cuda,torch,400,8,,8.77083,0.0880049,4.59402,0.00238317,5.93769,0.0601317,3.53346,0.00159495,50,4.197,4.319,2026-08-01T02:21:40,9124b27,2.13.0+cu130,gonzalo
30,0.4,inf,n3,qr,default,75,1e-07,,,,4,cuda,torch,400,8,,4.43002,0.0450736,9.22654,0.00499569,2.21199,0.0223955,7.08863,0.00351989,50,4.198,4.319,2026-08-01T02:21:40,9124b27,2.13.0+cu130,gonzalo
30,0.4,40,n3,qr,default,75,1e-07,,,,4,cuda,torch,400,8,,5.99491,0.0611137,9.22654,0.00499569,3.40535,0.0345446,7.08863,0.00351989,50,4.196,4.319,2026-08-01T02:21:40,9124b27,2.13.0+cu130,gonzalo
30,0.4,20,n3,qr,default,75,1e-07,,,,4,cuda,torch,400,8,,9.08017,0.0920463,9.22654,0.00499569,5.51496,0.0557685,7.08863,0.00351989,50,4.201,4.319,2026-08-01T02:21:40,9124b27,2.13.0+cu130,gonzalo
30,0.8,inf,n3,qr,default,75,1e-07,,,,4,cuda,torch,400,8,,8.85289,0.0918486,18.5984,0.0117064,4.50591,0.0459633,14.2638,0.00901962,50,4.22,4.319,2026-08-01T02:21:40,9124b27,2.13.0+cu130,gonzalo
30,0.8,40,n3,qr,default,75,1e-07,,,,4,cuda,torch,400,8,,9.6867,0.100598,18.5984,0.0117064,5.14079,0.0524464,14.2638,0.00901962,50,4.228,4.319,2026-08-01T02:21:40,9124b27,2.13.0+cu130,gonzalo
30,0.8,20,n3,qr,default,75,1e-07,,,,4,cuda,torch,400,8,,10.5931,0.109809,18.5984,0.0117064,6.07439,0.0617664,14.2638,0.00901962,50,4.231,4.319,2026-08-01T02:21:40,9124b27,2.13.0+cu130,gonzalo
31,0.2,inf,n3,qr,default,75,1e-07,,,,4,cuda,torch,400,8,,1.76814,0.0174914,4.31386,0.00215592,0.796265,0.00794715,3.77272,0.00204547,50,4.218,4.319,2026-08-01T02:21:40,9124b27,2.13.0+cu130,gonzalo
31,0.2,40,n3,qr,default,75,1e-07,,,,4,cuda,torch,400,8,,3.11968,0.0316391,4.31386,0.00215592,2.06969,0.0209674,3.77272,0.00204547,49,4.145,4.319,2026-08-01T02:21:40,9124b27,2.13.0+cu130,gonzalo
31,0.2,20,n3,qr,default,75,1e-07,,,,4,cuda,torch,400,8,,7.48405,0.0754483,4.31386,0.00215592,4.88745,0.049487,3.77272,0.00204547,50,4.224,4.319,2026-08-01T02:21:40,9124b27,2.13.0+cu130,gonzalo
31,0.4,inf,n3,qr,default,75,1e-07,,,,4,cuda,torch,400,8,,3.44887,0.034763,8.62918,0.00434515,1.89989,0.0192476,7.54182,0.00409376,50,4.221,4.319,2026-08-01T02:21:40,9124b27,2.13.0+cu130,gonzalo
31,0.4,40,n3,qr,default,75,1e-07,,,,4,cuda,torch,400,8,,4.72156,0.0481781,8.62918,0.00434515,3.13711,0.032053,7.54182,0.00409376,49,4.141,4.319,2026-08-01T02:21:40,9124b27,2.13.0+cu130,gonzalo
31,0.4,20,n3,qr,default,75,1e-07,,,,4,cuda,torch,400,8,,7.70841,0.0778375,8.62918,0.00434515,5.07197,0.0515027,7.54182,0.00409376,50,4.232,4.319,2026-08-01T02:21:40,9124b27,2.13.0+cu130,gonzalo
31,0.8,inf,n3,qr,default,75,1e-07,,,,4,cuda,torch,400,8,,6.4883,0.0654475,17.266,0.00897464,3.62929,0.0371838,15.0664,0.00821814,50,4.22,4.319,2026-08-01T02:21:40,9124b27,2.13.0+cu130,gonzalo
31,0.8,40,n3,qr,default,75,1e-07,,,,4,cuda,torch,400,8,,7.23823,0.0738114,17.266,0.00897464,4.21113,0.0433184,15.0664,0.00821814,50,4.225,4.319,2026-08-01T02:21:40,9124b27,2.13.0+cu130,gonzalo
31,0.8,20,n3,qr,default,75,1e-07,,,,4,cuda,torch,400,8,,8.59913,0.0881841,17.266,0.00897464,5.36112,0.0549585,15.0664,0.00821814,50,4.225,4.319,2026-08-01T02:21:40,9124b27,2.13.0+cu130,gonzalo
32,0.2,inf,n3,qr,default,75,1e-07,,,,4,cuda,torch,400,8,,1.42696,0.0141249,3.85757,0.00769746,0.815375,0.0080781,2.91914,0.00804553,50,4.215,4.319,2026-08-01T02:21:40,9124b27,2.13.0+cu130,gonzalo
32,0.2,40,n3,qr,default,75,1e-07,,,,4,cuda,torch,400,8,,1.74092,0.0176265,3.85757,0.00769746,0.832284,0.00836528,2.91914,0.00804553,50,4.216,4.319,2026-08-01T02:21:40,9124b27,2.13.0+cu130,gonzalo
32,0.2,20,n3,qr,default,75,1e-07,,,,4,cuda,torch,400,8,,5.78951,0.0586409,3.85757,0.00769746,3.59035,0.0361216,2.91914,0.00804553,50,4.233,4.319,2026-08-01T02:21:40,9124b27,2.13.0+cu130,gonzalo
32,0.4,inf,n3,qr,default,75,1e-07,,,,4,cuda,torch,400,8,,2.95326,0.0288182,7.63011,0.0182317,1.65456,0.0162132,5.78325,0.0194967,50,4.224,4.319,2026-08-01T02:21:40,9124b27,2.13.0+cu130,gonzalo
32,0.4,40,n3,qr,default,75,1e-07,,,,4,cuda,torch,400,8,,2.66162,0.0266528,7.63011,0.0182317,1.25328,0.0124799,5.78325,0.0194967,50,4.222,4.319,2026-08-01T02:21:40,9124b27,2.13.0+cu130,gonzalo
32,0.4,20,n3,qr,default,75,1e-07,,,,4,cuda,torch,400,8,,5.36594,0.0549209,7.63011,0.0182317,3.08082,0.0309998,5.78325,0.0194967,50,4.227,4.319,2026-08-01T02:21:40,9124b27,2.13.0+cu130,gonzalo
32,0.8,inf,n3,qr,default,75,1e-07,,,,4,cuda,torch,400,8,,6.72474,0.0636865,14.9354,0.0484334,4.38687,0.0417644,11.3544,0.0525508,50,4.222,4.319,2026-08-01T02:21:40,9124b27,2.13.0+cu130,gonzalo
32,0.8,40,n3,qr,default,75,1e-07,,,,4,cuda,torch,400,8,,6.27305,0.0597777,14.9354,0.0484334,3.49794,0.0336368,11.3544,0.0525508,50,4.218,4.319,2026-08-01T02:21:40,9124b27,2.13.0+cu130,gonzalo
32,0.8,20,n3,qr,default,75,1e-07,,,,4,cuda,torch,400,8,,6.2651,0.0631307,14.9354,0.0484334,2.91844,0.0293464,11.3544,0.0525508,50,4.227,4.319,2026-08-01T02:21:40,9124b27,2.13.0+cu130,gonzalo
33,0.2,inf,n3,qr,default,75,1e-07,,,,4,cuda,torch,400,8,,1.77819,0.0180391,4.18554,0.00396929,0.761466,0.00764069,3.59227,0.00306178,50,4.226,4.319,2026-08-01T02:21:40,9124b27,2.13.0+cu130,gonzalo
33,0.2,40,n3,qr,default,75,1e-07,,,,4,cuda,torch,400,8,,2.81438,0.0287607,4.18554,0.00396929,1.38974,0.0139997,3.59227,0.00306178,50,4.252,4.319,2026-08-01T02:21:40,9124b27,2.13.0+cu130,gonzalo
33,0.2,20,n3,qr,default,75,1e-07,,,,4,cuda,torch,400,8,,7.21757,0.0734161,4.18554,0.00396929,4.37795,0.0441301,3.59227,0.00306178,50,4.254,4.319,2026-08-01T02:21:40,9124b27,2.13.0+cu130,gonzalo
33,0.4,inf,n3,qr,default,75,1e-07,,,,4,cuda,torch,400,8,,3.6723,0.0376862,8.27676,0.00862777,1.55444,0.0156712,7.12415,0.00698787,50,4.243,4.319,2026-08-01T02:21:40,9124b27,2.13.0+cu130,gonzalo
33,0.4,40,n3,qr,default,75,1e-07,,,,4,cuda,torch,400,8,,4.50004,0.0465975,8.27676,0.00862777,2.05257,0.0208169,7.12415,0.00698787,50,4.244,4.319,2026-08-01T02:21:40,9124b27,2.13.0+cu130,gonzalo
33,0.4,20,n3,qr,default,75,1e-07,,,,4,cuda,torch,400,8,,7.8558,0.0811346,8.27676,0.00862777,4.44357,0.0449299,7.12415,0.00698787,50,4.251,4.319,2026-08-01T02:21:40,9124b27,2.13.0+cu130,gonzalo
33,0.8,inf,n3,qr,default,75,1e-07,,,,4,cuda,torch,400,8,,7.68398,0.0804872,16.1857,0.0222432,3.34592,0.0341556,14.0094,0.019923,50,4.234,4.319,2026-08-01T02:21:40,9124b27,2.13.0+cu130,gonzalo
33,0.8,40,n3,qr,default,75,1e-07,,,,4,cuda,torch,400,8,,8.69219,0.0916746,16.1857,0.0222432,4.03482,0.0413402,14.0094,0.019923,50,4.229,4.319,2026-08-01T02:21:40,9124b27,2.13.0+cu130,gonzalo
33,0.8,20,n3,qr,default,75,1e-07,,,,4,cuda,torch,400,8,,10.481,0.110795,16.1857,0.0222432,5.46465,0.0558432,14.0094,0.019923,50,4.304,4.319,2026-08-01T02:21:40,9124b27,2.13.0+cu130,gonzalo
34,0.2,inf,n3,qr,default,75,1e-07,,,,4,cuda,torch,400,8,,1.78458,0.0180721,4.26157,0.00363443,0.820707,0.00821666,3.65604,0.00258226,50,4.316,4.319,2026-08-01T02:21:40,9124b27,2.13.0+cu130,gonzalo
34,0.2,40,n3,qr,default,75,1e-07,,,,4,cuda,torch,400,8,,2.606,0.0267005,4.26157,0.00363443,1.19453,0.012051,3.65604,0.00258226,50,4.341,4.319,2026-08-01T02:21:40,9124b27,2.13.0+cu130,gonzalo
34,0.2,20,n3,qr,default,75,1e-07,,,,4,cuda,torch,400,8,,6.93099,0.0704033,4.26157,0.00363443,4.16614,0.0419726,3.65604,0.00258226,50,4.301,4.319,2026-08-01T02:21:40,9124b27,2.13.0+cu130,gonzalo
34,0.4,inf,n3,qr,default,75,1e-07,,,,4,cuda,torch,400,8,,3.37007,0.0341632,8.45832,0.00805037,1.57449,0.01572,7.26207,0.00606404,50,4.335,4.319,2026-08-01T02:21:40,9124b27,2.13.0+cu130,gonzalo
34,0.4,40,n3,qr,default,75,1e-07,,,,4,cuda,torch,400,8,,3.97569,0.0410676,8.45832,0.00805037,1.78133,0.0180678,7.26207,0.00606404,50,4.374,4.319,2026-08-01T02:21:40,9124b27,2.13.0+cu130,gonzalo
34,0.4,20,n3,qr,default,75,1e-07,,,,4,cuda,torch,400,8,,7.08583,0.0729239,8.45832,0.00805037,3.96376,0.0399905,7.26207,0.00606404,50,4.33,4.319,2026-08-01T02:21:40,9124b27,2.13.0+cu130,gonzalo
34,0.8,inf,n3,qr,default,75,1e-07,,,,4,cuda,torch,400,8,,6.9751,0.0708041,16.66,0.0210272,3.48783,0.0346895,14.324,0.0173276,50,4.352,4.319,2026-08-01T02:21:40,9124b27,2.13.0+cu130,gonzalo
34,0.8,40,n3,qr,default,75,1e-07,,,,4,cuda,torch,400,8,,7.17109,0.0736456,16.66,0.0210272,3.44504,0.0346441,14.324,0.0173276,50,4.362,4.319,2026-08-01T02:21:40,9124b27,2.13.0+cu130,gonzalo
34,0.8,20,n3,qr,default,75,1e-07,,,,4,cuda,torch,400,8,,8.86001,0.0930284,16.66,0.0210272,4.45085,0.0454038,14.324,0.0173276,50,4.35,4.319,2026-08-01T02:21:40,9124b27,2.13.0+cu130,gonzalo
35,0.2,inf,n3,qr,default,75,1e-07,,,,4,cuda,torch,400,8,,1.55874,0.0155818,4.35394,0.00869767,0.645115,0.00644929,3.77532,0.00903084,50,4.414,4.319,2026-08-01T02:21:40,9124b27,2.13.0+cu130,gonzalo
35,0.2,40,n3,qr,default,75,1e-07,,,,4,cuda,torch,400,8,,2.1359,0.0217133,4.35394,0.00869767,1.08794,0.0109572,3.77532,0.00903084,50,4.328,4.319,2026-08-01T02:21:40,9124b27,2.13.0+cu130,gonzalo
35,0.2,20,n3,qr,default,75,1e-07,,,,4,cuda,torch,400,8,,6.75305,0.0683713,4.35394,0.00869767,4.27226,0.0430828,3.77532,0.00903084,50,4.358,4.319,2026-08-01T02:21:40,9124b27,2.13.0+cu130,gonzalo
35,0.4,inf,n3,qr,default,75,1e-07,,,,4,cuda,torch,400,8,,2.9994,0.0304912,8.73989,0.0202876,1.25584,0.0126636,7.57785,0.0210221,50,4.352,4.319,2026-08-01T02:21:40,9124b27,2.13.0+cu130,gonzalo
35,0.4,40,n3,qr,default,75,1e-07,,,,4,cuda,torch,400,8,,3.91977,0.0402816,8.73989,0.0202876,1.86903,0.0189314,7.57785,0.0210221,50,4.368,4.319,2026-08-01T02:21:40,9124b27,2.13.0+cu130,gonzalo
35,0.4,20,n3,qr,default,75,1e-07,,,,4,cuda,torch,400,8,,7.74866,0.0794861,8.73989,0.0202876,4.69053,0.047415,7.57785,0.0210221,50,4.33,4.319,2026-08-01T02:21:40,9124b27,2.13.0+cu130,gonzalo
35,0.8,inf,n3,qr,default,75,1e-07,,,,4,cuda,torch,400,8,,7.54862,0.0793125,17.6069,0.0548449,3.47094,0.0355805,15.263,0.0562895,50,4.38,4.319,2026-08-01T02:21:40,9124b27,2.13.0+cu130,gonzalo
35,0.8,40,n3,qr,default,75,1e-07,,,,4,cuda,torch,400,8,,8.4309,0.0888406,17.6069,0.0548449,4.13145,0.042344,15.263,0.0562895,50,4.334,4.319,2026-08-01T02:21:40,9124b27,2.13.0+cu130,gonzalo
35,0.8,20,n3,qr,default,75,1e-07,,,,4,cuda,torch,400,8,,9.9173,0.104357,17.6069,0.0548449,5.51249,0.0562428,15.263,0.0562895,50,4.343,4.319,2026-08-01T02:21:40,9124b27,2.13.0+cu130,gonzalo
36,0.2,inf,n3,qr,default,75,1e-07,,,,4,cuda,torch,400,8,,1.7523,0.0174958,4.79511,0.0036944,0.863549,0.00866305,4.08666,0.00296145,50,4.327,4.319,2026-08-01T02:21:40,9124b27,2.13.0+cu130,gonzalo
36,0.2,40,n3,qr,default,75,1e-07,,,,4,cuda,torch,400,8,,3.07119,0.0311892,4.79511,0.0036944,1.93977,0.0196715,4.08666,0.00296145,49,4.248,4.319,2026-08-01T02:21:40,9124b27,2.13.0+cu130,gonzalo
36,0.2,20,n3,qr,default,75,1e-07,,,,4,cuda,torch,400,8,,7.41958,0.0751063,4.79511,0.0036944,4.76712,0.0482944,4.08666,0.00296145,50,4.34,4.319,2026-08-01T02:21:40,9124b27,2.13.0+cu130,gonzalo
36,0.4,inf,n3,qr,default,75,1e-07,,,,4,cuda,torch,400,8,,4.17896,0.0425954,9.54161,0.00799077,2.38607,0.0242836,8.12703,0.00666619,50,4.319,4.319,2026-08-01T02:21:40,9124b27,2.13.0+cu130,gonzalo
36,0.4,40,n3,qr,default,75,1e-07,,,,4,cuda,torch,400,8,,5.55945,0.0570275,9.54161,0.00799077,3.43396,0.0350825,8.12703,0.00666619,49,4.243,4.319,2026-08-01T02:21:40,9124b27,2.13.0+cu130,gonzalo
36,0.4,20,n3,qr,default,75,1e-07,,,,4,cuda,torch,400,8,,7.74106,0.0789464,9.54161,0.00799077,4.91344,0.0499551,8.12703,0.00666619,50,4.41,4.319,2026-08-01T02:21:40,9124b27,2.13.0+cu130,gonzalo
36,0.8,inf,n3,qr,default,75,1e-07,,,,4,cuda,torch,400,8,,7.20735,0.0728603,18.878,0.0254174,3.86068,0.0394318,16.0661,0.0243799,50,4.36,4.319,2026-08-01T02:21:40,9124b27,2.13.0+cu130,gonzalo
36,0.8,40,n3,qr,default,75,1e-07,,,,4,cuda,torch,400,8,,7.78468,0.0791348,18.878,0.0254174,4.31422,0.0441538,16.0661,0.0243799,50,4.353,4.319,2026-08-01T02:21:40,9124b27,2.13.0+cu130,gonzalo
36,0.8,20,n3,qr,default,75,1e-07,,,,4,cuda,torch,400,8,,8.78926,0.0901773,18.878,0.0254174,5.19929,0.0532006,16.0661,0.0243799,50,4.34,4.319,2026-08-01T02:21:40,9124b27,2.13.0+cu130,gonzalo
37,0.2,inf,n3,qr,default,75,1e-07,,,,4,cuda,torch,400,8,,1.79189,0.0181062,4.56338,0.00350426,0.8792,0.00886707,3.91621,0.00210109,50,4.343,4.319,2026-08-01T02:21:40,9124b27,2.13.0+cu130,gonzalo
37,0.2,40,n3,qr,default,75,1e-07,,,,4,cuda,torch,400,8,,3.45123,0.0350799,4.56338,0.00350426,2.12157,0.0214731,3.91621,0.00210109,50,4.346,4.319,2026-08-01T02:21:40,9124b27,2.13.0+cu130,gonzalo
37,0.2,20,n3,qr,default,75,1e-07,,,,4,cuda,torch,400,8,,7.63192,0.0769759,4.56338,0.00350426,4.79695,0.0484715,3.91621,0.00210109,50,4.353,4.319,2026-08-01T02:21:40,9124b27,2.13.0+cu130,gonzalo
37,0.4,inf,n3,qr,default,75,1e-07,,,,4,cuda,torch,400,8,,4.61245,0.0472374,9.08809,0.00746009,2.34,0.0237803,7.81297,0.00509427,50,4.404,4.319,2026-08-01T02:21:40,9124b27,2.13.0+cu130,gonzalo
37,0.4,40,n3,qr,default,75,1e-07,,,,4,cuda,torch,400,8,,5.60479,0.0574163,9.08809,0.00746009,3.17836,0.0323233,7.81297,0.00509427,50,4.343,4.319,2026-08-01T02:21:40,9124b27,2.13.0+cu130,gonzalo
37,0.4,20,n3,qr,default,75,1e-07,,,,4,cuda,torch,400,8,,8.38512,0.0850478,9.08809,0.00746009,5.15733,0.0522136,7.81297,0.00509427,50,4.351,4.319,2026-08-01T02:21:40,9124b27,2.13.0+cu130,gonzalo
37,0.8,inf,n3,qr,default,75,1e-07,,,,4,cuda,torch,400,8,,7.83176,0.0797065,18.0083,0.0188599,3.67337,0.0373916,15.5413,0.0161456,50,4.295,4.319,2026-08-01T02:21:40,9124b27,2.13.0+cu130,gonzalo
37,0.8,40,n3,qr,default,75,1e-07,,,,4,cuda,torch,400,8,,8.58909,0.0880303,18.0083,0.0188599,4.27898,0.0436983,15.5413,0.0161456,50,4.241,4.319,2026-08-01T02:21:40,9124b27,2.13.0+cu130,gonzalo
37,0.8,20,n3,qr,default,75,1e-07,,,,4,cuda,torch,400,8,,9.81264,0.101408,18.0083,0.0188599,5.4922,0.0561345,15.5413,0.0161456,50,4.233,4.319,2026-08-01T02:21:40,9124b27,2.13.0+cu130,gonzalo
38,0.2,inf,n3,qr,default,75,1e-07,,,,4,cuda,torch,400,8,,1.92055,0.0196343,3.656,0.00387088,0.813155,0.0081832,3.02932,0.00307665,50,4.273,4.319,2026-08-01T02:21:40,9124b27,2.13.0+cu130,gonzalo
38,0.2,40,n3,qr,default,75,1e-07,,,,4,cuda,torch,400,8,,3.04571,0.0311331,3.656,0.00387088,1.56112,0.0157324,3.02932,0.00307665,50,4.222,4.319,2026-08-01T02:21:40,9124b27,2.13.0+cu130,gonzalo
38,0.2,20,n3,qr,default,75,1e-07,,,,4,cuda,torch,400,8,,7.65088,0.0776829,3.656,0.00387088,4.68703,0.0473103,3.02932,0.00307665,50,4.231,4.319,2026-08-01T02:21:40,9124b27,2.13.0+cu130,gonzalo
38,0.4,inf,n3,qr,default,75,1e-07,,,,4,cuda,torch,400,8,,3.37029,0.0347858,7.36944,0.00747703,1.47217,0.0148493,6.0864,0.0051858,50,4.324,4.319,2026-08-01T02:21:40,9124b27,2.13.0+cu130,gonzalo
38,0.4,40,n3,qr,default,75,1e-07,,,,4,cuda,torch,400,8,,4.48392,0.0463843,7.36944,0.00747703,2.19421,0.0222058,6.0864,0.0051858,50,4.321,4.319,2026-08-01T02:21:40,9124b27,2.13.0+cu130,gonzalo
38,0.4,20,n3,qr,default,75,1e-07,,,,4,cuda,torch,400,8,,8.84165,0.0905423,7.36944,0.00747703,5.2723,0.0532328,6.0864,0.0051858,50,4.233,4.319,2026-08-01T02:21:40,9124b27,2.13.0+cu130,gonzalo
38,0.8,inf,n3,qr,default,75,1e-07,,,,4,cuda,torch,400,8,,6.70078,0.0706748,14.9954,0.0226606,3.04372,0.0310472,12.2935,0.0203505,50,4.224,4.319,2026-08-01T02:21:40,9124b27,2.13.0+cu130,gonzalo
38,0.8,40,n3,qr,default,75,1e-07,,,,4,cuda,torch,400,8,,8.27089,0.0872824,14.9954,0.0226606,4.17836,0.0426179,12.2935,0.0203505,50,4.229,4.319,2026-08-01T02:21:40,9124b27,2.13.0+cu130,gonzalo
38,0.8,20,n3,qr,default,75,1e-07,,,,4,cuda,torch,400,8,,10.7198,0.112215,14.9954,0.0226606,6.1109,0.0619551,12.2935,0.0203505,50,4.228,4.319,2026-08-01T02:21:40,9124b27,2.13.0+cu130,gonzalo
39,0.2,inf,n3,qr,default,75,1e-07,,,,4,cuda,torch,400,8,,2.26312,0.0228643,4.41665,0.00430162,1.02721,0.0103546,3.70136,0.00328311,50,4.226,4.319,2026-08-01T02:21:40,9124b27,2.13.0+cu130,gonzalo
39,0.2,40,n3,qr,default,75,1e-07,,,,4,cuda,torch,400,8,,3.09681,0.0314312,4.41665,0.00430162,2.04256,0.0207137,3.70136,0.00328311,50,4.217,4.319,2026-08-01T02:21:40,9124b27,2.13.0+cu130,gonzalo
39,0.2,20,n3,qr,default,75,1e-07,,,,4,cuda,torch,400,8,,7.57644,0.07609,4.41665,0.00430162,4.93446,0.0499208,3.70136,0.00328311,50,4.233,4.319,2026-08-01T02:21:40,9124b27,2.13.0+cu130,gonzalo
39,0.4,inf,n3,qr,default,75,1e-07,,,,4,cuda,torch,400,8,,3.86051,0.0388766,8.78367,0.00929594,2.057,0.0208627,7.37835,0.00779028,50,4.215,4.319,2026-08-01T02:21:40,9124b27,2.13.0+cu130,gonzalo
39,0.4,40,n3,qr,default,75,1e-07,,,,4,cuda,torch,400,8,,4.70345,0.0476489,8.78367,0.00929594,2.99507,0.0305504,7.37835,0.00779028,50,4.255,4.319,2026-08-01T02:21:40,9124b27,2.13.0+cu130,gonzalo
39,0.4,20,n3,qr,default,75,1e-07,,,,4,cuda,torch,400,8,,7.62826,0.07683,8.78367,0.00929594,5.00289,0.0507899,7.37835,0.00779028,50,4.285,4.319,2026-08-01T02:21:40,9124b27,2.13.0+cu130,gonzalo
39,0.8,inf,n3,qr,default,75,1e-07,,,,4,cuda,torch,400,8,,7.34704,0.0732754,17.3703,0.0221732,3.88308,0.0396191,14.6581,0.0207595,50,4.191,4.319,2026-08-01T02:21:40,9124b27,2.13.0+cu130,gonzalo
39,0.8,40,n3,qr,default,75,1e-07,,,,4,cuda,torch,400,8,,8.05489,0.0813579,17.3703,0.0221732,4.45632,0.045652,14.6581,0.0207595,50,4.196,4.319,2026-08-01T02:21:40,9124b27,2.13.0+cu130,gonzalo
39,0.8,20,n3,qr,default,75,1e-07,,,,4,cuda,torch,400,8,,9.21664,0.0937386,17.3703,0.0221732,5.50823,0.0563251,14.6581,0.0207595,50,4.2,4.319,2026-08-01T02:21:40,9124b27,2.13.0+cu130,gonzalo
40,0.2,inf,n3,qr,default,75,1e-07,,,,4,cuda,torch,400,8,,1.88988,0.0191683,4.3436,0.00209822,0.808474,0.00811787,3.81288,0.00165616,50,4.191,4.319,2026-08-01T02:21:40,9124b27,2.13.0+cu130,gonzalo
40,0.2,40,n3,qr,default,75,1e-07,,,,4,cuda,torch,400,8,,3.03807,0.0310828,4.3436,0.00209822,1.42764,0.0143985,3.81288,0.00165616,50,4.19,4.319,2026-08-01T02:21:40,9124b27,2.13.0+cu130,gonzalo
40,0.2,20,n3,qr,default,75,1e-07,,,,4,cuda,torch,400,8,,7.40982,0.0753647,4.3436,0.00209822,4.42278,0.0445722,3.81288,0.00165616,50,4.197,4.319,2026-08-01T02:21:40,9124b27,2.13.0+cu130,gonzalo
40,0.4,inf,n3,qr,default,75,1e-07,,,,4,cuda,torch,400,8,,4.07879,0.0420484,8.67211,0.0047098,1.71729,0.0173669,7.62176,0.00389977,50,4.197,4.319,2026-08-01T02:21:40,9124b27,2.13.0+cu130,gonzalo
40,0.4,40,n3,qr,default,75,1e-07,,,,4,cuda,torch,400,8,,4.94864,0.0515033,8.67211,0.0047098,2.17779,0.0221439,7.62176,0.00389977,50,4.197,4.319,2026-08-01T02:21:40,9124b27,2.13.0+cu130,gonzalo
40,0.4,20,n3,qr,default,75,1e-07,,,,4,cuda,torch,400,8,,8.5496,0.0883162,8.67211,0.0047098,4.80688,0.0485532,7.62176,0.00389977,50,4.205,4.319,2026-08-01T02:21:40,9124b27,2.13.0+cu130,gonzalo
40,0.8,inf,n3,qr,default,75,1e-07,,,,4,cuda,torch,400,8,,8.32028,0.087965,17.2847,0.0123412,3.62089,0.0371531,15.2236,0.0110395,50,4.195,4.319,2026-08-01T02:21:40,9124b27,2.13.0+cu130,gonzalo
40,0.8,40,n3,qr,default,75,1e-07,,,,4,cuda,torch,400,8,,9.15655,0.0973143,17.2847,0.0123412,4.21517,0.0433469,15.2236,0.0110395,50,4.193,4.319,2026-08-01T02:21:40,9124b27,2.13.0+cu130,gonzalo
40,0.8,20,n3,qr,default,75,1e-07,,,,4,cuda,torch,400,8,,10.6654,0.112872,17.2847,0.0123412,5.51694,0.0563245,15.2236,0.0110395,50,4.201,4.319,2026-08-01T02:21:40,9124b27,2.13.0+cu130,gonzalo
41,0.2,inf,n3,qr,default,75,1e-07,,,,4,cuda,torch,400,8,,1.56119,0.0158791,4.45575,0.00261584,0.65208,0.00655949,3.84915,0.00222962,50,4.193,4.319,2026-08-01T02:21:40,9124b27,2.13.0+cu130,gonzalo
41,0.2,40,n3,qr,default,75,1e-07,,,,4,cuda,torch,400,8,,2.94464,0.0300322,4.45575,0.00261584,1.6304,0.0164492,3.84915,0.00222962,50,4.194,4.319,2026-08-01T02:21:40,9124b27,2.13.0+cu130,gonzalo
41,0.2,20,n3,qr,default,75,1e-07,,,,4,cuda,torch,400,8,,7.1679,0.0727752,4.45575,0.00261584,4.50581,0.0455174,3.84915,0.00222962,50,4.193,4.319,2026-08-01T02:21:40,9124b27,2.13.0+cu130,gonzalo
41,0.4,inf,n3,qr,default,75,1e-07,,,,4,cuda,torch,400,8,,3.70547,0.0381868,8.94923,0.00508371,1.68223,0.0170386,7.71337,0.00428663,50,4.197,4.319,2026-08-01T02:21:40,9124b27,2.13.0+cu130,gonzalo
41,0.4,40,n3,qr,default,75,1e-07,,,,4,cuda,torch,400,8,,5.21101,0.0536411,8.94923,0.00508371,2.84693,0.0288923,7.71337,0.00428663,50,4.197,4.319,2026-08-01T02:21:40,9124b27,2.13.0+cu130,gonzalo
41,0.4,20,n3,qr,default,75,1e-07,,,,4,cuda,torch,400,8,,7.79909,0.0797856,8.94923,0.00508371,4.75291,0.0481291,7.71337,0.00428663,50,4.193,4.319,2026-08-01T02:21:40,9124b27,2.13.0+cu130,gonzalo
41,0.8,inf,n3,qr,default,75,1e-07,,,,4,cuda,torch,400,8,,7.01056,0.0730847,18.0516,0.0109207,3.45581,0.0352807,15.488,0.00936781,50,4.3,4.319,2026-08-01T02:21:40,9124b27,2.13.0+cu130,gonzalo
41,0.8,40,n3,qr,default,75,1e-07,,,,4,cuda,torch,400,8,,7.80349,0.0814958,18.0516,0.0109207,4.10913,0.0419959,15.488,0.00936781,50,4.363,4.319,2026-08-01T02:21:40,9124b27,2.13.0+cu130,gonzalo
41,0.8,20,n3,qr,default,75,1e-07,,,,4,cuda,torch,400,8,,9.11306,0.0951279,18.0516,0.0109207,5.22474,0.0532946,15.488,0.00936781,50,4.28,4.319,2026-08-01T02:21:40,9124b27,2.13.0+cu130,gonzalo
42,0.2,inf,n3,qr,default,75,1e-07,,,,4,cuda,torch,400,8,,1.9954,0.0202611,4.4968,0.00391422,0.813517,0.00819426,3.9526,0.00322913,50,4.379,4.319,2026-08-01T02:21:40,9124b27,2.13.0+cu130,gonzalo
42,0.2,40,n3,qr,default,75,1e-07,,,,4,cuda,torch,400,8,,3.32983,0.0339347,4.4968,0.00391422,1.79532,0.0181117,3.9526,0.00322913,50,4.314,4.319,2026-08-01T02:21:40,9124b27,2.13.0+cu130,gonzalo
42,0.2,20,n3,qr,default,75,1e-07,,,,4,cuda,torch,400,8,,7.88422,0.0797289,4.4968,0.00391422,4.90491,0.0494741,3.9526,0.00322913,50,4.358,4.319,2026-08-01T02:21:40,9124b27,2.13.0+cu130,gonzalo
42,0.4,inf,n3,qr,default,75,1e-07,,,,4,cuda,torch,400,8,,5.07227,0.0524169,9.02058,0.00801147,2.37142,0.0240989,7.9398,0.00625831,50,4.243,4.319,2026-08-01T02:21:40,9124b27,2.13.0+cu130,gonzalo
42,0.4,40,n3,qr,default,75,1e-07,,,,4,cuda,torch,400,8,,6.31611,0.0652249,9.02058,0.00801147,3.34479,0.0339431,7.9398,0.00625831,50,4.241,4.319,2026-08-01T02:21:40,9124b27,2.13.0+cu130,gonzalo
42,0.4,20,n3,qr,default,75,1e-07,,,,4,cuda,torch,400,8,,8.85393,0.0907712,9.02058,0.00801147,5.27303,0.0533113,7.9398,0.00625831,50,4.284,4.319,2026-08-01T02:21:40,9124b27,2.13.0+cu130,gonzalo
42,0.8,inf,n3,qr,default,75,1e-07,,,,4,cuda,torch,400,8,,9.26348,0.0976776,18.1535,0.0182566,4.60488,0.0471915,16.0246,0.0136784,50,4.459,4.319,2026-08-01T02:21:40,9124b27,2.13.0+cu130,gonzalo
42,0.8,40,n3,qr,default,75,1e-07,,,,4,cuda,torch,400,8,,10.0482,0.105967,18.1535,0.0182566,5.21956,0.0534681,16.0246,0.0136784,50,4.417,4.319,2026-08-01T02:21:40,9124b27,2.13.0+cu130,gonzalo
42,0.8,20,n3,qr,default,75,1e-07,,,,4,cuda,torch,400,8,,10.6662,0.112178,18.1535,0.0182566,5.96514,0.0609532,16.0246,0.0136784,50,4.43,4.319,2026-08-01T02:21:40,9124b27,2.13.0+cu130,gonzalo
43,0.2,inf,n3,qr,default,75,1e-07,,,,4,cuda,torch,400,8,,1.81701,0.0184564,3.785,0.003126,0.809443,0.00814322,2.91869,0.00254605,50,4.339,4.319,2026-08-01T02:21:40,9124b27,2.13.0+cu130,gonzalo
43,0.2,40,n3,qr,default,75,1e-07,,,,4,cuda,torch,400,8,,3.3553,0.0342631,3.785,0.003126,1.79421,0.0181419,2.91869,0.00254605,50,4.421,4.319,2026-08-01T02:21:40,9124b27,2.13.0+cu130,gonzalo
43,0.2,20,n3,qr,default,75,1e-07,,,,4,cuda,torch,400,8,,8.02082,0.0814607,3.785,0.003126,4.86504,0.0491717,2.91869,0.00254605,50,4.427,4.319,2026-08-01T02:21:40,9124b27,2.13.0+cu130,gonzalo
43,0.4,inf,n3,qr,default,75,1e-07,,,,4,cuda,torch,400,8,,3.62264,0.037196,7.56247,0.00624932,1.6342,0.0165252,5.82068,0.00426351,50,4.39,4.319,2026-08-01T02:21:40,9124b27,2.13.0+cu130,gonzalo
43,0.4,40,n3,qr,default,75,1e-07,,,,4,cuda,torch,400,8,,5.39459,0.0556441,7.56247,0.00624932,2.81568,0.0286041,5.82068,0.00426351,50,4.346,4.319,2026-08-01T02:21:40,9124b27,2.13.0+cu130,gonzalo
43,0.4,20,n3,qr,default,75,1e-07,,,,4,cuda,torch,400,8,,9.34443,0.0955618,7.56247,0.00624932,5.51163,0.055757,5.82068,0.00426351,50,4.497,4.319,2026-08-01T02:21:40,9124b27,2.13.0+cu130,gonzalo
43,0.8,inf,n3,qr,default,75,1e-07,,,,4,cuda,torch,400,8,,7.19707,0.0751329,15.105,0.0168554,3.3485,0.0341704,11.5793,0.0115866,50,4.453,4.319,2026-08-01T02:21:40,9124b27,2.13.0+cu130,gonzalo
43,0.8,40,n3,qr,default,75,1e-07,,,,4,cuda,torch,400,8,,8.4306,0.0883001,15.105,0.0168554,4.22883,0.0432927,11.5793,0.0115866,50,4.402,4.319,2026-08-01T02:21:40,9124b27,2.13.0+cu130,gonzalo
43,0.8,20,n3,qr,default,75,1e-07,,,,4,cuda,torch,400,8,,10.6552,0.111456,15.105,0.0168554,5.90116,0.0601397,11.5793,0.0115866,50,4.36,4.319,2026-08-01T02:21:40,9124b27,2.13.0+cu130,gonzalo
44,0.2,inf,n3,qr,default,75,1e-07,,,,4,cuda,torch,400,8,,1.47032,0.0148325,4.50777,0.00132028,0.601726,0.00602759,3.37794,0.000813472,50,4.46,4.319,2026-08-01T02:21:40,9124b27,2.13.0+cu130,gonzalo
44,0.2,40,n3,qr,default,75,1e-07,,,,4,cuda,torch,400,8,,2.5371,0.0258204,4.50777,0.00132028,1.31177,0.0132185,3.37794,0.000813472,50,4.524,4.319,2026-08-01T02:21:40,9124b27,2.13.0+cu130,gonzalo
44,0.2,20,n3,qr,default,75,1e-07,,,,4,cuda,torch,400,8,,6.88767,0.0701206,4.50777,0.00132028,4.30238,0.0434923,3.37794,0.000813472,50,4.44,4.319,2026-08-01T02:21:40,9124b27,2.13.0+cu130,gonzalo
44,0.4,inf,n3,qr,default,75,1e-07,,,,4,cuda,torch,400,8,,2.92451,0.0296614,8.95706,0.00298618,1.19665,0.0120181,6.73641,0.00193499,50,4.581,4.319,2026-08-01T02:21:40,9124b27,2.13.0+cu130,gonzalo
44,0.4,40,n3,qr,default,75,1e-07,,,,4,cuda,torch,400,8,,3.87686,0.0397854,8.95706,0.00298618,1.85181,0.0187351,6.73641,0.00193499,50,4.479,4.319,2026-08-01T02:21:40,9124b27,2.13.0+cu130,gonzalo
44,0.4,20,n3,qr,default,75,1e-07,,,,4,cuda,torch,400,8,,7.22632,0.0743514,8.95706,0.00298618,4.36423,0.0442106,6.73641,0.00193499,50,4.429,4.319,2026-08-01T02:21:40,9124b27,2.13.0+cu130,gonzalo
44,0.8,inf,n3,qr,default,75,1e-07,,,,4,cuda,torch,400,8,,6.80173,0.0687524,17.6807,0.00903249,2.75287,0.027748,13.3939,0.00741987,50,4.423,4.319,2026-08-01T02:21:40,9124b27,2.13.0+cu130,gonzalo
44,0.8,40,n3,qr,default,75,1e-07,,,,4,cuda,torch,400,8,,7.46925,0.0764978,17.6807,0.00903249,3.3783,0.0343118,13.3939,0.00741987,50,4.435,4.319,2026-08-01T02:21:40,9124b27,2.13.0+cu130,gonzalo
44,0.8,20,n3,qr,default,75,1e-07,,,,4,cuda,torch,400,8,,9.08651,0.0948604,17.6807,0.00903249,4.86191,0.0495568,13.3939,0.00741987,50,4.501,4.319,2026-08-01T02:21:40,9124b27,2.13.0+cu130,gonzalo
45,0.2,inf,n3,qr,default,75,1e-07,,,,4,cuda,torch,400,8,,2.37491,0.0240495,4.04669,0.0063691,1.27221,0.0128368,2.64661,0.00459715,50,4.599,4.319,2026-08-01T02:21:40,9124b27,2.13.0+cu130,gonzalo
45,0.2,40,n3,qr,default,75,1e-07,,,,4,cuda,torch,400,8,,4.31029,0.0436222,4.04669,0.0063691,2.62913,0.0266496,2.64661,0.00459715,50,4.448,4.319,2026-08-01T02:21:40,9124b27,2.13.0+cu130,gonzalo
45,0.2,20,n3,qr,default,75,1e-07,,,,4,cuda,torch,400,8,,8.38193,0.0845482,4.04669,0.0063691,5.22226,0.0528424,2.64661,0.00459715,50,4.428,4.319,2026-08-01T02:21:40,9124b27,2.13.0+cu130,gonzalo
45,0.4,inf,n3,qr,default,75,1e-07,,,,4,cuda,torch,400,8,,4.58455,0.046529,8.24789,0.0168787,2.62396,0.0266541,5.37812,0.0148678,50,4.476,4.319,2026-08-01T02:21:40,9124b27,2.13.0+cu130,gonzalo
45,0.4,40,n3,qr,default,75,1e-07,,,,4,cuda,torch,400,8,,6.3752,0.0646495,8.24789,0.0168787,3.80016,0.0386787,5.37812,0.0148678,50,4.51,4.319,2026-08-01T02:21:40,9124b27,2.13.0+cu130,gonzalo
45,0.4,20,n3,qr,default,75,1e-07,,,,4,cuda,torch,400,8,,9.92456,0.100178,8.24789,0.0168787,5.98285,0.0605943,5.37812,0.0148678,50,4.435,4.319,2026-08-01T02:21:40,9124b27,2.13.0+cu130,gonzalo
45,0.8,inf,n3,qr,default,75,1e-07,,,,4,cuda,torch,400,8,,8.47666,0.0863776,17.147,0.0882447,4.53523,0.046256,11.1144,0.0981605,50,4.343,4.319,2026-08-01T02:21:40,9124b27,2.13.0+cu130,gonzalo
45,0.8,40,n3,qr,default,75,1e-07,,,,4,cuda,torch,400,8,,10.2169,0.104241,17.147,0.0882447,5.57767,0.0568929,11.1144,0.0981605,50,4.502,4.319,2026-08-01T02:21:40,9124b27,2.13.0+cu130,gonzalo
45,0.8,20,n3,qr,default,75,1e-07,,,,4,cuda,torch,400,8,,12.1259,0.123418,17.147,0.0882447,6.90911,0.0701338,11.1144,0.0981605,50,4.36,4.319,2026-08-01T02:21:40,9124b27,2.13.0+cu130,gonzalo
46,0.2,inf,n3,qr,default,75,1e-07,,,,4,cuda,torch,400,8,,2.22237,0.0220597,4.3072,0.00275237,1.00937,0.0101072,3.68074,0.00243744,50,4.374,4.319,2026-08-01T02:21:40,9124b27,2.13.0+cu130,gonzalo
46,0.2,40,n3,qr,default,75,1e-07,,,,4,cuda,torch,400,8,,2.9498,0.0299776,4.3072,0.00275237,1.9851,0.0201441,3.68074,0.00243744,49,4.22,4.319,2026-08-01T02:21:40,9124b27,2.13.0+cu130,gonzalo
46,0.2,20,n3,qr,default,75,1e-07,,,,4,cuda,torch,400,8,,6.84784,0.0688504,4.3072,0.00275237,4.55744,0.0461702,3.68074,0.00243744,50,4.415,4.319,2026-08-01T02:21:40,9124b27,2.13.0+cu130,gonzalo
46,0.4,inf,n3,qr,default,75,1e-07,,,,4,cuda,torch,400,8,,3.88165,0.0389416,8.61703,0.00623034,2.10504,0.0213744,7.38038,0.00589358,50,4.455,4.319,2026-08-01T02:21:40,9124b27,2.13.0+cu130,gonzalo
46,0.4,40,n3,qr,default,75,1e-07,,,,4,cuda,torch,400,8,,4.29336,0.0436791,8.61703,0.00623034,2.85526,0.0292261,7.38038,0.00589358,50,4.406,4.319,2026-08-01T02:21:40,9124b27,2.13.0+cu130,gonzalo
46,0.4,20,n3,qr,default,75,1e-07,,,,4,cuda,torch,400,8,,6.89918,0.069479,8.61703,0.00623034,4.70976,0.0478986,7.38038,0.00589358,50,4.409,4.319,2026-08-01T02:21:40,9124b27,2.13.0+cu130,gonzalo
46,0.8,inf,n3,qr,default,75,1e-07,,,,4,cuda,torch,400,8,,6.48985,0.0644813,17.2483,0.0149582,3.51094,0.0359395,14.8374,0.014944,50,4.32,4.319,2026-08-01T02:21:40,9124b27,2.13.0+cu130,gonzalo
46,0.8,40,n3,qr,default,75,1e-07,,,,4,cuda,torch,400,8,,6.83267,0.0688558,17.2483,0.0149582,3.96062,0.0407827,14.8374,0.014944,50,4.418,4.319,2026-08-01T02:21:40,9124b27,2.13.0+cu130,gonzalo
46,0.8,20,n3,qr,default,75,1e-07,,,,4,cuda,torch,400,8,,7.98662,0.0814372,17.2483,0.0149582,5.0698,0.0521719,14.8374,0.014944,50,4.483,4.319,2026-08-01T02:21:40,9124b27,2.13.0+cu130,gonzalo
47,0.2,inf,n3,qr,default,75,1e-07,,,,4,cuda,torch,400,8,,2.15989,0.0219956,4.72858,0.00197282,0.853727,0.00861168,4.12257,0.00177876,50,4.464,4.319,2026-08-01T02:21:40,9124b27,2.13.0+cu130,gonzalo
47,0.2,40,n3,qr,default,75,1e-07,,,,4,cuda,torch,400,8,,3.29627,0.0337113,4.72858,0.00197282,1.60669,0.0162153,4.12257,0.00177876,50,4.472,4.319,2026-08-01T02:21:40,9124b27,2.13.0+cu130,gonzalo
47,0.2,20,n3,qr,default,75,1e-07,,,,4,cuda,torch,400,8,,7.63445,0.0774332,4.72858,0.00197282,4.63649,0.0467518,4.12257,0.00177876,50,4.39,4.319,2026-08-01T02:21:40,9124b27,2.13.0+cu130,gonzalo
47,0.4,inf,n3,qr,default,75,1e-07,,,,4,cuda,torch,400,8,,4.90788,0.0509257,9.44689,0.00431821,2.07052,0.0210993,8.26273,0.00405887,50,4.405,4.319,2026-08-01T02:21:40,9124b27,2.13.0+cu130,gonzalo
47,0.4,40,n3,qr,default,75,1e-07,,,,4,cuda,torch,400,8,,6.01038,0.0623753,9.44689,0.00431821,2.86727,0.0291407,8.26273,0.00405887,50,4.385,4.319,2026-08-01T02:21:40,9124b27,2.13.0+cu130,gonzalo
47,0.4,20,n3,qr,default,75,1e-07,,,,4,cuda,torch,400,8,,8.70681,0.089577,9.44689,0.00431821,4.95332,0.0500333,8.26273,0.00405887,50,4.337,4.319,2026-08-01T02:21:40,9124b27,2.13.0+cu130,gonzalo
47,0.8,inf,n3,qr,default,75,1e-07,,,,4,cuda,torch,400,8,,10.0469,0.106658,18.8436,0.0104026,4.6984,0.048312,16.5911,0.0102983,50,4.344,4.319,2026-08-01T02:21:40,9124b27,2.13.0+cu130,gonzalo
47,0.8,40,n3,qr,default,75,1e-07,,,,4,cuda,torch,400,8,,10.5846,0.112304,18.8436,0.0104026,5.10683,0.052462,16.5911,0.0102983,50,4.224,4.319,2026-08-01T02:21:40,9124b27,2.13.0+cu130,gonzalo
47,0.8,20,n3,qr,default,75,1e-07,,,,4,cuda,torch,400,8,,11.1634,0.118017,18.8436,0.0104026,5.80729,0.0594316,16.5911,0.0102983,50,4.215,4.319,2026-08-01T02:21:40,9124b27,2.13.0+cu130,gonzalo
48,0.2,inf,n3,qr,default,75,1e-07,,,,4,cuda,torch,400,8,,0.865239,0.00866895,4.07237,0.00147086,0.367124,0.00367153,3.16706,0.000992605,50,4.219,4.319,2026-08-01T02:21:40,9124b27,2.13.0+cu130,gonzalo
48,0.2,40,n3,qr,default,75,1e-07,,,,4,cuda,torch,400,8,,2.24282,0.0226839,4.07237,0.00147086,1.33972,0.0134861,3.16706,0.000992605,50,4.185,4.319,2026-08-01T02:21:40,9124b27,2.13.0+cu130,gonzalo
48,0.2,20,n3,qr,default,75,1e-07,,,,4,cuda,torch,400,8,,6.65889,0.0672075,4.07237,0.00147086,4.32058,0.0435723,3.16706,0.000992605,50,4.19,4.319,2026-08-01T02:21:40,9124b27,2.13.0+cu130,gonzalo
48,0.4,inf,n3,qr,default,75,1e-07,,,,4,cuda,torch,400,8,,2.40867,0.0245335,8.13322,0.00355238,1.08221,0.0109319,6.32722,0.00272656,50,4.187,4.319,2026-08-01T02:21:40,9124b27,2.13.0+cu130,gonzalo
48,0.4,40,n3,qr,default,75,1e-07,,,,4,cuda,torch,400,8,,3.80475,0.0388996,8.13322,0.00355238,2.07279,0.0209832,6.32722,0.00272656,50,4.186,4.319,2026-08-01T02:21:40,9124b27,2.13.0+cu130,gonzalo
48,0.4,20,n3,qr,default,75,1e-07,,,,4,cuda,torch,400,8,,7.73058,0.0785323,8.13322,0.00355238,4.85371,0.0489856,6.32722,0.00272656,50,4.195,4.319,2026-08-01T02:21:40,9124b27,2.13.0+cu130,gonzalo
48,0.8,inf,n3,qr,default,75,1e-07,,,,4,cuda,torch,400,8,,6.27594,0.0649422,16.2274,0.0111524,2.9093,0.0297019,12.6273,0.00987981,50,4.189,4.319,2026-08-01T02:21:40,9124b27,2.13.0+cu130,gonzalo
48,0.8,40,n3,qr,default,75,1e-07,,,,4,cuda,torch,400,8,,7.40888,0.0770917,16.2274,0.0111524,3.76493,0.0384745,12.6273,0.00987981,50,4.19,4.319,2026-08-01T02:21:40,9124b27,2.13.0+cu130,gonzalo
48,0.8,20,n3,qr,default,75,1e-07,,,,4,cuda,torch,400,8,,9.33797,0.0971922,16.2274,0.0111524,5.34491,0.0543836,12.6273,0.00987981,50,4.198,4.319,2026-08-01T02:21:40,9124b27,2.13.0+cu130,gonzalo
49,0.2,inf,n3,qr,default,75,1e-07,,,,4,cuda,torch,400,8,,1.62024,0.016535,3.88045,0.00343063,0.885085,0.00895473,2.94913,0.0026433,50,4.188,4.319,2026-08-01T02:21:40,9124b27,2.13.0+cu130,gonzalo
49,0.2,40,n3,qr,default,75,1e-07,,,,4,cuda,torch,400,8,,3.02353,0.030648,3.88045,0.00343063,2.00948,0.0203671,2.94913,0.0026433,50,4.172,4.319,2026-08-01T02:21:40,9124b27,2.13.0+cu130,gonzalo
49,0.2,20,n3,qr,default,75,1e-07,,,,4,cuda,torch,400,8,,7.4621,0.0752036,3.88045,0.00343063,4.84176,0.0490255,2.94913,0.0026433,50,4.194,4.319,2026-08-01T02:21:40,9124b27,2.13.0+cu130,gonzalo
49,0.4,inf,n3,qr,default,75,1e-07,,,,4,cuda,torch,400,8,,3.09106,0.0316514,7.95542,0.0063492,2.03321,0.0207687,6.01722,0.00406846,50,4.201,4.319,2026-08-01T02:21:40,9124b27,2.13.0+cu130,gonzalo
49,0.4,40,n3,qr,default,75,1e-07,,,,4,cuda,torch,400,8,,4.2575,0.0432511,7.95542,0.0063492,2.89677,0.0295814,6.01722,0.00406846,50,4.213,4.319,2026-08-01T02:21:40,9124b27,2.13.0+cu130,gonzalo
49,0.4,20,n3,qr,default,75,1e-07,,,,4,cuda,torch,400,8,,8.12157,0.0817405,7.95542,0.0063492,5.24495,0.0532204,6.01722,0.00406846,50,4.217,4.319,2026-08-01T02:21:40,9124b27,2.13.0+cu130,gonzalo
49,0.8,inf,n3,qr,default,75,1e-07,,,,4,cuda,torch,400,8,,4.8151,0.0493401,16.736,0.0223604,3.11035,0.0320739,12.5314,0.0212916,50,4.162,4.319,2026-08-01T02:21:40,9124b27,2.13.0+cu130,gonzalo
49,0.8,40,n3,qr,default,75,1e-07,,,,4,cuda,torch,400,8,,5.8455,0.0597035,16.736,0.0223604,3.75932,0.0386803,12.5314,0.0212916,50,4.168,4.319,2026-08-01T02:21:40,9124b27,2.13.0+cu130,gonzalo
49,0.8,20,n3,qr,default,75,1e-07,,,,4,cuda,torch,400,8,,8.77181,0.0887312,16.736,0.0223604,5.49733,0.0561014,12.5314,0.0212916,50,4.177,4.319,2026-08-01T02:21:40,9124b27,2.13.0+cu130,gonzalo
50,0.2,inf,n3,qr,default,75,1e-07,,,,4,cuda,torch,400,8,,1.59374,0.0157548,4.0376,0.00252961,0.687607,0.00685159,3.21733,0.00224777,50,4.213,4.319,2026-08-01T02:21:40,9124b27,2.13.0+cu130,gonzalo
50,0.2,40,n3,qr,default,75,1e-07,,,,4,cuda,torch,400,8,,2.16203,0.0218873,4.0376,0.00252961,1.44417,0.0146147,3.21733,0.00224777,50,4.206,4.319,2026-08-01T02:21:40,9124b27,2.13.0+cu130,gonzalo
50,0.2,20,n3,qr,default,75,1e-07,,,,4,cuda,torch,400,8,,6.19447,0.0626881,4.0376,0.00252961,4.07562,0.0412878,3.21733,0.00224777,50,4.202,4.319,2026-08-01T02:21:40,9124b27,2.13.0+cu130,gonzalo
50,0.4,inf,n3,qr,default,75,1e-07,,,,4,cuda,torch,400,8,,2.72513,0.027096,8.05919,0.00581902,1.33569,0.013434,6.42421,0.0056145,50,4.184,4.319,2026-08-01T02:21:40,9124b27,2.13.0+cu130,gonzalo
50,0.4,40,n3,qr,default,75,1e-07,,,,4,cuda,torch,400,8,,3.55031,0.0361745,8.05919,0.00581902,2.29098,0.0233889,6.42421,0.0056145,49,4.111,4.319,2026-08-01T02:21:40,9124b27,2.13.0+cu130,gonzalo
50,0.4,20,n3,qr,default,75,1e-07,,,,4,cuda,torch,400,8,,6.4037,0.0652217,8.05919,0.00581902,4.21349,0.0428535,6.42421,0.0056145,50,4.194,4.319,2026-08-01T02:21:40,9124b27,2.13.0+cu130,gonzalo
50,0.8,inf,n3,qr,default,75,1e-07,,,,4,cuda,torch,400,8,,5.29607,0.0530296,16.0593,0.0150088,2.95002,0.0301198,12.8079,0.0155459,50,4.189,4.319,2026-08-01T02:21:40,9124b27,2.13.0+cu130,gonzalo
50,0.8,40,n3,qr,default,75,1e-07,,,,4,cuda,torch,400,8,,5.7992,0.0588621,16.0593,0.0150088,3.4254,0.0351391,12.8079,0.0155459,50,4.188,4.319,2026-08-01T02:21:40,9124b27,2.13.0+cu130,gonzalo
50,0.8,20,n3,qr,default,75,1e-07,,,,4,cuda,torch,400,8,,6.88445,0.0705908,16.0593,0.0150088,4.32055,0.0442636,12.8079,0.0155459,50,4.189,4.319,2026-08-01T02:21:40,9124b27,2.13.0+cu130,gonzalo
1,0.2,inf,n3,blocked,fixed30,75,1e-07,,,,4,cuda,torch,400,8,,2.10765,0.0213292,3.9497,0.00479213,0.962619,0.00969017,2.80681,0.00448657,30,1.723,1.737,2026-08-01T02:21:40,9124b27,2.13.0+cu130,gonzalo
1,0.2,40,n3,blocked,fixed30,75,1e-07,,,,4,cuda,torch,400,8,,3.10561,0.0314316,3.9497,0.00479213,1.75088,0.0176557,2.80681,0.00448657,30,1.721,1.737,2026-08-01T02:21:40,9124b27,2.13.0+cu130,gonzalo
1,0.2,20,n3,blocked,fixed30,75,1e-07,,,,4,cuda,torch,400,8,,5.89557,0.05904,3.9497,0.00479213,3.84246,0.0386328,2.80681,0.00448657,30,1.72,1.737,2026-08-01T02:21:40,9124b27,2.13.0+cu130,gonzalo
1,0.4,inf,n3,blocked,fixed30,75,1e-07,,,,4,cuda,torch,400,8,,4.81512,0.0493711,8.01912,0.0083344,2.37244,0.0240778,5.66111,0.00736837,30,1.724,1.737,2026-08-01T02:21:40,9124b27,2.13.0+cu130,gonzalo
1,0.4,40,n3,blocked,fixed30,75,1e-07,,,,4,cuda,torch,400,8,,5.72249,0.0584317,8.01912,0.0083344,3.13888,0.0317878,5.66111,0.00736837,30,1.724,1.737,2026-08-01T02:21:40,9124b27,2.13.0+cu130,gonzalo
1,0.4,20,n3,blocked,fixed30,75,1e-07,,,,4,cuda,torch,400,8,,7.65977,0.0773901,8.01912,0.0083344,4.74153,0.0477681,5.66111,0.00736837,30,1.722,1.737,2026-08-01T02:21:40,9124b27,2.13.0+cu130,gonzalo
1,0.8,inf,n3,blocked,fixed30,75,1e-07,,,,4,cuda,torch,400,8,,9.49713,0.100008,16.5439,0.014373,4.7093,0.0483012,11.5177,0.0107413,30,1.713,1.737,2026-08-01T02:21:40,9124b27,2.13.0+cu130,gonzalo
1,0.8,40,n3,blocked,fixed30,75,1e-07,,,,4,cuda,torch,400,8,,9.9177,0.104257,16.5439,0.014373,5.1222,0.0524274,11.5177,0.0107413,30,1.712,1.737,2026-08-01T02:21:40,9124b27,2.13.0+cu130,gonzalo
1,0.8,20,n3,blocked,fixed30,75,1e-07,,,,4,cuda,torch,400,8,,10.3702,0.108566,16.5439,0.014373,5.74378,0.0585268,11.5177,0.0107413,30,1.75,1.737,2026-08-01T02:21:40,9124b27,2.13.0+cu130,gonzalo
2,0.2,inf,n3,blocked,fixed30,75,1e-07,,,,4,cuda,torch,400,8,,2.21836,0.0218948,3.87511,0.00273464,0.970958,0.0096917,3.28263,0.00185466,30,1.756,1.737,2026-08-01T02:21:40,9124b27,2.13.0+cu130,gonzalo
2,0.2,40,n3,blocked,fixed30,75,1e-07,,,,4,cuda,torch,400,8,,2.73007,0.0274559,3.87511,0.00273464,1.51554,0.0152737,3.28263,0.00185466,30,1.748,1.737,2026-08-01T02:21:40,9124b27,2.13.0+cu130,gonzalo
2,0.2,20,n3,blocked,fixed30,75,1e-07,,,,4,cuda,torch,400,8,,5.4862,0.0550786,3.87511,0.00273464,3.66229,0.0368944,3.28263,0.00185466,30,1.754,1.737,2026-08-01T02:21:40,9124b27,2.13.0+cu130,gonzalo
2,0.4,inf,n3,blocked,fixed30,75,1e-07,,,,4,cuda,torch,400,8,,5.03782,0.0498624,7.6336,0.00623601,2.28844,0.0229597,6.49394,0.00474227,30,1.749,1.737,2026-08-01T02:21:40,9124b27,2.13.0+cu130,gonzalo
2,0.4,40,n3,blocked,fixed30,75,1e-07,,,,4,cuda,torch,400,8,,5.58889,0.0560361,7.6336,0.00623601,2.83658,0.0286753,6.49394,0.00474227,30,1.738,1.737,2026-08-01T02:21:40,9124b27,2.13.0+cu130,gonzalo
2,0.4,20,n3,blocked,fixed30,75,1e-07,,,,4,cuda,torch,400,8,,6.89639,0.0696571,7.6336,0.00623601,4.24642,0.042998,6.49394,0.00474227,30,1.739,1.737,2026-08-01T02:21:40,9124b27,2.13.0+cu130,gonzalo
2,0.8,inf,n3,blocked,fixed30,75,1e-07,,,,4,cuda,torch,400,8,,10.1206,0.10045,14.8258,0.0188542,5.20903,0.0526256,12.7108,0.0174539,30,1.81,1.737,2026-08-01T02:21:40,9124b27,2.13.0+cu130,gonzalo
2,0.8,40,n3,blocked,fixed30,75,1e-07,,,,4,cuda,torch,400,8,,10.3882,0.103204,14.8258,0.0188542,5.51598,0.0557562,12.7108,0.0174539,30,1.796,1.737,2026-08-01T02:21:40,9124b27,2.13.0+cu130,gonzalo
2,0.8,20,n3,blocked,fixed30,75,1e-07,,,,4,cuda,torch,400,8,,10.5931,0.105372,14.8258,0.0188542,6.00476,0.060641,12.7108,0.0174539,30,1.774,1.737,2026-08-01T02:21:40,9124b27,2.13.0+cu130,gonzalo
3,0.2,inf,n3,blocked,fixed30,75,1e-07,,,,4,cuda,torch,400,8,,2.0232,0.0202797,3.96223,0.001591,0.841965,0.00844688,2.92538,0.00121479,30,1.751,1.737,2026-08-01T02:21:40,9124b27,2.13.0+cu130,gonzalo
3,0.2,40,n3,blocked,fixed30,75,1e-07,,,,4,cuda,torch,400,8,,2.56067,0.0259128,3.96223,0.001591,1.39376,0.014056,2.92538,0.00121479,30,1.735,1.737,2026-08-01T02:21:40,9124b27,2.13.0+cu130,gonzalo
3,0.2,20,n3,blocked,fixed30,75,1e-07,,,,4,cuda,torch,400,8,,5.28079,0.0529742,3.96223,0.001591,3.53368,0.0355955,2.92538,0.00121479,30,1.74,1.737,2026-08-01T02:21:40,9124b27,2.13.0+cu130,gonzalo
3,0.4,inf,n3,blocked,fixed30,75,1e-07,,,,4,cuda,torch,400,8,,4.34556,0.0442383,8.00337,0.00308768,1.97196,0.0200089,5.87492,0.00213631,30,1.781,1.737,2026-08-01T02:21:40,9124b27,2.13.0+cu130,gonzalo
3,0.4,40,n3,blocked,fixed30,75,1e-07,,,,4,cuda,torch,400,8,,4.85058,0.0496819,8.00337,0.00308768,2.52364,0.025672,5.87492,0.00213631,30,1.78,1.737,2026-08-01T02:21:40,9124b27,2.13.0+cu130,gonzalo
3,0.4,20,n3,blocked,fixed30,75,1e-07,,,,4,cuda,torch,400,8,,6.70442,0.068119,8.00337,0.00308768,4.23535,0.0428879,5.87492,0.00213631,30,1.781,1.737,2026-08-01T02:21:40,9124b27,2.13.0+cu130,gonzalo
3,0.8,inf,n3,blocked,fixed30,75,1e-07,,,,4,cuda,torch,400,8,,8.9874,0.0938699,16.3393,0.00715361,4.29809,0.0442271,11.8498,0.00503285,30,1.774,1.737,2026-08-01T02:21:40,9124b27,2.13.0+cu130,gonzalo
3,0.8,40,n3,blocked,fixed30,75,1e-07,,,,4,cuda,torch,400,8,,9.28372,0.0973587,16.3393,0.00715361,4.64874,0.0479077,11.8498,0.00503285,30,1.829,1.737,2026-08-01T02:21:40,9124b27,2.13.0+cu130,gonzalo
3,0.8,20,n3,blocked,fixed30,75,1e-07,,,,4,cuda,torch,400,8,,9.6677,0.101515,16.3393,0.00715361,5.26197,0.0540757,11.8498,0.00503285,30,1.75,1.737,2026-08-01T02:21:40,9124b27,2.13.0+cu130,gonzalo
4,0.2,inf,n3,blocked,fixed30,75,1e-07,,,,4,cuda,torch,400,8,,2.35239,0.0236438,4.78204,0.00301097,1.46819,0.0145258,3.64935,0.00229466,30,1.807,1.737,2026-08-01T02:21:40,9124b27,2.13.0+cu130,gonzalo
4,0.2,40,n3,blocked,fixed30,75,1e-07,,,,4,cuda,torch,400,8,,2.75007,0.027859,4.78204,0.00301097,1.51906,0.015188,3.64935,0.00229466,30,1.771,1.737,2026-08-01T02:21:40,9124b27,2.13.0+cu130,gonzalo
4,0.2,20,n3,blocked,fixed30,75,1e-07,,,,4,cuda,torch,400,8,,4.78706,0.0487929,4.78204,0.00301097,2.92067,0.02941,3.64935,0.00229466,30,1.819,1.737,2026-08-01T02:21:40,9124b27,2.13.0+cu130,gonzalo
4,0.4,inf,n3,blocked,fixed30,75,1e-07,,,,4,cuda,torch,400,8,,5.02935,0.0502179,9.53594,0.00774396,3.76805,0.0366045,7.282,0.00671299,30,1.809,1.737,2026-08-01T02:21:40,9124b27,2.13.0+cu130,gonzalo
4,0.4,40,n3,blocked,fixed30,75,1e-07,,,,4,cuda,torch,400,8,,5.12867,0.0518281,9.53594,0.00774396,3.2872,0.0324068,7.282,0.00671299,30,1.806,1.737,2026-08-01T02:21:40,9124b27,2.13.0+cu130,gonzalo
4,0.4,20,n3,blocked,fixed30,75,1e-07,,,,4,cuda,torch,400,8,,6.29178,0.0649235,9.53594,0.00774396,3.60531,0.0364855,7.282,0.00671299,30,1.838,1.737,2026-08-01T02:21:40,9124b27,2.13.0+cu130,gonzalo
4,0.8,inf,n3,blocked,fixed30,75,1e-07,,,,4,cuda,torch,400,8,,11.0249,0.110701,18.9441,0.0310387,7.19357,0.0696132,14.4923,0.0302869,30,1.737,1.737,2026-08-01T02:21:40,9124b27,2.13.0+cu130,gonzalo
4,0.8,40,n3,blocked,fixed30,75,1e-07,,,,4,cuda,torch,400,8,,11.2699,0.113703,18.9441,0.0310387,6.93469,0.0677484,14.4923,0.0302869,30,1.746,1.737,2026-08-01T02:21:40,9124b27,2.13.0+cu130,gonzalo
4,0.8,20,n3,blocked,fixed30,75,1e-07,,,,4,cuda,torch,400,8,,11.5923,0.11839,18.9441,0.0310387,6.74571,0.0670964,14.4923,0.0302869,30,1.737,1.737,2026-08-01T02:21:40,9124b27,2.13.0+cu130,gonzalo
5,0.2,inf,n3,blocked,fixed30,75,1e-07,,,,4,cuda,torch,400,8,,2.32368,0.0232027,3.59851,0.0129451,0.98179,0.00985624,2.63017,0.0134565,30,1.741,1.737,2026-08-01T02:21:40,9124b27,2.13.0+cu130,gonzalo
5,0.2,40,n3,blocked,fixed30,75,1e-07,,,,4,cuda,torch,400,8,,2.45175,0.0249464,3.59851,0.0129451,1.31889,0.0133379,2.63017,0.0134565,30,1.749,1.737,2026-08-01T02:21:40,9124b27,2.13.0+cu130,gonzalo
5,0.2,20,n3,blocked,fixed30,75,1e-07,,,,4,cuda,torch,400,8,,4.89926,0.0491622,3.59851,0.0129451,3.38327,0.0340948,2.63017,0.0134565,30,1.738,1.737,2026-08-01T02:21:40,9124b27,2.13.0+cu130,gonzalo
5,0.4,inf,n3,blocked,fixed30,75,1e-07,,,,4,cuda,torch,400,8,,4.70325,0.0473541,7.25264,0.0289317,1.96277,0.0198437,5.28404,0.0299439,30,1.751,1.737,2026-08-01T02:21:40,9124b27,2.13.0+cu130,gonzalo
5,0.4,40,n3,blocked,fixed30,75,1e-07,,,,4,cuda,torch,400,8,,4.54527,0.0464026,7.25264,0.0289317,2.13557,0.021736,5.28404,0.0299439,30,1.794,1.737,2026-08-01T02:21:40,9124b27,2.13.0+cu130,gonzalo
5,0.4,20,n3,blocked,fixed30,75,1e-07,,,,4,cuda,torch,400,8,,5.59396,0.0570416,7.25264,0.0289317,3.60753,0.0366335,5.28404,0.0299439,30,1.757,1.737,2026-08-01T02:21:40,9124b27,2.13.0+cu130,gonzalo
5,0.8,inf,n3,blocked,fixed30,75,1e-07,,,,4,cuda,torch,400,8,,8.45646,0.0856948,14.7383,0.0709379,3.6838,0.0375706,10.6651,0.0724598,30,1.783,1.737,2026-08-01T02:21:40,9124b27,2.13.0+cu130,gonzalo
5,0.8,40,n3,blocked,fixed30,75,1e-07,,,,4,cuda,torch,400,8,,8.47416,0.0869339,14.7383,0.0709379,3.94271,0.0404779,10.6651,0.0724598,30,1.818,1.737,2026-08-01T02:21:40,9124b27,2.13.0+cu130,gonzalo
5,0.8,20,n3,blocked,fixed30,75,1e-07,,,,4,cuda,torch,400,8,,8.67761,0.0901176,14.7383,0.0709379,4.71879,0.0485843,10.6651,0.0724598,30,1.752,1.737,2026-08-01T02:21:40,9124b27,2.13.0+cu130,gonzalo
6,0.2,inf,n3,blocked,fixed30,75,1e-07,,,,4,cuda,torch,400,8,,2.18877,0.0220284,4.06629,0.00236199,0.95941,0.00959001,3.49629,0.00192267,30,1.753,1.737,2026-08-01T02:21:40,9124b27,2.13.0+cu130,gonzalo
6,0.2,40,n3,blocked,fixed30,75,1e-07,,,,4,cuda,torch,400,8,,2.6528,0.0269273,4.06629,0.00236199,1.1985,0.01207,3.49629,0.00192267,30,1.75,1.737,2026-08-01T02:21:40,9124b27,2.13.0+cu130,gonzalo
6,0.2,20,n3,blocked,fixed30,75,1e-07,,,,4,cuda,torch,400,8,,4.80701,0.0486717,4.06629,0.00236199,2.86861,0.0288153,3.49629,0.00192267,30,1.812,1.737,2026-08-01T02:21:40,9124b27,2.13.0+cu130,gonzalo
6,0.4,inf,n3,blocked,fixed30,75,1e-07,,,,4,cuda,torch,400,8,,4.53937,0.046002,8.07184,0.00492231,2.03657,0.020412,6.96086,0.00401434,30,1.793,1.737,2026-08-01T02:21:40,9124b27,2.13.0+cu130,gonzalo
6,0.4,40,n3,blocked,fixed30,75,1e-07,,,,4,cuda,torch,400,8,,4.94441,0.0505162,8.07184,0.00492231,2.20096,0.0222543,6.96086,0.00401434,30,1.883,1.737,2026-08-01T02:21:40,9124b27,2.13.0+cu130,gonzalo
6,0.4,20,n3,blocked,fixed30,75,1e-07,,,,4,cuda,torch,400,8,,6.78869,0.0697655,8.07184,0.00492231,3.70843,0.0374757,6.96086,0.00401434,30,1.799,1.737,2026-08-01T02:21:40,9124b27,2.13.0+cu130,gonzalo
6,0.8,inf,n3,blocked,fixed30,75,1e-07,,,,4,cuda,torch,400,8,,9.96732,0.103397,15.9113,0.011515,4.79156,0.0487659,13.797,0.00987448,30,1.754,1.737,2026-08-01T02:21:40,9124b27,2.13.0+cu130,gonzalo
6,0.8,40,n3,blocked,fixed30,75,1e-07,,,,4,cuda,torch,400,8,,10.3313,0.107296,15.9113,0.011515,5.11926,0.052172,13.797,0.00987448,30,1.747,1.737,2026-08-01T02:21:40,9124b27,2.13.0+cu130,gonzalo
6,0.8,20,n3,blocked,fixed30,75,1e-07,,,,4,cuda,torch,400,8,,10.7677,0.111754,15.9113,0.011515,5.71207,0.0582725,13.797,0.00987448,30,1.753,1.737,2026-08-01T02:21:40,9124b27,2.13.0+cu130,gonzalo
7,0.2,inf,n3,blocked,fixed30,75,1e-07,,,,4,cuda,torch,400,8,,2.47613,0.0253381,5.05801,0.00312917,1.12363,0.0113159,4.27706,0.00246918,30,1.757,1.737,2026-08-01T02:21:40,9124b27,2.13.0+cu130,gonzalo
7,0.2,40,n3,blocked,fixed30,75,1e-07,,,,4,cuda,torch,400,8,,3.0049,0.0308229,5.05801,0.00312917,1.54993,0.0156665,4.27706,0.00246918,30,1.755,1.737,2026-08-01T02:21:40,9124b27,2.13.0+cu130,gonzalo
7,0.2,20,n3,blocked,fixed30,75,1e-07,,,,4,cuda,torch,400,8,,5.17468,0.0527324,5.05801,0.00312917,3.25365,0.0328746,4.27706,0.00246918,30,1.754,1.737,2026-08-01T02:21:40,9124b27,2.13.0+cu130,gonzalo
7,0.4,inf,n3,blocked,fixed30,75,1e-07,,,,4,cuda,torch,400,8,,4.69493,0.0486133,10.1879,0.00663565,2.17029,0.0220118,8.59942,0.00565098,30,1.754,1.737,2026-08-01T02:21:40,9124b27,2.13.0+cu130,gonzalo
7,0.4,40,n3,blocked,fixed30,75,1e-07,,,,4,cuda,torch,400,8,,5.21701,0.0541068,10.1879,0.00663565,2.64069,0.0268631,8.59942,0.00565098,30,1.746,1.737,2026-08-01T02:21:40,9124b27,2.13.0+cu130,gonzalo
7,0.4,20,n3,blocked,fixed30,75,1e-07,,,,4,cuda,torch,400,8,,6.72455,0.0696055,10.1879,0.00663565,4.01336,0.0408045,8.59942,0.00565098,30,1.751,1.737,2026-08-01T02:21:40,9124b27,2.13.0+cu130,gonzalo
7,0.8,inf,n3,blocked,fixed30,75,1e-07,,,,4,cuda,torch,400,8,,10.4492,0.110486,20.6432,0.0154814,6.01883,0.0621466,17.3717,0.0139716,30,1.813,1.737,2026-08-01T02:21:40,9124b27,2.13.0+cu130,gonzalo
7,0.8,40,n3,blocked,fixed30,75,1e-07,,,,4,cuda,torch,400,8,,10.6465,0.112248,20.6432,0.0154814,6.28921,0.0647859,17.3717,0.0139716,30,1.774,1.737,2026-08-01T02:21:40,9124b27,2.13.0+cu130,gonzalo
7,0.8,20,n3,blocked,fixed30,75,1e-07,,,,4,cuda,torch,400,8,,11.0205,0.115592,20.6432,0.0154814,6.81746,0.0700694,17.3717,0.0139716,30,1.909,1.737,2026-08-01T02:21:40,9124b27,2.13.0+cu130,gonzalo
8,0.2,inf,n3,blocked,fixed30,75,1e-07,,,,4,cuda,torch,400,8,,2.05956,0.0208397,4.18503,0.00217594,1.12453,0.0111979,3.35071,0.00130623,30,1.753,1.737,2026-08-01T02:21:40,9124b27,2.13.0+cu130,gonzalo
8,0.2,40,n3,blocked,fixed30,75,1e-07,,,,4,cuda,torch,400,8,,2.61149,0.0266225,4.18503,0.00217594,1.37509,0.0138204,3.35071,0.00130623,30,1.755,1.737,2026-08-01T02:21:40,9124b27,2.13.0+cu130,gonzalo
8,0.2,20,n3,blocked,fixed30,75,1e-07,,,,4,cuda,torch,400,8,,5.18159,0.0527147,4.18503,0.00217594,3.16596,0.031887,3.35071,0.00130623,30,1.751,1.737,2026-08-01T02:21:40,9124b27,2.13.0+cu130,gonzalo
8,0.4,inf,n3,blocked,fixed30,75,1e-07,,,,4,cuda,torch,400,8,,4.13023,0.0419671,8.39204,0.00468117,2.55296,0.0252231,6.70955,0.00318396,30,1.801,1.737,2026-08-01T02:21:40,9124b27,2.13.0+cu130,gonzalo
8,0.4,40,n3,blocked,fixed30,75,1e-07,,,,4,cuda,torch,400,8,,4.51056,0.0463294,8.39204,0.00468117,2.5012,0.0250687,6.70955,0.00318396,30,1.795,1.737,2026-08-01T02:21:40,9124b27,2.13.0+cu130,gonzalo
8,0.4,20,n3,blocked,fixed30,75,1e-07,,,,4,cuda,torch,400,8,,6.08424,0.062724,8.39204,0.00468117,3.53681,0.0358084,6.70955,0.00318396,30,1.8,1.737,2026-08-01T02:21:40,9124b27,2.13.0+cu130,gonzalo
8,0.8,inf,n3,blocked,fixed30,75,1e-07,,,,4,cuda,torch,400,8,,8.83411,0.0905435,16.8781,0.0116011,5.48757,0.053906,13.4553,0.00958733,30,1.755,1.737,2026-08-01T02:21:40,9124b27,2.13.0+cu130,gonzalo
8,0.8,40,n3,blocked,fixed30,75,1e-07,,,,4,cuda,torch,400,8,,8.93879,0.0921456,16.8781,0.0116011,5.31061,0.05269,13.4553,0.00958733,30,1.747,1.737,2026-08-01T02:21:40,9124b27,2.13.0+cu130,gonzalo
8,0.8,20,n3,blocked,fixed30,75,1e-07,,,,4,cuda,torch,400,8,,9.35562,0.0973755,16.8781,0.0116011,5.41728,0.0545918,13.4553,0.00958733,30,1.748,1.737,2026-08-01T02:21:40,9124b27,2.13.0+cu130,gonzalo
9,0.2,inf,n3,blocked,fixed30,75,1e-07,,,,4,cuda,torch,400,8,,2.86251,0.0290596,5.10647,0.00625156,1.14184,0.0114986,4.26559,0.00622246,30,1.798,1.737,2026-08-01T02:21:40,9124b27,2.13.0+cu130,gonzalo
9,0.2,40,n3,blocked,fixed30,75,1e-07,,,,4,cuda,torch,400,8,,3.53007,0.0359724,5.10647,0.00625156,1.64869,0.0166135,4.26559,0.00622246,30,1.804,1.737,2026-08-01T02:21:40,9124b27,2.13.0+cu130,gonzalo
9,0.2,20,n3,blocked,fixed30,75,1e-07,,,,4,cuda,torch,400,8,,6.07614,0.0613215,5.10647,0.00625156,3.75029,0.0376611,4.26559,0.00622246,30,1.798,1.737,2026-08-01T02:21:40,9124b27,2.13.0+cu130,gonzalo
9,0.4,inf,n3,blocked,fixed30,75,1e-07,,,,4,cuda,torch,400,8,,7.24086,0.0750738,10.3212,0.0156022,3.83181,0.0389786,8.62854,0.0160915,30,1.744,1.737,2026-08-01T02:21:40,9124b27,2.13.0+cu130,gonzalo
9,0.4,40,n3,blocked,fixed30,75,1e-07,,,,4,cuda,torch,400,8,,7.80812,0.0807954,10.3212,0.0156022,4.32457,0.0438868,8.62854,0.0160915,30,1.742,1.737,2026-08-01T02:21:40,9124b27,2.13.0+cu130,gonzalo
9,0.4,20,n3,blocked,fixed30,75,1e-07,,,,4,cuda,torch,400,8,,8.40508,0.0865421,10.3212,0.0156022,5.03354,0.0508935,8.62854,0.0160915,30,1.742,1.737,2026-08-01T02:21:40,9124b27,2.13.0+cu130,gonzalo
9,0.8,inf,n3,blocked,fixed30,75,1e-07,,,,4,cuda,torch,400,8,,11.8794,0.126158,21.0496,0.0420231,6.92263,0.0724077,17.644,0.04379,30,1.929,1.737,2026-08-01T02:21:40,9124b27,2.13.0+cu130,gonzalo
9,0.8,40,n3,blocked,fixed30,75,1e-07,,,,4,cuda,torch,400,8,,12.0747,0.128255,21.0496,0.0420231,7.19626,0.0752944,17.644,0.04379,30,1.845,1.737,2026-08-01T02:21:40,9124b27,2.13.0+cu130,gonzalo
9,0.8,20,n3,blocked,fixed30,75,1e-07,,,,4,cuda,torch,400,8,,12.2598,0.130228,21.0496,0.0420231,7.47897,0.078217,17.644,0.04379,30,1.758,1.737,2026-08-01T02:21:40,9124b27,2.13.0+cu130,gonzalo
10,0.2,inf,n3,blocked,fixed30,75,1e-07,,,,4,cuda,torch,400,8,,2.1026,0.0207837,4.29961,0.00355008,0.964893,0.00963976,3.72893,0.0032509,30,1.905,1.737,2026-08-01T02:21:40,9124b27,2.13.0+cu130,gonzalo
10,0.2,40,n3,blocked,fixed30,75,1e-07,,,,4,cuda,torch,400,8,,2.46113,0.0248606,4.29961,0.00355008,1.47473,0.0148997,3.72893,0.0032509,30,1.906,1.737,2026-08-01T02:21:40,9124b27,2.13.0+cu130,gonzalo
10,0.2,20,n3,blocked,fixed30,75,1e-07,,,,4,cuda,torch,400,8,,4.81777,0.0486388,4.29961,0.00355008,3.34953,0.0339033,3.72893,0.0032509,30,1.808,1.737,2026-08-01T02:21:40,9124b27,2.13.0+cu130,gonzalo
10,0.4,inf,n3,blocked,fixed30,75,1e-07,,,,4,cuda,torch,400,8,,4.32215,0.0432327,8.6009,0.00686183,2.30845,0.0233979,7.43999,0.00585708,30,1.813,1.737,2026-08-01T02:21:40,9124b27,2.13.0+cu130,gonzalo
10,0.4,40,n3,blocked,fixed30,75,1e-07,,,,4,cuda,torch,400,8,,4.72091,0.0478718,8.6009,0.00686183,2.8495,0.0290755,7.43999,0.00585708,30,1.779,1.737,2026-08-01T02:21:40,9124b27,2.13.0+cu130,gonzalo
10,0.4,20,n3,blocked,fixed30,75,1e-07,,,,4,cuda,torch,400,8,,6.00452,0.0610991,8.6009,0.00686183,4.02248,0.0410217,7.43999,0.00585708,30,1.804,1.737,2026-08-01T02:21:40,9124b27,2.13.0+cu130,gonzalo
10,0.8,inf,n3,blocked,fixed30,75,1e-07,,,,4,cuda,torch,400,8,,9.1897,0.0925167,17.2108,0.0134552,5.09948,0.0522444,14.8099,0.00995171,30,1.777,1.737,2026-08-01T02:21:40,9124b27,2.13.0+cu130,gonzalo
10,0.8,40,n3,blocked,fixed30,75,1e-07,,,,4,cuda,torch,400,8,,9.43736,0.0953581,17.2108,0.0134552,5.36476,0.0550263,14.8099,0.00995171,30,1.778,1.737,2026-08-01T02:21:40,9124b27,2.13.0+cu130,gonzalo
10,0.8,20,n3,blocked,fixed30,75,1e-07,,,,4,cuda,torch,400,8,,9.73613,0.0986428,17.2108,0.0134552,5.87177,0.0601687,14.8099,0.00995171,30,1.775,1.737,2026-08-01T02:21:40,9124b27,2.13.0+cu130,gonzalo
11,0.2,inf,n3,blocked,fixed30,75,1e-07,,,,4,cuda,torch,400,8,,1.44616,0.0143665,4.13092,0.00249512,0.539693,0.00537864,3.25046,0.00198902,30,1.733,1.737,2026-08-01T02:21:40,9124b27,2.13.0+cu130,gonzalo
11,0.2,40,n3,blocked,fixed30,75,1e-07,,,,4,cuda,torch,400,8,,1.75799,0.0177365,4.13092,0.00249512,0.916476,0.00921865,3.25046,0.00198902,30,1.729,1.737,2026-08-01T02:21:40,9124b27,2.13.0+cu130,gonzalo
11,0.2,20,n3,blocked,fixed30,75,1e-07,,,,4,cuda,torch,400,8,,4.15581,0.04195,4.13092,0.00249512,2.76589,0.0278406,3.25046,0.00198902,30,1.729,1.737,2026-08-01T02:21:40,9124b27,2.13.0+cu130,gonzalo
11,0.4,inf,n3,blocked,fixed30,75,1e-07,,,,4,cuda,torch,400,8,,3.48457,0.0345274,8.14426,0.00511966,1.31374,0.0131187,6.441,0.00393651,30,1.732,1.737,2026-08-01T02:21:40,9124b27,2.13.0+cu130,gonzalo
11,0.4,40,n3,blocked,fixed30,75,1e-07,,,,4,cuda,torch,400,8,,3.82394,0.038454,8.14426,0.00511966,1.72163,0.017391,6.441,0.00393651,30,1.73,1.737,2026-08-01T02:21:40,9124b27,2.13.0+cu130,gonzalo
11,0.4,20,n3,blocked,fixed30,75,1e-07,,,,4,cuda,torch,400,8,,5.55262,0.0565898,8.14426,0.00511966,3.35206,0.0339078,6.441,0.00393651,30,1.734,1.737,2026-08-01T02:21:40,9124b27,2.13.0+cu130,gonzalo
11,0.8,inf,n3,blocked,fixed30,75,1e-07,,,,4,cuda,torch,400,8,,9.00349,0.0907633,15.8344,0.0134185,4.3088,0.043494,12.6463,0.0103901,30,1.736,1.737,2026-08-01T02:21:40,9124b27,2.13.0+cu130,gonzalo
11,0.8,40,n3,blocked,fixed30,75,1e-07,,,,4,cuda,torch,400,8,,9.26227,0.0935675,15.8344,0.0134185,4.60798,0.0465801,12.6463,0.0103901,30,1.734,1.737,2026-08-01T02:21:40,9124b27,2.13.0+cu130,gonzalo
11,0.8,20,n3,blocked,fixed30,75,1e-07,,,,4,cuda,torch,400,8,,9.7095,0.098698,15.8344,0.0134185,5.17785,0.0525358,12.6463,0.0103901,30,1.733,1.737,2026-08-01T02:21:40,9124b27,2.13.0+cu130,gonzalo
12,0.2,inf,n3,blocked,fixed30,75,1e-07,,,,4,cuda,torch,400,8,,2.29439,0.023453,4.05114,0.00385829,1.09598,0.011072,3.24863,0.00302982,30,1.739,1.737,2026-08-01T02:21:40,9124b27,2.13.0+cu130,gonzalo
12,0.2,40,n3,blocked,fixed30,75,1e-07,,,,4,cuda,torch,400,8,,3.26839,0.0334128,4.05114,0.00385829,1.82188,0.0184547,3.24863,0.00302982,30,1.732,1.737,2026-08-01T02:21:40,9124b27,2.13.0+cu130,gonzalo
12,0.2,20,n3,blocked,fixed30,75,1e-07,,,,4,cuda,torch,400,8,,5.74375,0.0581509,4.05114,0.00385829,3.72214,0.0376281,3.24863,0.00302982,30,1.732,1.737,2026-08-01T02:21:40,9124b27,2.13.0+cu130,gonzalo
12,0.4,inf,n3,blocked,fixed30,75,1e-07,,,,4,cuda,torch,400,8,,4.56333,0.0472018,8.20754,0.00696482,2.25775,0.0229784,6.54936,0.00432617,30,1.733,1.737,2026-08-01T02:21:40,9124b27,2.13.0+cu130,gonzalo
12,0.4,40,n3,blocked,fixed30,75,1e-07,,,,4,cuda,torch,400,8,,5.629,0.0580644,8.20754,0.00696482,3.13734,0.0319893,6.54936,0.00432617,30,1.732,1.737,2026-08-01T02:21:40,9124b27,2.13.0+cu130,gonzalo
12,0.4,20,n3,blocked,fixed30,75,1e-07,,,,4,cuda,torch,400,8,,7.53323,0.0769934,8.20754,0.00696482,4.65606,0.0473152,6.54936,0.00432617,30,1.73,1.737,2026-08-01T02:21:40,9124b27,2.13.0+cu130,gonzalo
12,0.8,inf,n3,blocked,fixed30,75,1e-07,,,,4,cuda,torch,400,8,,9.03196,0.0946692,16.8609,0.0255927,5.01622,0.0518209,13.3153,0.0231804,30,1.794,1.737,2026-08-01T02:21:40,9124b27,2.13.0+cu130,gonzalo
12,0.8,40,n3,blocked,fixed30,75,1e-07,,,,4,cuda,torch,400,8,,9.6089,0.100528,16.8609,0.0255927,5.49524,0.0566995,13.3153,0.0231804,30,1.793,1.737,2026-08-01T02:21:40,9124b27,2.13.0+cu130,gonzalo
12,0.8,20,n3,blocked,fixed30,75,1e-07,,,,4,cuda,torch,400,8,,10.2067,0.106306,16.8609,0.0255927,6.21575,0.0638919,13.3153,0.0231804,30,1.792,1.737,2026-08-01T02:21:40,9124b27,2.13.0+cu130,gonzalo
13,0.2,inf,n3,blocked,fixed30,75,1e-07,,,,4,cuda,torch,400,8,,1.84405,0.0186528,4.05033,0.00298108,0.783311,0.00786721,3.34827,0.0022011,30,1.733,1.737,2026-08-01T02:21:40,9124b27,2.13.0+cu130,gonzalo
13,0.2,40,n3,blocked,fixed30,75,1e-07,,,,4,cuda,torch,400,8,,2.57088,0.0261787,4.05033,0.00298108,1.32817,0.0134161,3.34827,0.0022011,30,1.732,1.737,2026-08-01T02:21:40,9124b27,2.13.0+cu130,gonzalo
13,0.2,20,n3,blocked,fixed30,75,1e-07,,,,4,cuda,torch,400,8,,5.08697,0.0515979,4.05033,0.00298108,3.30446,0.0333123,3.34827,0.0022011,30,1.733,1.737,2026-08-01T02:21:40,9124b27,2.13.0+cu130,gonzalo
13,0.4,inf,n3,blocked,fixed30,75,1e-07,,,,4,cuda,torch,400,8,,3.89921,0.0400414,8.10184,0.00584614,1.72813,0.0174985,6.70213,0.00394054,30,1.731,1.737,2026-08-01T02:21:40,9124b27,2.13.0+cu130,gonzalo
13,0.4,40,n3,blocked,fixed30,75,1e-07,,,,4,cuda,torch,400,8,,4.57445,0.0472266,8.10184,0.00584614,2.27579,0.0231569,6.70213,0.00394054,30,1.732,1.737,2026-08-01T02:21:40,9124b27,2.13.0+cu130,gonzalo
13,0.4,20,n3,blocked,fixed30,75,1e-07,,,,4,cuda,torch,400,8,,6.04648,0.0623277,8.10184,0.00584614,3.64823,0.0370364,6.70213,0.00394054,30,1.734,1.737,2026-08-01T02:21:40,9124b27,2.13.0+cu130,gonzalo
13,0.8,inf,n3,blocked,fixed30,75,1e-07,,,,4,cuda,torch,400,8,,8.09164,0.0840998,16.2094,0.0131298,4.06687,0.0416433,13.4247,0.00849386,30,1.789,1.737,2026-08-01T02:21:40,9124b27,2.13.0+cu130,gonzalo
13,0.8,40,n3,blocked,fixed30,75,1e-07,,,,4,cuda,torch,400,8,,8.38277,0.0871652,16.2094,0.0131298,4.35575,0.0446471,13.4247,0.00849386,30,1.791,1.737,2026-08-01T02:21:40,9124b27,2.13.0+cu130,gonzalo
13,0.8,20,n3,blocked,fixed30,75,1e-07,,,,4,cuda,torch,400,8,,8.88951,0.092489,16.2094,0.0131298,4.98414,0.0510767,13.4247,0.00849386,30,1.79,1.737,2026-08-01T02:21:40,9124b27,2.13.0+cu130,gonzalo
14,0.2,inf,n3,blocked,fixed30,75,1e-07,,,,4,cuda,torch,400,8,,2.77982,0.0272353,4.54633,0.00229305,1.24391,0.0124238,3.80653,0.00201862,30,1.733,1.737,2026-08-01T02:21:40,9124b27,2.13.0+cu130,gonzalo
14,0.2,40,n3,blocked,fixed30,75,1e-07,,,,4,cuda,torch,400,8,,2.87143,0.0287397,4.54633,0.00229305,1.65288,0.0167289,3.80653,0.00201862,30,1.731,1.737,2026-08-01T02:21:40,9124b27,2.13.0+cu130,gonzalo
14,0.2,20,n3,blocked,fixed30,75,1e-07,,,,4,cuda,torch,400,8,,4.6077,0.0464005,4.54633,0.00229305,3.2945,0.0333903,3.80653,0.00201862,30,1.732,1.737,2026-08-01T02:21:40,9124b27,2.13.0+cu130,gonzalo
14,0.4,inf,n3,blocked,fixed30,75,1e-07,,,,4,cuda,torch,400,8,,5.57735,0.0550538,9.00622,0.00476783,2.76432,0.028006,7.57758,0.00421876,30,1.733,1.737,2026-08-01T02:21:40,9124b27,2.13.0+cu130,gonzalo
14,0.4,40,n3,blocked,fixed30,75,1e-07,,,,4,cuda,torch,400,8,,5.59939,0.0560147,9.00622,0.00476783,3.12246,0.0319291,7.57758,0.00421876,30,1.733,1.737,2026-08-01T02:21:40,9124b27,2.13.0+cu130,gonzalo
14,0.4,20,n3,blocked,fixed30,75,1e-07,,,,4,cuda,torch,400,8,,6.22803,0.0629857,9.00622,0.00476783,4.12278,0.0421964,7.57758,0.00421876,30,1.744,1.737,2026-08-01T02:21:40,9124b27,2.13.0+cu130,gonzalo
14,0.8,inf,n3,blocked,fixed30,75,1e-07,,,,4,cuda,torch,400,8,,10.6244,0.102826,17.6734,0.013065,5.36304,0.0544219,15.0144,0.012035,30,1.731,1.737,2026-08-01T02:21:40,9124b27,2.13.0+cu130,gonzalo
14,0.8,40,n3,blocked,fixed30,75,1e-07,,,,4,cuda,torch,400,8,,10.7558,0.104877,17.6734,0.013065,5.58752,0.0570252,15.0144,0.012035,30,1.729,1.737,2026-08-01T02:21:40,9124b27,2.13.0+cu130,gonzalo
14,0.8,20,n3,blocked,fixed30,75,1e-07,,,,4,cuda,torch,400,8,,10.8964,0.107342,17.6734,0.013065,6.0505,0.0619509,15.0144,0.012035,30,1.729,1.737,2026-08-01T02:21:40,9124b27,2.13.0+cu130,gonzalo
15,0.2,inf,n3,blocked,fixed30,75,1e-07,,,,4,cuda,torch,400,8,,2.25254,0.023175,3.96115,0.00276719,0.983738,0.00992344,3.37665,0.00160738,30,1.8,1.737,2026-08-01T02:21:40,9124b27,2.13.0+cu130,gonzalo
15,0.2,40,n3,blocked,fixed30,75,1e-07,,,,4,cuda,torch,400,8,,3.02475,0.0311371,3.96115,0.00276719,1.46924,0.014852,3.37665,0.00160738,30,1.798,1.737,2026-08-01T02:21:40,9124b27,2.13.0+cu130,gonzalo
15,0.2,20,n3,blocked,fixed30,75,1e-07,,,,4,cuda,torch,400,8,,5.56626,0.0566439,3.96115,0.00276719,3.37414,0.0339836,3.37665,0.00160738,30,1.743,1.737,2026-08-01T02:21:40,9124b27,2.13.0+cu130,gonzalo
15,0.4,inf,n3,blocked,fixed30,75,1e-07,,,,4,cuda,torch,400,8,,4.2098,0.0439761,8.11356,0.00647506,1.9323,0.0196291,6.86777,0.00395029,30,1.732,1.737,2026-08-01T02:21:40,9124b27,2.13.0+cu130,gonzalo
15,0.4,40,n3,blocked,fixed30,75,1e-07,,,,4,cuda,torch,400,8,,4.87437,0.0508596,8.11356,0.00647506,2.38831,0.0242938,6.86777,0.00395029,30,1.732,1.737,2026-08-01T02:21:40,9124b27,2.13.0+cu130,gonzalo
15,0.4,20,n3,blocked,fixed30,75,1e-07,,,,4,cuda,torch,400,8,,6.84999,0.0706873,8.11356,0.00647506,3.96495,0.0400892,6.86777,0.00395029,30,1.731,1.737,2026-08-01T02:21:40,9124b27,2.13.0+cu130,gonzalo
15,0.8,inf,n3,blocked,fixed30,75,1e-07,,,,4,cuda,torch,400,8,,8.78933,0.0944443,17.0432,0.0238363,4.51134,0.0466015,14.2117,0.0218891,30,1.743,1.737,2026-08-01T02:21:40,9124b27,2.13.0+cu130,gonzalo
15,0.8,40,n3,blocked,fixed30,75,1e-07,,,,4,cuda,torch,400,8,,9.20639,0.098553,17.0432,0.0238363,4.92819,0.050777,14.2117,0.0218891,30,1.738,1.737,2026-08-01T02:21:40,9124b27,2.13.0+cu130,gonzalo
15,0.8,20,n3,blocked,fixed30,75,1e-07,,,,4,cuda,torch,400,8,,9.72,0.103377,17.0432,0.0238363,5.65289,0.0580218,14.2117,0.0218891,30,1.733,1.737,2026-08-01T02:21:40,9124b27,2.13.0+cu130,gonzalo
16,0.2,inf,n3,blocked,fixed30,75,1e-07,,,,4,cuda,torch,400,8,,2.40494,0.0244941,3.66474,0.00796446,1.20994,0.0122049,2.81934,0.00685194,30,1.738,1.737,2026-08-01T02:21:40,9124b27,2.13.0+cu130,gonzalo
16,0.2,40,n3,blocked,fixed30,75,1e-07,,,,4,cuda,torch,400,8,,3.6556,0.0371127,3.66474,0.00796446,2.08413,0.0210502,2.81934,0.00685194,30,1.737,1.737,2026-08-01T02:21:40,9124b27,2.13.0+cu130,gonzalo
16,0.2,20,n3,blocked,fixed30,75,1e-07,,,,4,cuda,torch,400,8,,6.71235,0.0675068,3.66474,0.00796446,4.23629,0.0426346,2.81934,0.00685194,30,1.737,1.737,2026-08-01T02:21:40,9124b27,2.13.0+cu130,gonzalo
16,0.4,inf,n3,blocked,fixed30,75,1e-07,,,,4,cuda,torch,400,8,,5.60643,0.0571624,7.39708,0.0132142,2.93503,0.0297109,5.67719,0.00875658,30,1.73,1.737,2026-08-01T02:21:40,9124b27,2.13.0+cu130,gonzalo
16,0.4,40,n3,blocked,fixed30,75,1e-07,,,,4,cuda,torch,400,8,,7.10265,0.0721437,7.39708,0.0132142,3.98979,0.0403714,5.67719,0.00875658,30,1.73,1.737,2026-08-01T02:21:40,9124b27,2.13.0+cu130,gonzalo
16,0.4,20,n3,blocked,fixed30,75,1e-07,,,,4,cuda,torch,400,8,,8.9962,0.0907805,7.39708,0.0132142,5.43704,0.0547577,5.67719,0.00875658,30,1.726,1.737,2026-08-01T02:21:40,9124b27,2.13.0+cu130,gonzalo
16,0.8,inf,n3,blocked,fixed30,75,1e-07,,,,4,cuda,torch,400,8,,10.8209,0.111584,15.0828,0.0675446,5.73862,0.0583824,11.5137,0.0726314,30,1.727,1.737,2026-08-01T02:21:40,9124b27,2.13.0+cu130,gonzalo
16,0.8,40,n3,blocked,fixed30,75,1e-07,,,,4,cuda,torch,400,8,,11.3321,0.116701,15.0828,0.0675446,6.16111,0.0626586,11.5137,0.0726314,30,1.726,1.737,2026-08-01T02:21:40,9124b27,2.13.0+cu130,gonzalo
16,0.8,20,n3,blocked,fixed30,75,1e-07,,,,4,cuda,torch,400,8,,11.7641,0.120782,15.0828,0.0675446,6.7115,0.0680842,11.5137,0.0726314,30,1.727,1.737,2026-08-01T02:21:40,9124b27,2.13.0+cu130,gonzalo
17,0.2,inf,n3,blocked,fixed30,75,1e-07,,,,4,cuda,torch,400,8,,2.54363,0.0256597,4.52768,0.00280336,0.970156,0.00974537,3.90114,0.00269,30,1.725,1.737,2026-08-01T02:21:40,9124b27,2.13.0+cu130,gonzalo
17,0.2,40,n3,blocked,fixed30,75,1e-07,,,,4,cuda,torch,400,8,,2.99066,0.0304566,4.52768,0.00280336,1.3235,0.01335,3.90114,0.00269,30,1.725,1.737,2026-08-01T02:21:40,9124b27,2.13.0+cu130,gonzalo
17,0.2,20,n3,blocked,fixed30,75,1e-07,,,,4,cuda,torch,400,8,,5.31907,0.0538082,4.52768,0.00280336,3.22756,0.0324328,3.90114,0.00269,30,1.726,1.737,2026-08-01T02:21:40,9124b27,2.13.0+cu130,gonzalo
17,0.4,inf,n3,blocked,fixed30,75,1e-07,,,,4,cuda,torch,400,8,,5.60351,0.057744,9.08495,0.00610093,2.37538,0.0241782,7.84108,0.00587901,30,1.742,1.737,2026-08-01T02:21:40,9124b27,2.13.0+cu130,gonzalo
17,0.4,40,n3,blocked,fixed30,75,1e-07,,,,4,cuda,torch,400,8,,6.0885,0.0629034,9.08495,0.00610093,2.82689,0.0287579,7.84108,0.00587901,30,1.738,1.737,2026-08-01T02:21:40,9124b27,2.13.0+cu130,gonzalo
17,0.4,20,n3,blocked,fixed30,75,1e-07,,,,4,cuda,torch,400,8,,7.21526,0.0743249,9.08495,0.00610093,3.95982,0.0400957,7.84108,0.00587901,30,1.74,1.737,2026-08-01T02:21:40,9124b27,2.13.0+cu130,gonzalo
17,0.8,inf,n3,blocked,fixed30,75,1e-07,,,,4,cuda,torch,400,8,,10.8323,0.113126,18.2849,0.0144151,5.81506,0.0603726,15.8389,0.0138501,30,1.744,1.737,2026-08-01T02:21:40,9124b27,2.13.0+cu130,gonzalo
17,0.8,40,n3,blocked,fixed30,75,1e-07,,,,4,cuda,torch,400,8,,11.1554,0.116509,18.2849,0.0144151,6.1408,0.0637956,15.8389,0.0138501,30,1.732,1.737,2026-08-01T02:21:40,9124b27,2.13.0+cu130,gonzalo
17,0.8,20,n3,blocked,fixed30,75,1e-07,,,,4,cuda,torch,400,8,,11.2441,0.117315,18.2849,0.0144151,6.42428,0.0666878,15.8389,0.0138501,30,1.73,1.737,2026-08-01T02:21:40,9124b27,2.13.0+cu130,gonzalo
18,0.2,inf,n3,blocked,fixed30,75,1e-07,,,,4,cuda,torch,400,8,,2.65541,0.0269648,5.15763,0.00307719,1.37729,0.0139513,4.52636,0.00241444,30,1.739,1.737,2026-08-01T02:21:40,9124b27,2.13.0+cu130,gonzalo
18,0.2,40,n3,blocked,fixed30,75,1e-07,,,,4,cuda,torch,400,8,,3.4514,0.035323,5.15763,0.00307719,2.04129,0.020772,4.52636,0.00241444,30,1.732,1.737,2026-08-01T02:21:40,9124b27,2.13.0+cu130,gonzalo
18,0.2,20,n3,blocked,fixed30,75,1e-07,,,,4,cuda,torch,400,8,,5.49179,0.0558135,5.15763,0.00307719,3.64946,0.0370536,4.52636,0.00241444,30,1.726,1.737,2026-08-01T02:21:40,9124b27,2.13.0+cu130,gonzalo
18,0.4,inf,n3,blocked,fixed30,75,1e-07,,,,4,cuda,torch,400,8,,5.569,0.0574471,10.3687,0.00724825,3.22275,0.0331308,9.07604,0.00658691,30,1.731,1.737,2026-08-01T02:21:40,9124b27,2.13.0+cu130,gonzalo
18,0.4,40,n3,blocked,fixed30,75,1e-07,,,,4,cuda,torch,400,8,,5.95739,0.0616007,10.3687,0.00724825,3.58586,0.0368766,9.07604,0.00658691,30,1.729,1.737,2026-08-01T02:21:40,9124b27,2.13.0+cu130,gonzalo
18,0.4,20,n3,blocked,fixed30,75,1e-07,,,,4,cuda,torch,400,8,,6.93825,0.0714853,10.3687,0.00724825,4.46332,0.0457312,9.07604,0.00658691,30,1.73,1.737,2026-08-01T02:21:40,9124b27,2.13.0+cu130,gonzalo
18,0.8,inf,n3,blocked,fixed30,75,1e-07,,,,4,cuda,torch,400,8,,10.1055,0.104102,20.9244,0.0206634,5.9866,0.0619259,18.2309,0.0207934,30,1.729,1.737,2026-08-01T02:21:40,9124b27,2.13.0+cu130,gonzalo
18,0.8,40,n3,blocked,fixed30,75,1e-07,,,,4,cuda,torch,400,8,,10.3283,0.10667,20.9244,0.0206634,6.23462,0.0645409,18.2309,0.0207934,30,1.728,1.737,2026-08-01T02:21:40,9124b27,2.13.0+cu130,gonzalo
18,0.8,20,n3,blocked,fixed30,75,1e-07,,,,4,cuda,torch,400,8,,10.6427,0.110014,20.9244,0.0206634,6.74094,0.0697278,18.2309,0.0207934,30,1.731,1.737,2026-08-01T02:21:40,9124b27,2.13.0+cu130,gonzalo
19,0.2,inf,n3,blocked,fixed30,75,1e-07,,,,4,cuda,torch,400,8,,2.08705,0.020949,3.8229,0.0022607,0.891956,0.008953,2.77565,0.00157815,30,1.728,1.737,2026-08-01T02:21:40,9124b27,2.13.0+cu130,gonzalo
19,0.2,40,n3,blocked,fixed30,75,1e-07,,,,4,cuda,torch,400,8,,2.9856,0.0302107,3.8229,0.0022607,1.56536,0.015768,2.77565,0.00157815,30,1.73,1.737,2026-08-01T02:21:40,9124b27,2.13.0+cu130,gonzalo
19,0.2,20,n3,blocked,fixed30,75,1e-07,,,,4,cuda,torch,400,8,,5.8566,0.0588262,3.8229,0.0022607,3.72534,0.0374683,2.77565,0.00157815,30,1.729,1.737,2026-08-01T02:21:40,9124b27,2.13.0+cu130,gonzalo
19,0.4,inf,n3,blocked,fixed30,75,1e-07,,,,4,cuda,torch,400,8,,4.96344,0.0504662,7.67324,0.00451552,2.24785,0.0227442,5.55738,0.00264871,30,1.727,1.737,2026-08-01T02:21:40,9124b27,2.13.0+cu130,gonzalo
19,0.4,40,n3,blocked,fixed30,75,1e-07,,,,4,cuda,torch,400,8,,5.88691,0.0600641,7.67324,0.00451552,3.01863,0.0305753,5.55738,0.00264871,30,1.729,1.737,2026-08-01T02:21:40,9124b27,2.13.0+cu130,gonzalo
19,0.4,20,n3,blocked,fixed30,75,1e-07,,,,4,cuda,torch,400,8,,7.8237,0.0793677,7.67324,0.00451552,4.71678,0.0475961,5.55738,0.00264871,30,1.729,1.737,2026-08-01T02:21:40,9124b27,2.13.0+cu130,gonzalo
19,0.8,inf,n3,blocked,fixed30,75,1e-07,,,,4,cuda,torch,400,8,,10.1265,0.104668,15.4667,0.011094,5.09905,0.0521442,11.1436,0.00715677,30,1.727,1.737,2026-08-01T02:21:40,9124b27,2.13.0+cu130,gonzalo
19,0.8,40,n3,blocked,fixed30,75,1e-07,,,,4,cuda,torch,400,8,,10.5394,0.108962,15.4667,0.011094,5.47227,0.0559546,11.1436,0.00715677,30,1.726,1.737,2026-08-01T02:21:40,9124b27,2.13.0+cu130,gonzalo
19,0.8,20,n3,blocked,fixed30,75,1e-07,,,,4,cuda,torch,400,8,,10.8311,0.111899,15.4667,0.011094,5.94631,0.0606853,11.1436,0.00715677,30,1.73,1.737,2026-08-01T02:21:40,9124b27,2.13.0+cu130,gonzalo
20,0.2,inf,n3,blocked,fixed30,75,1e-07,,,,4,cuda,torch,400,8,,1.71703,0.0172516,4.05967,0.00161096,0.792801,0.007908,3.20244,0.00122338,30,1.728,1.737,2026-08-01T02:21:40,9124b27,2.13.0+cu130,gonzalo
20,0.2,40,n3,blocked,fixed30,75,1e-07,,,,4,cuda,torch,400,8,,2.17873,0.0221778,4.05967,0.00161096,1.04649,0.0105406,3.20244,0.00122338,30,1.727,1.737,2026-08-01T02:21:40,9124b27,2.13.0+cu130,gonzalo
20,0.2,20,n3,blocked,fixed30,75,1e-07,,,,4,cuda,torch,400,8,,4.33794,0.0440206,4.05967,0.00161096,2.78736,0.0280172,3.20244,0.00122338,30,1.728,1.737,2026-08-01T02:21:40,9124b27,2.13.0+cu130,gonzalo
20,0.4,inf,n3,blocked,fixed30,75,1e-07,,,,4,cuda,torch,400,8,,3.5995,0.0363638,8.08774,0.00323588,1.60937,0.016052,6.39393,0.00239086,30,1.728,1.737,2026-08-01T02:21:40,9124b27,2.13.0+cu130,gonzalo
20,0.4,40,n3,blocked,fixed30,75,1e-07,,,,4,cuda,torch,400,8,,3.8687,0.0395723,8.08774,0.00323588,1.75116,0.0176523,6.39393,0.00239086,30,1.729,1.737,2026-08-01T02:21:40,9124b27,2.13.0+cu130,gonzalo
20,0.4,20,n3,blocked,fixed30,75,1e-07,,,,4,cuda,torch,400,8,,5.13738,0.0529807,8.08774,0.00323588,2.90098,0.0293347,6.39393,0.00239086,30,1.732,1.737,2026-08-01T02:21:40,9124b27,2.13.0+cu130,gonzalo
20,0.8,inf,n3,blocked,fixed30,75,1e-07,,,,4,cuda,torch,400,8,,8.0994,0.0819621,16.0583,0.00740932,3.82736,0.0381266,12.7456,0.00577228,30,1.733,1.737,2026-08-01T02:21:40,9124b27,2.13.0+cu130,gonzalo
20,0.8,40,n3,blocked,fixed30,75,1e-07,,,,4,cuda,torch,400,8,,8.35019,0.0851207,16.0583,0.00740932,4.00877,0.0402117,12.7456,0.00577228,30,1.732,1.737,2026-08-01T02:21:40,9124b27,2.13.0+cu130,gonzalo
20,0.8,20,n3,blocked,fixed30,75,1e-07,,,,4,cuda,torch,400,8,,8.95543,0.0924596,16.0583,0.00740932,4.5396,0.0460186,12.7456,0.00577228,30,1.73,1.737,2026-08-01T02:21:40,9124b27,2.13.0+cu130,gonzalo
21,0.2,inf,n3,blocked,fixed30,75,1e-07,,,,4,cuda,torch,400,8,,1.47628,0.0148678,2.99698,0.00354402,0.796728,0.00801874,2.17704,0.00279842,30,1.736,1.737,2026-08-01T02:21:40,9124b27,2.13.0+cu130,gonzalo
21,0.2,40,n3,blocked,fixed30,75,1e-07,,,,4,cuda,torch,400,8,,2.32599,0.0234977,2.99698,0.00354402,1.54943,0.0156533,2.17704,0.00279842,30,1.737,1.737,2026-08-01T02:21:40,9124b27,2.13.0+cu130,gonzalo
21,0.2,20,n3,blocked,fixed30,75,1e-07,,,,4,cuda,torch,400,8,,5.90557,0.0591234,2.99698,0.00354402,4.02238,0.0405364,2.17704,0.00279842,30,1.736,1.737,2026-08-01T02:21:40,9124b27,2.13.0+cu130,gonzalo
21,0.4,inf,n3,blocked,fixed30,75,1e-07,,,,4,cuda,torch,400,8,,3.14377,0.0318373,6.09176,0.00632177,1.78142,0.01806,4.3992,0.00399114,30,1.737,1.737,2026-08-01T02:21:40,9124b27,2.13.0+cu130,gonzalo
21,0.4,40,n3,blocked,fixed30,75,1e-07,,,,4,cuda,torch,400,8,,4.40671,0.0446951,6.09176,0.00632177,2.7689,0.0281601,4.3992,0.00399114,30,1.735,1.737,2026-08-01T02:21:40,9124b27,2.13.0+cu130,gonzalo
21,0.4,20,n3,blocked,fixed30,75,1e-07,,,,4,cuda,torch,400,8,,7.15543,0.0720102,6.09176,0.00632177,4.65735,0.0471214,4.3992,0.00399114,30,1.735,1.737,2026-08-01T02:21:40,9124b27,2.13.0+cu130,gonzalo
21,0.8,inf,n3,blocked,fixed30,75,1e-07,,,,4,cuda,torch,400,8,,7.55147,0.0776148,12.6107,0.0246048,4.16913,0.0427734,8.99035,0.0232216,30,1.735,1.737,2026-08-01T02:21:40,9124b27,2.13.0+cu130,gonzalo
21,0.8,40,n3,blocked,fixed30,75,1e-07,,,,4,cuda,torch,400,8,,8.23986,0.0846972,12.6107,0.0246048,4.70265,0.0481904,8.99035,0.0232216,30,1.729,1.737,2026-08-01T02:21:40,9124b27,2.13.0+cu130,gonzalo
21,0.8,20,n3,blocked,fixed30,75,1e-07,,,,4,cuda,torch,400,8,,9.17668,0.0939606,12.6107,0.0246048,5.58848,0.0569842,8.99035,0.0232216,30,1.73,1.737,2026-08-01T02:21:40,9124b27,2.13.0+cu130,gonzalo
22,0.2,inf,n3,blocked,fixed30,75,1e-07,,,,4,cuda,torch,400,8,,1.72409,0.0173699,3.23231,0.0019604,0.852432,0.00860558,2.40248,0.00166794,30,1.728,1.737,2026-08-01T02:21:40,9124b27,2.13.0+cu130,gonzalo
22,0.2,40,n3,blocked,fixed30,75,1e-07,,,,4,cuda,torch,400,8,,2.37577,0.0241909,3.23231,0.0019604,1.44491,0.0146587,2.40248,0.00166794,30,1.727,1.737,2026-08-01T02:21:40,9124b27,2.13.0+cu130,gonzalo
22,0.2,20,n3,blocked,fixed30,75,1e-07,,,,4,cuda,torch,400,8,,5.74401,0.0578898,3.23231,0.0019604,3.81904,0.0385714,2.40248,0.00166794,30,1.73,1.737,2026-08-01T02:21:40,9124b27,2.13.0+cu130,gonzalo
22,0.4,inf,n3,blocked,fixed30,75,1e-07,,,,4,cuda,torch,400,8,,3.68268,0.0377887,6.56999,0.00387989,1.90805,0.0195314,4.853,0.00319601,30,1.728,1.737,2026-08-01T02:21:40,9124b27,2.13.0+cu130,gonzalo
22,0.4,40,n3,blocked,fixed30,75,1e-07,,,,4,cuda,torch,400,8,,4.20084,0.0432849,6.56999,0.00387989,2.44703,0.0250801,4.853,0.00319601,30,1.726,1.737,2026-08-01T02:21:40,9124b27,2.13.0+cu130,gonzalo
22,0.4,20,n3,blocked,fixed30,75,1e-07,,,,4,cuda,torch,400,8,,6.06429,0.0616968,6.56999,0.00387989,3.97192,0.0404038,4.853,0.00319601,30,1.727,1.737,2026-08-01T02:21:40,9124b27,2.13.0+cu130,gonzalo
22,0.8,inf,n3,blocked,fixed30,75,1e-07,,,,4,cuda,torch,400,8,,6.59374,0.0678722,13.5922,0.00800466,3.45721,0.0356413,9.90884,0.00624201,30,1.73,1.737,2026-08-01T02:21:40,9124b27,2.13.0+cu130,gonzalo
22,0.8,40,n3,blocked,fixed30,75,1e-07,,,,4,cuda,torch,400,8,,7.03082,0.0727589,13.5922,0.00800466,3.90907,0.04035,9.90884,0.00624201,30,1.734,1.737,2026-08-01T02:21:40,9124b27,2.13.0+cu130,gonzalo
22,0.8,20,n3,blocked,fixed30,75,1e-07,,,,4,cuda,torch,400,8,,7.95917,0.0825253,13.5922,0.00800466,4.81751,0.0495849,9.90884,0.00624201,30,1.724,1.737,2026-08-01T02:21:40,9124b27,2.13.0+cu130,gonzalo
23,0.2,inf,n3,blocked,fixed30,75,1e-07,,,,4,cuda,torch,400,8,,2.479,0.0248644,4.45267,0.00142494,1.01958,0.010233,3.63387,0.000984382,30,1.731,1.737,2026-08-01T02:21:40,9124b27,2.13.0+cu130,gonzalo
23,0.2,40,n3,blocked,fixed30,75,1e-07,,,,4,cuda,torch,400,8,,3.25507,0.0330161,4.45267,0.00142494,1.65961,0.0167403,3.63387,0.000984382,30,1.733,1.737,2026-08-01T02:21:40,9124b27,2.13.0+cu130,gonzalo
23,0.2,20,n3,blocked,fixed30,75,1e-07,,,,4,cuda,torch,400,8,,5.69592,0.0573761,4.45267,0.00142494,3.5737,0.035956,3.63387,0.000984382,30,1.734,1.737,2026-08-01T02:21:40,9124b27,2.13.0+cu130,gonzalo
23,0.4,inf,n3,blocked,fixed30,75,1e-07,,,,4,cuda,torch,400,8,,5.9444,0.0607374,8.909,0.00317018,2.72954,0.0277011,7.26901,0.00242193,30,1.735,1.737,2026-08-01T02:21:40,9124b27,2.13.0+cu130,gonzalo
23,0.4,40,n3,blocked,fixed30,75,1e-07,,,,4,cuda,torch,400,8,,6.44498,0.0660413,8.909,0.00317018,3.24605,0.0329598,7.26901,0.00242193,30,1.734,1.737,2026-08-01T02:21:40,9124b27,2.13.0+cu130,gonzalo
23,0.4,20,n3,blocked,fixed30,75,1e-07,,,,4,cuda,torch,400,8,,7.38505,0.0755296,8.909,0.00317018,4.28649,0.0433965,7.26901,0.00242193,30,1.729,1.737,2026-08-01T02:21:40,9124b27,2.13.0+cu130,gonzalo
23,0.8,inf,n3,blocked,fixed30,75,1e-07,,,,4,cuda,torch,400,8,,10.4827,0.107665,17.8293,0.00865756,5.16752,0.0528846,14.5424,0.00789459,30,1.734,1.737,2026-08-01T02:21:40,9124b27,2.13.0+cu130,gonzalo
23,0.8,40,n3,blocked,fixed30,75,1e-07,,,,4,cuda,torch,400,8,,10.7747,0.110891,17.8293,0.00865756,5.44791,0.0557669,14.5424,0.00789459,30,1.735,1.737,2026-08-01T02:21:40,9124b27,2.13.0+cu130,gonzalo
23,0.8,20,n3,blocked,fixed30,75,1e-07,,,,4,cuda,torch,400,8,,11.0585,0.113869,17.8293,0.00865756,5.98297,0.0611987,14.5424,0.00789459,30,1.733,1.737,2026-08-01T02:21:40,9124b27,2.13.0+cu130,gonzalo
24,0.2,inf,n3,blocked,fixed30,75,1e-07,,,,4,cuda,torch,400,8,,2.21329,0.0223003,4.09319,0.0015522,1.08514,0.0108251,3.49858,0.00108856,30,1.784,1.737,2026-08-01T02:21:40,9124b27,2.13.0+cu130,gonzalo
24,0.2,40,n3,blocked,fixed30,75,1e-07,,,,4,cuda,torch,400,8,,2.45289,0.0250109,4.09319,0.0015522,1.13447,0.011431,3.49858,0.00108856,30,1.782,1.737,2026-08-01T02:21:40,9124b27,2.13.0+cu130,gonzalo
24,0.2,20,n3,blocked,fixed30,75,1e-07,,,,4,cuda,torch,400,8,,4.7421,0.0481076,4.09319,0.0015522,2.92106,0.0293385,3.49858,0.00108856,30,1.784,1.737,2026-08-01T02:21:40,9124b27,2.13.0+cu130,gonzalo
24,0.4,inf,n3,blocked,fixed30,75,1e-07,,,,4,cuda,torch,400,8,,4.40093,0.0444824,8.21065,0.00315183,2.30183,0.0229122,6.99524,0.0022412,30,1.787,1.737,2026-08-01T02:21:40,9124b27,2.13.0+cu130,gonzalo
24,0.4,40,n3,blocked,fixed30,75,1e-07,,,,4,cuda,torch,400,8,,4.49211,0.0459371,8.21065,0.00315183,2.18928,0.0220579,6.99524,0.0022412,30,1.789,1.737,2026-08-01T02:21:40,9124b27,2.13.0+cu130,gonzalo
24,0.4,20,n3,blocked,fixed30,75,1e-07,,,,4,cuda,torch,400,8,,5.97895,0.0618432,8.21065,0.00315183,3.29328,0.0333925,6.99524,0.0022412,30,1.789,1.737,2026-08-01T02:21:40,9124b27,2.13.0+cu130,gonzalo
24,0.8,inf,n3,blocked,fixed30,75,1e-07,,,,4,cuda,torch,400,8,,8.912,0.0924534,16.5234,0.00707051,5.07912,0.0509977,13.9835,0.00517041,30,1.79,1.737,2026-08-01T02:21:40,9124b27,2.13.0+cu130,gonzalo
24,0.8,40,n3,blocked,fixed30,75,1e-07,,,,4,cuda,torch,400,8,,9.0034,0.0941669,16.5234,0.00707051,4.95554,0.0502126,13.9835,0.00517041,30,1.79,1.737,2026-08-01T02:21:40,9124b27,2.13.0+cu130,gonzalo
24,0.8,20,n3,blocked,fixed30,75,1e-07,,,,4,cuda,torch,400,8,,9.31307,0.098354,16.5234,0.00707051,5.10866,0.0524186,13.9835,0.00517041,30,1.789,1.737,2026-08-01T02:21:40,9124b27,2.13.0+cu130,gonzalo
25,0.2,inf,n3,blocked,fixed30,75,1e-07,,,,4,cuda,torch,400,8,,2.45332,0.0251993,4.60232,0.005527,1.05413,0.0106501,3.76495,0.00482561,30,1.783,1.737,2026-08-01T02:21:40,9124b27,2.13.0+cu130,gonzalo
25,0.2,40,n3,blocked,fixed30,75,1e-07,,,,4,cuda,torch,400,8,,3.20391,0.0328695,4.60232,0.005527,1.64324,0.016614,3.76495,0.00482561,30,1.785,1.737,2026-08-01T02:21:40,9124b27,2.13.0+cu130,gonzalo
25,0.2,20,n3,blocked,fixed30,75,1e-07,,,,4,cuda,torch,400,8,,5.84742,0.0592636,4.60232,0.005527,3.66758,0.0369232,3.76495,0.00482561,30,1.784,1.737,2026-08-01T02:21:40,9124b27,2.13.0+cu130,gonzalo
25,0.4,inf,n3,blocked,fixed30,75,1e-07,,,,4,cuda,torch,400,8,,4.93814,0.0511797,9.22679,0.0116042,2.28993,0.0232809,7.54506,0.00962142,30,1.783,1.737,2026-08-01T02:21:40,9124b27,2.13.0+cu130,gonzalo
25,0.4,40,n3,blocked,fixed30,75,1e-07,,,,4,cuda,torch,400,8,,5.98386,0.0619065,9.22679,0.0116042,3.13964,0.0319007,7.54506,0.00962142,30,1.784,1.737,2026-08-01T02:21:40,9124b27,2.13.0+cu130,gonzalo
25,0.4,20,n3,blocked,fixed30,75,1e-07,,,,4,cuda,torch,400,8,,7.88285,0.0809652,9.22679,0.0116042,4.70454,0.0475328,7.54506,0.00962142,30,1.784,1.737,2026-08-01T02:21:40,9124b27,2.13.0+cu130,gonzalo
25,0.8,inf,n3,blocked,fixed30,75,1e-07,,,,4,cuda,torch,400,8,,11.0616,0.117116,18.5363,0.0314152,5.70055,0.0585552,15.1497,0.0286051,30,1.785,1.737,2026-08-01T02:21:40,9124b27,2.13.0+cu130,gonzalo
25,0.8,40,n3,blocked,fixed30,75,1e-07,,,,4,cuda,torch,400,8,,11.326,0.11977,18.5363,0.0314152,6.00071,0.0616097,15.1497,0.0286051,30,1.785,1.737,2026-08-01T02:21:40,9124b27,2.13.0+cu130,gonzalo
25,0.8,20,n3,blocked,fixed30,75,1e-07,,,,4,cuda,torch,400,8,,11.6045,0.122327,18.5363,0.0314152,6.5263,0.0669032,15.1497,0.0286051,30,1.782,1.737,2026-08-01T02:21:40,9124b27,2.13.0+cu130,gonzalo
26,0.2,inf,n3,blocked,fixed30,75,1e-07,,,,4,cuda,torch,400,8,,2.73084,0.027688,4.8888,0.00266175,1.03936,0.010463,3.92603,0.00246923,30,1.785,1.737,2026-08-01T02:21:40,9124b27,2.13.0+cu130,gonzalo
26,0.2,40,n3,blocked,fixed30,75,1e-07,,,,4,cuda,torch,400,8,,3.36955,0.0343403,4.8888,0.00266175,1.52627,0.0153741,3.92603,0.00246923,30,1.784,1.737,2026-08-01T02:21:40,9124b27,2.13.0+cu130,gonzalo
26,0.2,20,n3,blocked,fixed30,75,1e-07,,,,4,cuda,torch,400,8,,5.74324,0.0580314,4.8888,0.00266175,3.47235,0.0348887,3.92603,0.00246923,30,1.784,1.737,2026-08-01T02:21:40,9124b27,2.13.0+cu130,gonzalo
26,0.4,inf,n3,blocked,fixed30,75,1e-07,,,,4,cuda,torch,400,8,,6.56037,0.0681249,9.8941,0.00627185,3.01918,0.0307744,7.942,0.00602147,30,1.793,1.737,2026-08-01T02:21:40,9124b27,2.13.0+cu130,gonzalo
26,0.4,40,n3,blocked,fixed30,75,1e-07,,,,4,cuda,torch,400,8,,7.14521,0.0741759,9.8941,0.00627185,3.56271,0.0362027,7.942,0.00602147,30,1.793,1.737,2026-08-01T02:21:40,9124b27,2.13.0+cu130,gonzalo
26,0.4,20,n3,blocked,fixed30,75,1e-07,,,,4,cuda,torch,400,8,,7.99128,0.0824703,9.8941,0.00627185,4.53958,0.045933,7.942,0.00602147,30,1.793,1.737,2026-08-01T02:21:40,9124b27,2.13.0+cu130,gonzalo
26,0.8,inf,n3,blocked,fixed30,75,1e-07,,,,4,cuda,torch,400,8,,11.306,0.119992,20.2417,0.015415,5.97465,0.0624005,16.2476,0.014669,30,1.746,1.737,2026-08-01T02:21:40,9124b27,2.13.0+cu130,gonzalo
26,0.8,40,n3,blocked,fixed30,75,1e-07,,,,4,cuda,torch,400,8,,11.5363,0.122538,20.2417,0.015415,6.28925,0.0656571,16.2476,0.014669,30,1.738,1.737,2026-08-01T02:21:40,9124b27,2.13.0+cu130,gonzalo
26,0.8,20,n3,blocked,fixed30,75,1e-07,,,,4,cuda,torch,400,8,,11.7239,0.124482,20.2417,0.015415,6.65473,0.0693758,16.2476,0.014669,30,1.735,1.737,2026-08-01T02:21:40,9124b27,2.13.0+cu130,gonzalo
27,0.2,inf,n3,blocked,fixed30,75,1e-07,,,,4,cuda,torch,400,8,,2.16225,0.0219342,4.2001,0.00139402,0.927946,0.00933847,3.44453,0.0012916,30,1.732,1.737,2026-08-01T02:21:40,9124b27,2.13.0+cu130,gonzalo
27,0.2,40,n3,blocked,fixed30,75,1e-07,,,,4,cuda,torch,400,8,,3.10839,0.0317124,4.2001,0.00139402,1.52426,0.0153993,3.44453,0.0012916,30,1.731,1.737,2026-08-01T02:21:40,9124b27,2.13.0+cu130,gonzalo
27,0.2,20,n3,blocked,fixed30,75,1e-07,,,,4,cuda,torch,400,8,,5.85306,0.0592101,4.2001,0.00139402,3.52394,0.0354243,3.44453,0.0012916,30,1.738,1.737,2026-08-01T02:21:40,9124b27,2.13.0+cu130,gonzalo
27,0.4,inf,n3,blocked,fixed30,75,1e-07,,,,4,cuda,torch,400,8,,4.79179,0.0493896,8.42177,0.00280927,2.05812,0.0208978,6.90956,0.00246695,30,1.736,1.737,2026-08-01T02:21:40,9124b27,2.13.0+cu130,gonzalo
27,0.4,40,n3,blocked,fixed30,75,1e-07,,,,4,cuda,torch,400,8,,5.43929,0.0561938,8.42177,0.00280927,2.52674,0.0256855,6.90956,0.00246695,30,1.735,1.737,2026-08-01T02:21:40,9124b27,2.13.0+cu130,gonzalo
27,0.4,20,n3,blocked,fixed30,75,1e-07,,,,4,cuda,torch,400,8,,6.86556,0.0705915,8.42177,0.00280927,3.75939,0.0380367,6.90956,0.00246695,30,1.732,1.737,2026-08-01T02:21:40,9124b27,2.13.0+cu130,gonzalo
27,0.8,inf,n3,blocked,fixed30,75,1e-07,,,,4,cuda,torch,400,8,,9.54433,0.100582,16.9327,0.00654447,4.49848,0.0462666,13.903,0.00523319,30,1.791,1.737,2026-08-01T02:21:40,9124b27,2.13.0+cu130,gonzalo
27,0.8,40,n3,blocked,fixed30,75,1e-07,,,,4,cuda,torch,400,8,,9.8038,0.10334,16.9327,0.00654447,4.8124,0.0494769,13.903,0.00523319,30,1.792,1.737,2026-08-01T02:21:40,9124b27,2.13.0+cu130,gonzalo
27,0.8,20,n3,blocked,fixed30,75,1e-07,,,,4,cuda,torch,400,8,,10.179,0.107148,16.9327,0.00654447,5.43032,0.0558224,13.903,0.00523319,30,1.784,1.737,2026-08-01T02:21:40,9124b27,2.13.0+cu130,gonzalo
28,0.2,inf,n3,blocked,fixed30,75,1e-07,,,,4,cuda,torch,400,8,,2.29617,0.0232242,4.45045,0.0025675,0.945338,0.00951903,3.46673,0.0019458,30,1.791,1.737,2026-08-01T02:21:40,9124b27,2.13.0+cu130,gonzalo
28,0.2,40,n3,blocked,fixed30,75,1e-07,,,,4,cuda,torch,400,8,,3.19332,0.0324536,4.45045,0.0025675,1.58436,0.0159688,3.46673,0.0019458,30,1.79,1.737,2026-08-01T02:21:40,9124b27,2.13.0+cu130,gonzalo
28,0.2,20,n3,blocked,fixed30,75,1e-07,,,,4,cuda,torch,400,8,,6.39387,0.0641037,4.45045,0.0025675,4.18471,0.0420869,3.46673,0.0019458,30,1.791,1.737,2026-08-01T02:21:40,9124b27,2.13.0+cu130,gonzalo
28,0.4,inf,n3,blocked,fixed30,75,1e-07,,,,4,cuda,torch,400,8,,5.0595,0.0519686,8.96917,0.00585954,2.31948,0.0235804,6.96572,0.00501558,30,1.786,1.737,2026-08-01T02:21:40,9124b27,2.13.0+cu130,gonzalo
28,0.4,40,n3,blocked,fixed30,75,1e-07,,,,4,cuda,torch,400,8,,5.89556,0.0605492,8.96917,0.00585954,2.99127,0.0303619,6.96572,0.00501558,30,1.785,1.737,2026-08-01T02:21:40,9124b27,2.13.0+cu130,gonzalo
28,0.4,20,n3,blocked,fixed30,75,1e-07,,,,4,cuda,torch,400,8,,7.59835,0.0774002,8.96917,0.00585954,4.57032,0.0461054,6.96572,0.00501558,30,1.783,1.737,2026-08-01T02:21:40,9124b27,2.13.0+cu130,gonzalo
28,0.8,inf,n3,blocked,fixed30,75,1e-07,,,,4,cuda,torch,400,8,,10.1825,0.10746,18.2099,0.0156079,5.28751,0.0545197,14.0586,0.0150193,30,1.737,1.737,2026-08-01T02:21:40,9124b27,2.13.0+cu130,gonzalo
28,0.8,40,n3,blocked,fixed30,75,1e-07,,,,4,cuda,torch,400,8,,10.5407,0.111203,18.2099,0.0156079,5.61301,0.0578631,14.0586,0.0150193,30,1.738,1.737,2026-08-01T02:21:40,9124b27,2.13.0+cu130,gonzalo
28,0.8,20,n3,blocked,fixed30,75,1e-07,,,,4,cuda,torch,400,8,,10.8493,0.114078,18.2099,0.0156079,6.10585,0.0628268,14.0586,0.0150193,30,1.736,1.737,2026-08-01T02:21:40,9124b27,2.13.0+cu130,gonzalo
29,0.2,inf,n3,blocked,fixed30,75,1e-07,,,,4,cuda,torch,400,8,,2.53584,0.0257006,5.02272,0.00213037,1.10665,0.0111448,4.23346,0.00181367,30,1.786,1.737,2026-08-01T02:21:40,9124b27,2.13.0+cu130,gonzalo
29,0.2,40,n3,blocked,fixed30,75,1e-07,,,,4,cuda,torch,400,8,,3.26776,0.0334958,5.02272,0.00213037,1.71018,0.0173373,4.23346,0.00181367,30,1.786,1.737,2026-08-01T02:21:40,9124b27,2.13.0+cu130,gonzalo
29,0.2,20,n3,blocked,fixed30,75,1e-07,,,,4,cuda,torch,400,8,,5.27768,0.0539152,5.02272,0.00213037,3.31746,0.0336084,4.23346,0.00181367,30,1.785,1.737,2026-08-01T02:21:40,9124b27,2.13.0+cu130,gonzalo
29,0.4,inf,n3,blocked,fixed30,75,1e-07,,,,4,cuda,torch,400,8,,5.22503,0.0538979,10.0979,0.0055558,2.62768,0.0268134,8.48476,0.00526672,30,1.786,1.737,2026-08-01T02:21:40,9124b27,2.13.0+cu130,gonzalo
29,0.4,40,n3,blocked,fixed30,75,1e-07,,,,4,cuda,torch,400,8,,5.7238,0.0592798,10.0979,0.0055558,3.09253,0.031622,8.48476,0.00526672,30,1.784,1.737,2026-08-01T02:21:40,9124b27,2.13.0+cu130,gonzalo
29,0.4,20,n3,blocked,fixed30,75,1e-07,,,,4,cuda,torch,400,8,,6.73623,0.0697442,10.0979,0.0055558,4.03257,0.0411683,8.48476,0.00526672,30,1.784,1.737,2026-08-01T02:21:40,9124b27,2.13.0+cu130,gonzalo
29,0.8,inf,n3,blocked,fixed30,75,1e-07,,,,4,cuda,torch,400,8,,9.85857,0.102422,20.387,0.0163171,5.56473,0.0574036,17.0358,0.0161435,30,1.741,1.737,2026-08-01T02:21:40,9124b27,2.13.0+cu130,gonzalo
29,0.8,40,n3,blocked,fixed30,75,1e-07,,,,4,cuda,torch,400,8,,10.1835,0.105729,20.387,0.0163171,5.8561,0.0603885,17.0358,0.0161435,30,1.737,1.737,2026-08-01T02:21:40,9124b27,2.13.0+cu130,gonzalo
29,0.8,20,n3,blocked,fixed30,75,1e-07,,,,4,cuda,torch,400,8,,10.5576,0.109373,20.387,0.0163171,6.38722,0.0657958,17.0358,0.0161435,30,1.737,1.737,2026-08-01T02:21:40,9124b27,2.13.0+cu130,gonzalo
30,0.2,inf,n3,blocked,fixed30,75,1e-07,,,,4,cuda,torch,400,8,,2.66929,0.0268561,4.59402,0.00238317,1.15582,0.0116187,3.53346,0.00159495,30,1.739,1.737,2026-08-01T02:21:40,9124b27,2.13.0+cu130,gonzalo
30,0.2,40,n3,blocked,fixed30,75,1e-07,,,,4,cuda,torch,400,8,,3.5582,0.0361071,4.59402,0.00238317,1.83315,0.0184958,3.53346,0.00159495,30,1.736,1.737,2026-08-01T02:21:40,9124b27,2.13.0+cu130,gonzalo
30,0.2,20,n3,blocked,fixed30,75,1e-07,,,,4,cuda,torch,400,8,,6.67983,0.0668915,4.59402,0.00238317,4.3967,0.0442092,3.53346,0.00159495,30,1.74,1.737,2026-08-01T02:21:40,9124b27,2.13.0+cu130,gonzalo
30,0.4,inf,n3,blocked,fixed30,75,1e-07,,,,4,cuda,torch,400,8,,6.05369,0.0618662,9.22654,0.00499569,2.94411,0.0298727,7.08863,0.00351989,30,1.738,1.737,2026-08-01T02:21:40,9124b27,2.13.0+cu130,gonzalo
30,0.4,40,n3,blocked,fixed30,75,1e-07,,,,4,cuda,torch,400,8,,6.86275,0.0702301,9.22654,0.00499569,3.65472,0.0370626,7.08863,0.00351989,30,1.737,1.737,2026-08-01T02:21:40,9124b27,2.13.0+cu130,gonzalo
30,0.4,20,n3,blocked,fixed30,75,1e-07,,,,4,cuda,torch,400,8,,8.09216,0.082401,9.22654,0.00499569,4.86334,0.0491202,7.08863,0.00351989,30,1.736,1.737,2026-08-01T02:21:40,9124b27,2.13.0+cu130,gonzalo
30,0.8,inf,n3,blocked,fixed30,75,1e-07,,,,4,cuda,torch,400,8,,11.12,0.115696,18.5984,0.0117064,5.94108,0.0610909,14.2638,0.00901962,30,1.737,1.737,2026-08-01T02:21:40,9124b27,2.13.0+cu130,gonzalo
30,0.8,40,n3,blocked,fixed30,75,1e-07,,,,4,cuda,torch,400,8,,11.3429,0.117965,18.5984,0.0117064,6.17257,0.063415,14.2638,0.00901962,30,1.737,1.737,2026-08-01T02:21:40,9124b27,2.13.0+cu130,gonzalo
30,0.8,20,n3,blocked,fixed30,75,1e-07,,,,4,cuda,torch,400,8,,11.5036,0.119458,18.5984,0.0117064,6.55225,0.0671196,14.2638,0.00901962,30,1.737,1.737,2026-08-01T02:21:40,9124b27,2.13.0+cu130,gonzalo
31,0.2,inf,n3,blocked,fixed30,75,1e-07,,,,4,cuda,torch,400,8,,2.21582,0.0220619,4.31386,0.00215592,1.05272,0.0105633,3.77272,0.00204547,30,1.736,1.737,2026-08-01T02:21:40,9124b27,2.13.0+cu130,gonzalo
31,0.2,40,n3,blocked,fixed30,75,1e-07,,,,4,cuda,torch,400,8,,2.84637,0.0289456,4.31386,0.00215592,1.78711,0.018126,3.77272,0.00204547,30,1.739,1.737,2026-08-01T02:21:40,9124b27,2.13.0+cu130,gonzalo
31,0.2,20,n3,blocked,fixed30,75,1e-07,,,,4,cuda,torch,400,8,,5.38409,0.0542226,4.31386,0.00215592,3.77299,0.0382181,3.77272,0.00204547,30,1.739,1.737,2026-08-01T02:21:40,9124b27,2.13.0+cu130,gonzalo
31,0.4,inf,n3,blocked,fixed30,75,1e-07,,,,4,cuda,torch,400,8,,4.69309,0.0472806,8.62918,0.00434515,2.60975,0.0266071,7.54182,0.00409376,30,1.734,1.737,2026-08-01T02:21:40,9124b27,2.13.0+cu130,gonzalo
31,0.4,40,n3,blocked,fixed30,75,1e-07,,,,4,cuda,torch,400,8,,5.21999,0.0532656,8.62918,0.00434515,3.28496,0.0337363,7.54182,0.00409376,30,1.733,1.737,2026-08-01T02:21:40,9124b27,2.13.0+cu130,gonzalo
31,0.4,20,n3,blocked,fixed30,75,1e-07,,,,4,cuda,torch,400,8,,6.50992,0.0661877,8.62918,0.00434515,4.43247,0.0453023,7.54182,0.00409376,30,1.735,1.737,2026-08-01T02:21:40,9124b27,2.13.0+cu130,gonzalo
31,0.8,inf,n3,blocked,fixed30,75,1e-07,,,,4,cuda,torch,400,8,,9.32364,0.0938518,17.266,0.00897464,5.11393,0.0526885,15.0664,0.00821814,30,1.738,1.737,2026-08-01T02:21:40,9124b27,2.13.0+cu130,gonzalo
31,0.8,40,n3,blocked,fixed30,75,1e-07,,,,4,cuda,torch,400,8,,9.61565,0.0973099,17.266,0.00897464,5.40313,0.0557921,15.0664,0.00821814,30,1.736,1.737,2026-08-01T02:21:40,9124b27,2.13.0+cu130,gonzalo
31,0.8,20,n3,blocked,fixed30,75,1e-07,,,,4,cuda,torch,400,8,,9.95333,0.101265,17.266,0.00897464,5.96341,0.0615111,15.0664,0.00821814,30,1.739,1.737,2026-08-01T02:21:40,9124b27,2.13.0+cu130,gonzalo
32,0.2,inf,n3,blocked,fixed30,75,1e-07,,,,4,cuda,torch,400,8,,2.01448,0.0198541,3.85757,0.00769746,1.1689,0.0115356,2.91914,0.00804553,30,1.738,1.737,2026-08-01T02:21:40,9124b27,2.13.0+cu130,gonzalo
32,0.2,40,n3,blocked,fixed30,75,1e-07,,,,4,cuda,torch,400,8,,1.82821,0.0182518,3.85757,0.00769746,0.906044,0.00902975,2.91914,0.00804553,30,1.736,1.737,2026-08-01T02:21:40,9124b27,2.13.0+cu130,gonzalo
32,0.2,20,n3,blocked,fixed30,75,1e-07,,,,4,cuda,torch,400,8,,3.51993,0.0356209,3.85757,0.00769746,2.10167,0.0210877,2.91914,0.00804553,30,1.738,1.737,2026-08-01T02:21:40,9124b27,2.13.0+cu130,gonzalo
32,0.4,inf,n3,blocked,fixed30,75,1e-07,,,,4,cuda,torch,400,8,,4.09411,0.0399368,7.63011,0.0182317,2.72229,0.0265006,5.78325,0.0194967,30,1.741,1.737,2026-08-01T02:21:40,9124b27,2.13.0+cu130,gonzalo
32,0.4,40,n3,blocked,fixed30,75,1e-07,,,,4,cuda,torch,400,8,,3.81199,0.0374362,7.63011,0.0182317,2.22909,0.0218614,5.78325,0.0194967,30,1.737,1.737,2026-08-01T02:21:40,9124b27,2.13.0+cu130,gonzalo
32,0.4,20,n3,blocked,fixed30,75,1e-07,,,,4,cuda,torch,400,8,,4.18484,0.0423664,7.63011,0.0182317,2.13374,0.0214889,5.78325,0.0194967,30,1.742,1.737,2026-08-01T02:21:40,9124b27,2.13.0+cu130,gonzalo
32,0.8,inf,n3,blocked,fixed30,75,1e-07,,,,4,cuda,torch,400,8,,9.68379,0.0915397,14.9354,0.0484334,7.38013,0.0693213,11.3544,0.0525508,30,1.786,1.737,2026-08-01T02:21:40,9124b27,2.13.0+cu130,gonzalo
32,0.8,40,n3,blocked,fixed30,75,1e-07,,,,4,cuda,torch,400,8,,9.26841,0.0876362,14.9354,0.0484334,6.6479,0.0627297,11.3544,0.0525508,30,1.785,1.737,2026-08-01T02:21:40,9124b27,2.13.0+cu130,gonzalo
32,0.8,20,n3,blocked,fixed30,75,1e-07,,,,4,cuda,torch,400,8,,8.48066,0.081376,14.9354,0.0484334,4.94133,0.0475737,11.3544,0.0525508,30,1.782,1.737,2026-08-01T02:21:40,9124b27,2.13.0+cu130,gonzalo
33,0.2,inf,n3,blocked,fixed30,75,1e-07,,,,4,cuda,torch,400,8,,2.26105,0.0227776,4.18554,0.00396929,1.00191,0.0100107,3.59227,0.00306178,30,1.788,1.737,2026-08-01T02:21:40,9124b27,2.13.0+cu130,gonzalo
33,0.2,40,n3,blocked,fixed30,75,1e-07,,,,4,cuda,torch,400,8,,2.65737,0.0270558,4.18554,0.00396929,1.19372,0.0120309,3.59227,0.00306178,30,1.791,1.737,2026-08-01T02:21:40,9124b27,2.13.0+cu130,gonzalo
33,0.2,20,n3,blocked,fixed30,75,1e-07,,,,4,cuda,torch,400,8,,4.96854,0.050436,4.18554,0.00396929,2.95915,0.0297325,3.59227,0.00306178,30,1.785,1.737,2026-08-01T02:21:40,9124b27,2.13.0+cu130,gonzalo
33,0.4,inf,n3,blocked,fixed30,75,1e-07,,,,4,cuda,torch,400,8,,4.60059,0.0465876,8.27676,0.00862777,2.09615,0.0209757,7.12415,0.00698787,30,1.744,1.737,2026-08-01T02:21:40,9124b27,2.13.0+cu130,gonzalo
33,0.4,40,n3,blocked,fixed30,75,1e-07,,,,4,cuda,torch,400,8,,4.90486,0.0501543,8.27676,0.00862777,2.20899,0.0223215,7.12415,0.00698787,30,1.737,1.737,2026-08-01T02:21:40,9124b27,2.13.0+cu130,gonzalo
33,0.4,20,n3,blocked,fixed30,75,1e-07,,,,4,cuda,torch,400,8,,6.40915,0.0660974,8.27676,0.00862777,3.37075,0.0341742,7.12415,0.00698787,30,1.735,1.737,2026-08-01T02:21:40,9124b27,2.13.0+cu130,gonzalo
33,0.8,inf,n3,blocked,fixed30,75,1e-07,,,,4,cuda,torch,400,8,,9.77561,0.100196,16.1857,0.0222432,5.00497,0.050464,14.0094,0.019923,30,1.742,1.737,2026-08-01T02:21:40,9124b27,2.13.0+cu130,gonzalo
33,0.8,40,n3,blocked,fixed30,75,1e-07,,,,4,cuda,torch,400,8,,10.1374,0.104183,16.1857,0.0222432,5.1619,0.0521719,14.0094,0.019923,30,1.739,1.737,2026-08-01T02:21:40,9124b27,2.13.0+cu130,gonzalo
33,0.8,20,n3,blocked,fixed30,75,1e-07,,,,4,cuda,torch,400,8,,10.7132,0.110563,16.1857,0.0222432,5.67842,0.0576738,14.0094,0.019923,30,1.741,1.737,2026-08-01T02:21:40,9124b27,2.13.0+cu130,gonzalo
34,0.2,inf,n3,blocked,fixed30,75,1e-07,,,,4,cuda,torch,400,8,,2.22899,0.0223289,4.26157,0.00363443,1.14264,0.0113581,3.65604,0.00258226,30,1.737,1.737,2026-08-01T02:21:40,9124b27,2.13.0+cu130,gonzalo
34,0.2,40,n3,blocked,fixed30,75,1e-07,,,,4,cuda,torch,400,8,,2.52192,0.0255938,4.26157,0.00363443,1.15919,0.0116543,3.65604,0.00258226,30,1.737,1.737,2026-08-01T02:21:40,9124b27,2.13.0+cu130,gonzalo
34,0.2,20,n3,blocked,fixed30,75,1e-07,,,,4,cuda,torch,400,8,,4.58541,0.0465431,4.26157,0.00363443,2.65627,0.0266962,3.65604,0.00258226,30,1.734,1.737,2026-08-01T02:21:40,9124b27,2.13.0+cu130,gonzalo
34,0.4,inf,n3,blocked,fixed30,75,1e-07,,,,4,cuda,torch,400,8,,4.53668,0.045282,8.45832,0.00805037,2.59198,0.0256029,7.26207,0.00606404,30,1.737,1.737,2026-08-01T02:21:40,9124b27,2.13.0+cu130,gonzalo
34,0.4,40,n3,blocked,fixed30,75,1e-07,,,,4,cuda,torch,400,8,,4.6635,0.0471725,8.45832,0.00805037,2.42748,0.0242886,7.26207,0.00606404,30,1.739,1.737,2026-08-01T02:21:40,9124b27,2.13.0+cu130,gonzalo
34,0.4,20,n3,blocked,fixed30,75,1e-07,,,,4,cuda,torch,400,8,,5.70437,0.0585071,8.45832,0.00805037,2.95747,0.0299769,7.26207,0.00606404,30,1.732,1.737,2026-08-01T02:21:40,9124b27,2.13.0+cu130,gonzalo
34,0.8,inf,n3,blocked,fixed30,75,1e-07,,,,4,cuda,torch,400,8,,9.49962,0.0942749,16.66,0.0210272,6.51635,0.0634591,14.324,0.0173276,30,1.735,1.737,2026-08-01T02:21:40,9124b27,2.13.0+cu130,gonzalo
34,0.8,40,n3,blocked,fixed30,75,1e-07,,,,4,cuda,torch,400,8,,9.58997,0.0955234,16.66,0.0210272,6.16183,0.060224,14.324,0.0173276,30,1.73,1.737,2026-08-01T02:21:40,9124b27,2.13.0+cu130,gonzalo
34,0.8,20,n3,blocked,fixed30,75,1e-07,,,,4,cuda,torch,400,8,,9.85369,0.0999317,16.66,0.0210272,5.70595,0.0568651,14.324,0.0173276,30,1.731,1.737,2026-08-01T02:21:40,9124b27,2.13.0+cu130,gonzalo
35,0.2,inf,n3,blocked,fixed30,75,1e-07,,,,4,cuda,torch,400,8,,2.1052,0.0209986,4.35394,0.00869767,0.850285,0.00848871,3.77532,0.00903084,30,1.731,1.737,2026-08-01T02:21:40,9124b27,2.13.0+cu130,gonzalo
35,0.2,40,n3,blocked,fixed30,75,1e-07,,,,4,cuda,torch,400,8,,2.31736,0.0234349,4.35394,0.00869767,1.00934,0.0101603,3.77532,0.00903084,30,1.731,1.737,2026-08-01T02:21:40,9124b27,2.13.0+cu130,gonzalo
35,0.2,20,n3,blocked,fixed30,75,1e-07,,,,4,cuda,torch,400,8,,4.60435,0.0465976,4.35394,0.00869767,2.89357,0.0290802,3.77532,0.00903084,30,1.731,1.737,2026-08-01T02:21:40,9124b27,2.13.0+cu130,gonzalo
35,0.4,inf,n3,blocked,fixed30,75,1e-07,,,,4,cuda,torch,400,8,,4.28333,0.0434642,8.73989,0.0202876,1.74618,0.0176203,7.57785,0.0210221,30,1.732,1.737,2026-08-01T02:21:40,9124b27,2.13.0+cu130,gonzalo
35,0.4,40,n3,blocked,fixed30,75,1e-07,,,,4,cuda,torch,400,8,,4.68187,0.0479253,8.73989,0.0202876,2.04167,0.0207059,7.57785,0.0210221,30,1.729,1.737,2026-08-01T02:21:40,9124b27,2.13.0+cu130,gonzalo
35,0.4,20,n3,blocked,fixed30,75,1e-07,,,,4,cuda,torch,400,8,,6.23681,0.0642508,8.73989,0.0202876,3.52952,0.035721,7.57785,0.0210221,30,1.728,1.737,2026-08-01T02:21:40,9124b27,2.13.0+cu130,gonzalo
35,0.8,inf,n3,blocked,fixed30,75,1e-07,,,,4,cuda,torch,400,8,,9.55617,0.0999186,17.6069,0.0548449,4.74931,0.0489234,15.263,0.0562895,30,1.732,1.737,2026-08-01T02:21:40,9124b27,2.13.0+cu130,gonzalo
35,0.8,40,n3,blocked,fixed30,75,1e-07,,,,4,cuda,torch,400,8,,9.85602,0.103025,17.6069,0.0548449,5.05635,0.0520502,15.263,0.0562895,30,1.731,1.737,2026-08-01T02:21:40,9124b27,2.13.0+cu130,gonzalo
35,0.8,20,n3,blocked,fixed30,75,1e-07,,,,4,cuda,torch,400,8,,10.0994,0.105328,17.6069,0.0548449,5.60157,0.0575944,15.263,0.0562895,30,1.732,1.737,2026-08-01T02:21:40,9124b27,2.13.0+cu130,gonzalo
36,0.2,inf,n3,blocked,fixed30,75,1e-07,,,,4,cuda,torch,400,8,,2.43266,0.024401,4.79511,0.0036944,1.20121,0.0120925,4.08666,0.00296145,30,1.734,1.737,2026-08-01T02:21:40,9124b27,2.13.0+cu130,gonzalo
36,0.2,40,n3,blocked,fixed30,75,1e-07,,,,4,cuda,torch,400,8,,3.10274,0.0314971,4.79511,0.0036944,1.83676,0.0186385,4.08666,0.00296145,30,1.733,1.737,2026-08-01T02:21:40,9124b27,2.13.0+cu130,gonzalo
36,0.2,20,n3,blocked,fixed30,75,1e-07,,,,4,cuda,torch,400,8,,5.46128,0.0553406,4.79511,0.0036944,3.69378,0.0374667,4.08666,0.00296145,30,1.732,1.737,2026-08-01T02:21:40,9124b27,2.13.0+cu130,gonzalo
36,0.4,inf,n3,blocked,fixed30,75,1e-07,,,,4,cuda,torch,400,8,,5.40501,0.0550764,9.54161,0.00799077,3.02831,0.0309519,8.12703,0.00666619,30,1.736,1.737,2026-08-01T02:21:40,9124b27,2.13.0+cu130,gonzalo
36,0.4,40,n3,blocked,fixed30,75,1e-07,,,,4,cuda,torch,400,8,,5.90104,0.0604258,9.54161,0.00799077,3.51355,0.0360276,8.12703,0.00666619,30,1.732,1.737,2026-08-01T02:21:40,9124b27,2.13.0+cu130,gonzalo
36,0.4,20,n3,blocked,fixed30,75,1e-07,,,,4,cuda,torch,400,8,,6.86046,0.0702891,9.54161,0.00799077,4.37102,0.0447072,8.12703,0.00666619,30,1.732,1.737,2026-08-01T02:21:40,9124b27,2.13.0+cu130,gonzalo
36,0.8,inf,n3,blocked,fixed30,75,1e-07,,,,4,cuda,torch,400,8,,10.1423,0.101345,18.878,0.0254174,5.42589,0.0554038,16.0661,0.0243799,30,1.732,1.737,2026-08-01T02:21:40,9124b27,2.13.0+cu130,gonzalo
36,0.8,40,n3,blocked,fixed30,75,1e-07,,,,4,cuda,torch,400,8,,10.418,0.10418,18.878,0.0254174,5.66038,0.0577746,16.0661,0.0243799,30,1.729,1.737,2026-08-01T02:21:40,9124b27,2.13.0+cu130,gonzalo
36,0.8,20,n3,blocked,fixed30,75,1e-07,,,,4,cuda,torch,400,8,,10.8058,0.108312,18.878,0.0254174,6.2144,0.0633411,16.0661,0.0243799,30,1.732,1.737,2026-08-01T02:21:40,9124b27,2.13.0+cu130,gonzalo
37,0.2,inf,n3,blocked,fixed30,75,1e-07,,,,4,cuda,torch,400,8,,2.488,0.0251867,4.56338,0.00350426,1.16709,0.0117894,3.91621,0.00210109,30,1.736,1.737,2026-08-01T02:21:40,9124b27,2.13.0+cu130,gonzalo
37,0.2,40,n3,blocked,fixed30,75,1e-07,,,,4,cuda,torch,400,8,,3.34391,0.0341159,4.56338,0.00350426,1.87887,0.0190394,3.91621,0.00210109,30,1.73,1.737,2026-08-01T02:21:40,9124b27,2.13.0+cu130,gonzalo
37,0.2,20,n3,blocked,fixed30,75,1e-07,,,,4,cuda,torch,400,8,,5.73947,0.0578749,4.56338,0.00350426,3.70244,0.0373554,3.91621,0.00210109,30,1.731,1.737,2026-08-01T02:21:40,9124b27,2.13.0+cu130,gonzalo
37,0.4,inf,n3,blocked,fixed30,75,1e-07,,,,4,cuda,torch,400,8,,5.69831,0.0582546,9.08809,0.00746009,2.80772,0.0286063,7.81297,0.00509427,30,1.779,1.737,2026-08-01T02:21:40,9124b27,2.13.0+cu130,gonzalo
37,0.4,40,n3,blocked,fixed30,75,1e-07,,,,4,cuda,torch,400,8,,6.17089,0.0632527,9.08809,0.00746009,3.27039,0.0333659,7.81297,0.00509427,30,1.777,1.737,2026-08-01T02:21:40,9124b27,2.13.0+cu130,gonzalo
37,0.4,20,n3,blocked,fixed30,75,1e-07,,,,4,cuda,torch,400,8,,7.38069,0.0753007,9.08809,0.00746009,4.46842,0.0454053,7.81297,0.00509427,30,1.777,1.737,2026-08-01T02:21:40,9124b27,2.13.0+cu130,gonzalo
37,0.8,inf,n3,blocked,fixed30,75,1e-07,,,,4,cuda,torch,400,8,,10.2484,0.104286,18.0083,0.0188599,5.08925,0.0520457,15.5413,0.0161456,30,1.729,1.737,2026-08-01T02:21:40,9124b27,2.13.0+cu130,gonzalo
37,0.8,40,n3,blocked,fixed30,75,1e-07,,,,4,cuda,torch,400,8,,10.6247,0.108385,18.0083,0.0188599,5.47146,0.0560241,15.5413,0.0161456,30,1.73,1.737,2026-08-01T02:21:40,9124b27,2.13.0+cu130,gonzalo
37,0.8,20,n3,blocked,fixed30,75,1e-07,,,,4,cuda,torch,400,8,,10.9641,0.112042,18.0083,0.0188599,6.13971,0.0628777,15.5413,0.0161456,30,1.729,1.737,2026-08-01T02:21:40,9124b27,2.13.0+cu130,gonzalo
38,0.2,inf,n3,blocked,fixed30,75,1e-07,,,,4,cuda,torch,400,8,,2.08661,0.0212558,3.656,0.00387088,0.992676,0.00994837,3.02932,0.00307665,30,1.731,1.737,2026-08-01T02:21:40,9124b27,2.13.0+cu130,gonzalo
38,0.2,40,n3,blocked,fixed30,75,1e-07,,,,4,cuda,torch,400,8,,2.65847,0.0271526,3.656,0.00387088,1.32351,0.0133195,3.02932,0.00307665,30,1.734,1.737,2026-08-01T02:21:40,9124b27,2.13.0+cu130,gonzalo
38,0.2,20,n3,blocked,fixed30,75,1e-07,,,,4,cuda,torch,400,8,,5.22887,0.0529296,3.656,0.00387088,3.24136,0.0325808,3.02932,0.00307665,30,1.732,1.737,2026-08-01T02:21:40,9124b27,2.13.0+cu130,gonzalo
38,0.4,inf,n3,blocked,fixed30,75,1e-07,,,,4,cuda,torch,400,8,,3.90055,0.0400645,7.36944,0.00747703,2.0472,0.0204649,6.0864,0.0051858,30,1.733,1.737,2026-08-01T02:21:40,9124b27,2.13.0+cu130,gonzalo
38,0.4,40,n3,blocked,fixed30,75,1e-07,,,,4,cuda,torch,400,8,,4.45297,0.0459681,7.36944,0.00747703,2.29568,0.0231419,6.0864,0.0051858,30,1.729,1.737,2026-08-01T02:21:40,9124b27,2.13.0+cu130,gonzalo
38,0.4,20,n3,blocked,fixed30,75,1e-07,,,,4,cuda,torch,400,8,,6.67675,0.0685958,7.36944,0.00747703,3.94612,0.039805,6.0864,0.0051858,30,1.73,1.737,2026-08-01T02:21:40,9124b27,2.13.0+cu130,gonzalo
38,0.8,inf,n3,blocked,fixed30,75,1e-07,,,,4,cuda,torch,400,8,,8.24792,0.0872778,14.9954,0.0226606,4.15752,0.0423393,12.2935,0.0203505,30,1.735,1.737,2026-08-01T02:21:40,9124b27,2.13.0+cu130,gonzalo
38,0.8,40,n3,blocked,fixed30,75,1e-07,,,,4,cuda,torch,400,8,,8.75843,0.0926857,14.9954,0.0226606,4.6054,0.0470181,12.2935,0.0203505,30,1.728,1.737,2026-08-01T02:21:40,9124b27,2.13.0+cu130,gonzalo
38,0.8,20,n3,blocked,fixed30,75,1e-07,,,,4,cuda,torch,400,8,,9.66366,0.101778,14.9954,0.0226606,5.52697,0.0563801,12.2935,0.0203505,30,1.726,1.737,2026-08-01T02:21:40,9124b27,2.13.0+cu130,gonzalo
39,0.2,inf,n3,blocked,fixed30,75,1e-07,,,,4,cuda,torch,400,8,,2.62352,0.026181,4.41665,0.00430162,1.22819,0.0123578,3.70136,0.00328311,30,1.728,1.737,2026-08-01T02:21:40,9124b27,2.13.0+cu130,gonzalo
39,0.2,40,n3,blocked,fixed30,75,1e-07,,,,4,cuda,torch,400,8,,3.27218,0.0332188,4.41665,0.00430162,1.93949,0.0196914,3.70136,0.00328311,30,1.731,1.737,2026-08-01T02:21:40,9124b27,2.13.0+cu130,gonzalo
39,0.2,20,n3,blocked,fixed30,75,1e-07,,,,4,cuda,torch,400,8,,5.76132,0.0577991,4.41665,0.00430162,3.93706,0.0398075,3.70136,0.00328311,30,1.73,1.737,2026-08-01T02:21:40,9124b27,2.13.0+cu130,gonzalo
39,0.4,inf,n3,blocked,fixed30,75,1e-07,,,,4,cuda,torch,400,8,,5.29558,0.0532272,8.78367,0.00929594,2.74492,0.0279497,7.37835,0.00779028,30,1.726,1.737,2026-08-01T02:21:40,9124b27,2.13.0+cu130,gonzalo
39,0.4,40,n3,blocked,fixed30,75,1e-07,,,,4,cuda,torch,400,8,,5.69328,0.0576043,8.78367,0.00929594,3.2751,0.033483,7.37835,0.00779028,30,1.725,1.737,2026-08-01T02:21:40,9124b27,2.13.0+cu130,gonzalo
39,0.4,20,n3,blocked,fixed30,75,1e-07,,,,4,cuda,torch,400,8,,6.9894,0.0706883,8.78367,0.00929594,4.52175,0.0460648,7.37835,0.00779028,30,1.725,1.737,2026-08-01T02:21:40,9124b27,2.13.0+cu130,gonzalo
39,0.8,inf,n3,blocked,fixed30,75,1e-07,,,,4,cuda,torch,400,8,,10.4262,0.104279,17.3703,0.0221732,5.40701,0.0554247,14.6581,0.0207595,30,1.726,1.737,2026-08-01T02:21:40,9124b27,2.13.0+cu130,gonzalo
39,0.8,40,n3,blocked,fixed30,75,1e-07,,,,4,cuda,torch,400,8,,10.6434,0.106971,17.3703,0.0221732,5.66772,0.0582066,14.6581,0.0207595,30,1.727,1.737,2026-08-01T02:21:40,9124b27,2.13.0+cu130,gonzalo
39,0.8,20,n3,blocked,fixed30,75,1e-07,,,,4,cuda,torch,400,8,,10.848,0.109242,17.3703,0.0221732,6.15164,0.0630704,14.6581,0.0207595,30,1.727,1.737,2026-08-01T02:21:40,9124b27,2.13.0+cu130,gonzalo
40,0.2,inf,n3,blocked,fixed30,75,1e-07,,,,4,cuda,torch,400,8,,2.44134,0.02465,4.3436,0.00209822,1.08925,0.0109016,3.81288,0.00165616,30,1.728,1.737,2026-08-01T02:21:40,9124b27,2.13.0+cu130,gonzalo
40,0.2,40,n3,blocked,fixed30,75,1e-07,,,,4,cuda,torch,400,8,,2.92197,0.0298098,4.3436,0.00209822,1.28156,0.0129301,3.81288,0.00165616,30,1.725,1.737,2026-08-01T02:21:40,9124b27,2.13.0+cu130,gonzalo
40,0.2,20,n3,blocked,fixed30,75,1e-07,,,,4,cuda,torch,400,8,,5.20951,0.0529066,4.3436,0.00209822,2.99389,0.0300727,3.81288,0.00165616,30,1.727,1.737,2026-08-01T02:21:40,9124b27,2.13.0+cu130,gonzalo
40,0.4,inf,n3,blocked,fixed30,75,1e-07,,,,4,cuda,torch,400,8,,5.03393,0.0514376,8.67211,0.0047098,2.25624,0.0227103,7.62176,0.00389977,30,1.728,1.737,2026-08-01T02:21:40,9124b27,2.13.0+cu130,gonzalo
40,0.4,40,n3,blocked,fixed30,75,1e-07,,,,4,cuda,torch,400,8,,5.42461,0.0560412,8.67211,0.0047098,2.39603,0.0243553,7.62176,0.00389977,30,1.726,1.737,2026-08-01T02:21:40,9124b27,2.13.0+cu130,gonzalo
40,0.4,20,n3,blocked,fixed30,75,1e-07,,,,4,cuda,torch,400,8,,6.96419,0.0721465,8.67211,0.0047098,3.63432,0.0368641,7.62176,0.00389977,30,1.726,1.737,2026-08-01T02:21:40,9124b27,2.13.0+cu130,gonzalo
40,0.8,inf,n3,blocked,fixed30,75,1e-07,,,,4,cuda,torch,400,8,,10.3002,0.107355,17.2847,0.0123412,5.07391,0.05174,15.2236,0.0110395,30,1.727,1.737,2026-08-01T02:21:40,9124b27,2.13.0+cu130,gonzalo
40,0.8,40,n3,blocked,fixed30,75,1e-07,,,,4,cuda,torch,400,8,,10.5362,0.109975,17.2847,0.0123412,5.30201,0.0542158,15.2236,0.0110395,30,1.727,1.737,2026-08-01T02:21:40,9124b27,2.13.0+cu130,gonzalo
40,0.8,20,n3,blocked,fixed30,75,1e-07,,,,4,cuda,torch,400,8,,10.9368,0.114049,17.2847,0.0123412,5.85731,0.0600312,15.2236,0.0110395,30,1.722,1.737,2026-08-01T02:21:40,9124b27,2.13.0+cu130,gonzalo
41,0.2,inf,n3,blocked,fixed30,75,1e-07,,,,4,cuda,torch,400,8,,2.12997,0.0216808,4.45575,0.00261584,0.906634,0.00912729,3.84915,0.00222962,30,1.727,1.737,2026-08-01T02:21:40,9124b27,2.13.0+cu130,gonzalo
41,0.2,40,n3,blocked,fixed30,75,1e-07,,,,4,cuda,torch,400,8,,2.86384,0.029296,4.45575,0.00261584,1.45444,0.0146968,3.84915,0.00222962,30,1.726,1.737,2026-08-01T02:21:40,9124b27,2.13.0+cu130,gonzalo
41,0.2,20,n3,blocked,fixed30,75,1e-07,,,,4,cuda,torch,400,8,,5.16415,0.0525188,4.45575,0.00261584,3.29854,0.0332687,3.84915,0.00222962,30,1.725,1.737,2026-08-01T02:21:40,9124b27,2.13.0+cu130,gonzalo
41,0.4,inf,n3,blocked,fixed30,75,1e-07,,,,4,cuda,torch,400,8,,4.67061,0.0482784,8.94923,0.00508371,2.14714,0.0217997,7.71337,0.00428663,30,1.729,1.737,2026-08-01T02:21:40,9124b27,2.13.0+cu130,gonzalo
41,0.4,40,n3,blocked,fixed30,75,1e-07,,,,4,cuda,torch,400,8,,5.25674,0.0543966,8.94923,0.00508371,2.71813,0.0276661,7.71337,0.00428663,30,1.73,1.737,2026-08-01T02:21:40,9124b27,2.13.0+cu130,gonzalo
41,0.4,20,n3,blocked,fixed30,75,1e-07,,,,4,cuda,torch,400,8,,6.51056,0.0671303,8.94923,0.00508371,3.91053,0.0397118,7.71337,0.00428663,30,1.727,1.737,2026-08-01T02:21:40,9124b27,2.13.0+cu130,gonzalo
41,0.8,inf,n3,blocked,fixed30,75,1e-07,,,,4,cuda,torch,400,8,,9.07872,0.0951733,18.0516,0.0109207,4.81905,0.0494479,15.488,0.00936781,30,1.734,1.737,2026-08-01T02:21:40,9124b27,2.13.0+cu130,gonzalo
41,0.8,40,n3,blocked,fixed30,75,1e-07,,,,4,cuda,torch,400,8,,9.32394,0.0977723,18.0516,0.0109207,5.08565,0.0522054,15.488,0.00936781,30,1.73,1.737,2026-08-01T02:21:40,9124b27,2.13.0+cu130,gonzalo
41,0.8,20,n3,blocked,fixed30,75,1e-07,,,,4,cuda,torch,400,8,,9.76621,0.102267,18.0516,0.0109207,5.66384,0.058139,15.488,0.00936781,30,1.729,1.737,2026-08-01T02:21:40,9124b27,2.13.0+cu130,gonzalo
42,0.2,inf,n3,blocked,fixed30,75,1e-07,,,,4,cuda,torch,400,8,,2.55563,0.0259066,4.4968,0.00391422,1.02032,0.0102743,3.9526,0.00322913,30,1.729,1.737,2026-08-01T02:21:40,9124b27,2.13.0+cu130,gonzalo
42,0.2,40,n3,blocked,fixed30,75,1e-07,,,,4,cuda,torch,400,8,,3.1891,0.0325035,4.4968,0.00391422,1.5598,0.0157401,3.9526,0.00322913,30,1.728,1.737,2026-08-01T02:21:40,9124b27,2.13.0+cu130,gonzalo
42,0.2,20,n3,blocked,fixed30,75,1e-07,,,,4,cuda,torch,400,8,,5.76593,0.0581779,4.4968,0.00391422,3.62173,0.0363984,3.9526,0.00322913,30,1.73,1.737,2026-08-01T02:21:40,9124b27,2.13.0+cu130,gonzalo
42,0.4,inf,n3,blocked,fixed30,75,1e-07,,,,4,cuda,torch,400,8,,6.00212,0.0618568,9.02058,0.00801147,2.81615,0.0286402,7.9398,0.00625831,30,1.728,1.737,2026-08-01T02:21:40,9124b27,2.13.0+cu130,gonzalo
42,0.4,40,n3,blocked,fixed30,75,1e-07,,,,4,cuda,torch,400,8,,6.58871,0.0679718,9.02058,0.00801147,3.32707,0.033808,7.9398,0.00625831,30,1.727,1.737,2026-08-01T02:21:40,9124b27,2.13.0+cu130,gonzalo
42,0.4,20,n3,blocked,fixed30,75,1e-07,,,,4,cuda,torch,400,8,,7.6613,0.0787125,9.02058,0.00801147,4.43027,0.04484,7.9398,0.00625831,30,1.726,1.737,2026-08-01T02:21:40,9124b27,2.13.0+cu130,gonzalo
42,0.8,inf,n3,blocked,fixed30,75,1e-07,,,,4,cuda,torch,400,8,,10.8917,0.113551,18.1535,0.0182566,6.25534,0.0648681,16.0246,0.0136784,30,1.728,1.737,2026-08-01T02:21:40,9124b27,2.13.0+cu130,gonzalo
42,0.8,40,n3,blocked,fixed30,75,1e-07,,,,4,cuda,torch,400,8,,11.2059,0.116737,18.1535,0.0182566,6.54673,0.0678719,16.0246,0.0136784,30,1.722,1.737,2026-08-01T02:21:40,9124b27,2.13.0+cu130,gonzalo
42,0.8,20,n3,blocked,fixed30,75,1e-07,,,,4,cuda,torch,400,8,,11.3397,0.117885,18.1535,0.0182566,6.84235,0.0707933,16.0246,0.0136784,30,1.726,1.737,2026-08-01T02:21:40,9124b27,2.13.0+cu130,gonzalo
43,0.2,inf,n3,blocked,fixed30,75,1e-07,,,,4,cuda,torch,400,8,,2.14203,0.021663,3.785,0.003126,1.03897,0.0104221,2.91869,0.00254605,30,1.726,1.737,2026-08-01T02:21:40,9124b27,2.13.0+cu130,gonzalo
43,0.2,40,n3,blocked,fixed30,75,1e-07,,,,4,cuda,torch,400,8,,2.99296,0.0304726,3.785,0.003126,1.58265,0.0159855,2.91869,0.00254605,30,1.727,1.737,2026-08-01T02:21:40,9124b27,2.13.0+cu130,gonzalo
43,0.2,20,n3,blocked,fixed30,75,1e-07,,,,4,cuda,torch,400,8,,5.74652,0.0581568,3.785,0.003126,3.56247,0.0359057,2.91869,0.00254605,30,1.729,1.737,2026-08-01T02:21:40,9124b27,2.13.0+cu130,gonzalo
43,0.4,inf,n3,blocked,fixed30,75,1e-07,,,,4,cuda,torch,400,8,,4.43731,0.0452272,7.56247,0.00624932,2.30482,0.023145,5.82068,0.00426351,30,1.718,1.737,2026-08-01T02:21:40,9124b27,2.13.0+cu130,gonzalo
43,0.4,40,n3,blocked,fixed30,75,1e-07,,,,4,cuda,torch,400,8,,5.27433,0.0542065,7.56247,0.00624932,2.76616,0.0280909,5.82068,0.00426351,30,1.727,1.737,2026-08-01T02:21:40,9124b27,2.13.0+cu130,gonzalo
43,0.4,20,n3,blocked,fixed30,75,1e-07,,,,4,cuda,torch,400,8,,7.42628,0.0760324,7.56247,0.00624932,4.38686,0.0444299,5.82068,0.00426351,30,1.723,1.737,2026-08-01T02:21:40,9124b27,2.13.0+cu130,gonzalo
43,0.8,inf,n3,blocked,fixed30,75,1e-07,,,,4,cuda,torch,400,8,,9.01735,0.0934015,15.105,0.0168554,4.72154,0.0479072,11.5793,0.0115866,30,1.716,1.737,2026-08-01T02:21:40,9124b27,2.13.0+cu130,gonzalo
43,0.8,40,n3,blocked,fixed30,75,1e-07,,,,4,cuda,torch,400,8,,9.55572,0.0993911,15.105,0.0168554,5.05439,0.0516193,11.5793,0.0115866,30,1.728,1.737,2026-08-01T02:21:40,9124b27,2.13.0+cu130,gonzalo
43,0.8,20,n3,blocked,fixed30,75,1e-07,,,,4,cuda,torch,400,8,,10.4113,0.108506,15.105,0.0168554,5.79958,0.0593716,11.5793,0.0115866,30,1.73,1.737,2026-08-01T02:21:40,9124b27,2.13.0+cu130,gonzalo
44,0.2,inf,n3,blocked,fixed30,75,1e-07,,,,4,cuda,torch,400,8,,2.129,0.0213973,4.50777,0.00132028,0.935393,0.00935227,3.37794,0.000813472,30,1.729,1.737,2026-08-01T02:21:40,9124b27,2.13.0+cu130,gonzalo
44,0.2,40,n3,blocked,fixed30,75,1e-07,,,,4,cuda,torch,400,8,,2.63518,0.0267268,4.50777,0.00132028,1.25199,0.0126054,3.37794,0.000813472,30,1.729,1.737,2026-08-01T02:21:40,9124b27,2.13.0+cu130,gonzalo
44,0.2,20,n3,blocked,fixed30,75,1e-07,,,,4,cuda,torch,400,8,,4.71482,0.0480301,4.50777,0.00132028,2.95784,0.0298424,3.37794,0.000813472,30,1.728,1.737,2026-08-01T02:21:40,9124b27,2.13.0+cu130,gonzalo
44,0.4,inf,n3,blocked,fixed30,75,1e-07,,,,4,cuda,torch,400,8,,4.37376,0.0440723,8.95706,0.00298618,1.94767,0.0194779,6.73641,0.00193499,30,1.731,1.737,2026-08-01T02:21:40,9124b27,2.13.0+cu130,gonzalo
44,0.4,40,n3,blocked,fixed30,75,1e-07,,,,4,cuda,torch,400,8,,4.67457,0.0474649,8.95706,0.00298618,2.09595,0.0211404,6.73641,0.00193499,30,1.729,1.737,2026-08-01T02:21:40,9124b27,2.13.0+cu130,gonzalo
44,0.4,20,n3,blocked,fixed30,75,1e-07,,,,4,cuda,torch,400,8,,5.92569,0.0609567,8.95706,0.00298618,3.32653,0.0337285,6.73641,0.00193499,30,1.728,1.737,2026-08-01T02:21:40,9124b27,2.13.0+cu130,gonzalo
44,0.8,inf,n3,blocked,fixed30,75,1e-07,,,,4,cuda,torch,400,8,,10.0674,0.100342,17.6807,0.00903249,4.78423,0.0476828,13.3939,0.00741987,30,1.73,1.737,2026-08-01T02:21:40,9124b27,2.13.0+cu130,gonzalo
44,0.8,40,n3,blocked,fixed30,75,1e-07,,,,4,cuda,torch,400,8,,10.2196,0.102479,17.6807,0.00903249,4.87577,0.0489029,13.3939,0.00741987,30,1.729,1.737,2026-08-01T02:21:40,9124b27,2.13.0+cu130,gonzalo
44,0.8,20,n3,blocked,fixed30,75,1e-07,,,,4,cuda,torch,400,8,,10.6699,0.10806,17.6807,0.00903249,5.33757,0.053962,13.3939,0.00741987,30,1.729,1.737,2026-08-01T02:21:40,9124b27,2.13.0+cu130,gonzalo
45,0.2,inf,n3,blocked,fixed30,75,1e-07,,,,4,cuda,torch,400,8,,2.81771,0.0286198,4.04669,0.0063691,1.51822,0.0153688,2.64661,0.00459715,30,1.73,1.737,2026-08-01T02:21:40,9124b27,2.13.0+cu130,gonzalo
45,0.2,40,n3,blocked,fixed30,75,1e-07,,,,4,cuda,torch,400,8,,3.9682,0.0401691,4.04669,0.0063691,2.36666,0.0240123,2.64661,0.00459715,30,1.726,1.737,2026-08-01T02:21:40,9124b27,2.13.0+cu130,gonzalo
45,0.2,20,n3,blocked,fixed30,75,1e-07,,,,4,cuda,torch,400,8,,6.61247,0.0662732,4.04669,0.0063691,4.26681,0.0431151,2.64661,0.00459715,30,1.726,1.737,2026-08-01T02:21:40,9124b27,2.13.0+cu130,gonzalo
45,0.4,inf,n3,blocked,fixed30,75,1e-07,,,,4,cuda,torch,400,8,,5.34788,0.0544603,8.24789,0.0168787,3.01826,0.0308557,5.37812,0.0148678,30,1.727,1.737,2026-08-01T02:21:40,9124b27,2.13.0+cu130,gonzalo
45,0.4,40,n3,blocked,fixed30,75,1e-07,,,,4,cuda,torch,400,8,,6.41852,0.06509,8.24789,0.0168787,3.76055,0.0384061,5.37812,0.0148678,30,1.727,1.737,2026-08-01T02:21:40,9124b27,2.13.0+cu130,gonzalo
45,0.4,20,n3,blocked,fixed30,75,1e-07,,,,4,cuda,torch,400,8,,8.69599,0.0875424,8.24789,0.0168787,5.30744,0.0538276,5.37812,0.0148678,30,1.726,1.737,2026-08-01T02:21:40,9124b27,2.13.0+cu130,gonzalo
45,0.8,inf,n3,blocked,fixed30,75,1e-07,,,,4,cuda,torch,400,8,,10.12,0.104187,17.147,0.0882447,5.2882,0.0542989,11.1144,0.0981605,30,1.728,1.737,2026-08-01T02:21:40,9124b27,2.13.0+cu130,gonzalo
45,0.8,40,n3,blocked,fixed30,75,1e-07,,,,4,cuda,torch,400,8,,10.883,0.111841,17.147,0.0882447,5.83737,0.0598123,11.1144,0.0981605,30,1.73,1.737,2026-08-01T02:21:40,9124b27,2.13.0+cu130,gonzalo
45,0.8,20,n3,blocked,fixed30,75,1e-07,,,,4,cuda,torch,400,8,,11.6517,0.119234,17.147,0.0882447,6.58117,0.0670646,11.1144,0.0981605,30,1.726,1.737,2026-08-01T02:21:40,9124b27,2.13.0+cu130,gonzalo
46,0.2,inf,n3,blocked,fixed30,75,1e-07,,,,4,cuda,torch,400,8,,2.53211,0.0251358,4.3072,0.00275237,1.24264,0.0124982,3.68074,0.00243744,30,1.734,1.737,2026-08-01T02:21:40,9124b27,2.13.0+cu130,gonzalo
46,0.2,40,n3,blocked,fixed30,75,1e-07,,,,4,cuda,torch,400,8,,3.04263,0.0309134,4.3072,0.00275237,1.89924,0.0193133,3.68074,0.00243744,30,1.759,1.737,2026-08-01T02:21:40,9124b27,2.13.0+cu130,gonzalo
46,0.2,20,n3,blocked,fixed30,75,1e-07,,,,4,cuda,torch,400,8,,5.12552,0.0516122,4.3072,0.00275237,3.61905,0.0367242,3.68074,0.00243744,30,1.757,1.737,2026-08-01T02:21:40,9124b27,2.13.0+cu130,gonzalo
46,0.4,inf,n3,blocked,fixed30,75,1e-07,,,,4,cuda,torch,400,8,,5.11057,0.0513916,8.61703,0.00623034,2.80095,0.0286535,7.38038,0.00589358,30,1.733,1.737,2026-08-01T02:21:40,9124b27,2.13.0+cu130,gonzalo
46,0.4,40,n3,blocked,fixed30,75,1e-07,,,,4,cuda,torch,400,8,,5.29334,0.0537642,8.61703,0.00623034,3.2228,0.0331488,7.38038,0.00589358,30,1.73,1.737,2026-08-01T02:21:40,9124b27,2.13.0+cu130,gonzalo
46,0.4,20,n3,blocked,fixed30,75,1e-07,,,,4,cuda,torch,400,8,,6.28972,0.0639555,8.61703,0.00623034,4.24912,0.0435537,7.38038,0.00589358,30,1.732,1.737,2026-08-01T02:21:40,9124b27,2.13.0+cu130,gonzalo
46,0.8,inf,n3,blocked,fixed30,75,1e-07,,,,4,cuda,torch,400,8,,9.40598,0.0933522,17.2483,0.0149582,4.92225,0.0507188,14.8374,0.014944,30,1.731,1.737,2026-08-01T02:21:40,9124b27,2.13.0+cu130,gonzalo
46,0.8,40,n3,blocked,fixed30,75,1e-07,,,,4,cuda,torch,400,8,,9.63858,0.0964953,17.2483,0.0149582,5.18639,0.0536514,14.8374,0.014944,30,1.733,1.737,2026-08-01T02:21:40,9124b27,2.13.0+cu130,gonzalo
46,0.8,20,n3,blocked,fixed30,75,1e-07,,,,4,cuda,torch,400,8,,10.011,0.101235,17.2483,0.0149582,5.81252,0.0601718,14.8374,0.014944,30,1.73,1.737,2026-08-01T02:21:40,9124b27,2.13.0+cu130,gonzalo
47,0.2,inf,n3,blocked,fixed30,75,1e-07,,,,4,cuda,torch,400,8,,2.80491,0.0284199,4.72858,0.00197282,1.09739,0.0110483,4.12257,0.00177876,30,1.73,1.737,2026-08-01T02:21:40,9124b27,2.13.0+cu130,gonzalo
47,0.2,40,n3,blocked,fixed30,75,1e-07,,,,4,cuda,torch,400,8,,3.34062,0.0341098,4.72858,0.00197282,1.46759,0.0148359,4.12257,0.00177876,30,1.732,1.737,2026-08-01T02:21:40,9124b27,2.13.0+cu130,gonzalo
47,0.2,20,n3,blocked,fixed30,75,1e-07,,,,4,cuda,torch,400,8,,5.68972,0.0577054,4.72858,0.00197282,3.35224,0.0336951,4.12257,0.00177876,30,1.733,1.737,2026-08-01T02:21:40,9124b27,2.13.0+cu130,gonzalo
47,0.4,inf,n3,blocked,fixed30,75,1e-07,,,,4,cuda,torch,400,8,,6.05946,0.0625243,9.44689,0.00431821,2.53291,0.0257997,8.26273,0.00405887,30,1.738,1.737,2026-08-01T02:21:40,9124b27,2.13.0+cu130,gonzalo
47,0.4,40,n3,blocked,fixed30,75,1e-07,,,,4,cuda,torch,400,8,,6.54108,0.067727,9.44689,0.00431821,2.93623,0.0299191,8.26273,0.00405887,30,1.733,1.737,2026-08-01T02:21:40,9124b27,2.13.0+cu130,gonzalo
47,0.4,20,n3,blocked,fixed30,75,1e-07,,,,4,cuda,torch,400,8,,7.68793,0.0794437,9.44689,0.00431821,4.0683,0.0412479,8.26273,0.00405887,30,1.736,1.737,2026-08-01T02:21:40,9124b27,2.13.0+cu130,gonzalo
47,0.8,inf,n3,blocked,fixed30,75,1e-07,,,,4,cuda,torch,400,8,,11.7708,0.12298,18.8436,0.0104026,6.31334,0.0654658,16.5911,0.0102983,30,1.734,1.737,2026-08-01T02:21:40,9124b27,2.13.0+cu130,gonzalo
47,0.8,40,n3,blocked,fixed30,75,1e-07,,,,4,cuda,torch,400,8,,11.9961,0.125153,18.8436,0.0104026,6.54407,0.0678022,16.5911,0.0102983,30,1.736,1.737,2026-08-01T02:21:40,9124b27,2.13.0+cu130,gonzalo
47,0.8,20,n3,blocked,fixed30,75,1e-07,,,,4,cuda,torch,400,8,,12.0884,0.125776,18.8436,0.0104026,6.81314,0.0704381,16.5911,0.0102983,30,1.736,1.737,2026-08-01T02:21:40,9124b27,2.13.0+cu130,gonzalo
48,0.2,inf,n3,blocked,fixed30,75,1e-07,,,,4,cuda,torch,400,8,,1.43023,0.0143507,4.07237,0.00147086,0.550051,0.0055028,3.16706,0.000992605,30,1.741,1.737,2026-08-01T02:21:40,9124b27,2.13.0+cu130,gonzalo
48,0.2,40,n3,blocked,fixed30,75,1e-07,,,,4,cuda,torch,400,8,,1.98518,0.0201317,4.07237,0.00147086,1.04758,0.010561,3.16706,0.000992605,30,1.731,1.737,2026-08-01T02:21:40,9124b27,2.13.0+cu130,gonzalo
48,0.2,20,n3,blocked,fixed30,75,1e-07,,,,4,cuda,torch,400,8,,4.58245,0.0461533,4.07237,0.00147086,3.04727,0.0306329,3.16706,0.000992605,30,1.735,1.737,2026-08-01T02:21:40,9124b27,2.13.0+cu130,gonzalo
48,0.4,inf,n3,blocked,fixed30,75,1e-07,,,,4,cuda,torch,400,8,,3.52703,0.0358431,8.13322,0.00355238,1.44811,0.0146317,6.32722,0.00272656,30,1.729,1.737,2026-08-01T02:21:40,9124b27,2.13.0+cu130,gonzalo
48,0.4,40,n3,blocked,fixed30,75,1e-07,,,,4,cuda,torch,400,8,,4.16646,0.0427009,8.13322,0.00355238,2.00654,0.0203683,6.32722,0.00272656,30,1.733,1.737,2026-08-01T02:21:40,9124b27,2.13.0+cu130,gonzalo
48,0.4,20,n3,blocked,fixed30,75,1e-07,,,,4,cuda,torch,400,8,,6.20381,0.063419,8.13322,0.00355238,3.78048,0.0382077,6.32722,0.00272656,30,1.736,1.737,2026-08-01T02:21:40,9124b27,2.13.0+cu130,gonzalo
48,0.8,inf,n3,blocked,fixed30,75,1e-07,,,,4,cuda,torch,400,8,,8.77276,0.0911682,16.2274,0.0111524,4.16665,0.0427634,12.6273,0.00987981,30,1.851,1.737,2026-08-01T02:21:40,9124b27,2.13.0+cu130,gonzalo
48,0.8,40,n3,blocked,fixed30,75,1e-07,,,,4,cuda,torch,400,8,,9.12593,0.0950343,16.2274,0.0111524,4.53848,0.0466235,12.6273,0.00987981,30,1.765,1.737,2026-08-01T02:21:40,9124b27,2.13.0+cu130,gonzalo
48,0.8,20,n3,blocked,fixed30,75,1e-07,,,,4,cuda,torch,400,8,,9.61677,0.10024,16.2274,0.0111524,5.19215,0.0532732,12.6273,0.00987981,30,1.734,1.737,2026-08-01T02:21:40,9124b27,2.13.0+cu130,gonzalo
49,0.2,inf,n3,blocked,fixed30,75,1e-07,,,,4,cuda,torch,400,8,,1.96212,0.019978,3.88045,0.00343063,1.17052,0.0118793,2.94913,0.0026433,30,1.803,1.737,2026-08-01T02:21:40,9124b27,2.13.0+cu130,gonzalo
49,0.2,40,n3,blocked,fixed30,75,1e-07,,,,4,cuda,torch,400,8,,2.86436,0.029164,3.88045,0.00343063,1.90559,0.0193918,2.94913,0.0026433,30,1.777,1.737,2026-08-01T02:21:40,9124b27,2.13.0+cu130,gonzalo
49,0.2,20,n3,blocked,fixed30,75,1e-07,,,,4,cuda,torch,400,8,,5.53345,0.0555574,3.88045,0.00343063,3.82748,0.0387913,2.94913,0.0026433,30,1.75,1.737,2026-08-01T02:21:40,9124b27,2.13.0+cu130,gonzalo
49,0.4,inf,n3,blocked,fixed30,75,1e-07,,,,4,cuda,torch,400,8,,4.15976,0.0428996,7.95542,0.0063492,2.65025,0.0273359,6.01722,0.00406846,30,1.792,1.737,2026-08-01T02:21:40,9124b27,2.13.0+cu130,gonzalo
49,0.4,40,n3,blocked,fixed30,75,1e-07,,,,4,cuda,torch,400,8,,4.72618,0.0485391,7.95542,0.0063492,3.1214,0.0321815,6.01722,0.00406846,30,1.837,1.737,2026-08-01T02:21:40,9124b27,2.13.0+cu130,gonzalo
49,0.4,20,n3,blocked,fixed30,75,1e-07,,,,4,cuda,torch,400,8,,6.81204,0.0687846,7.95542,0.0063492,4.55918,0.0465386,6.01722,0.00406846,30,1.767,1.737,2026-08-01T02:21:40,9124b27,2.13.0+cu130,gonzalo
49,0.8,inf,n3,blocked,fixed30,75,1e-07,,,,4,cuda,torch,400,8,,7.00438,0.0732313,16.736,0.0223604,4.13116,0.0432812,12.5314,0.0212916,30,1.735,1.737,2026-08-01T02:21:40,9124b27,2.13.0+cu130,gonzalo
49,0.8,40,n3,blocked,fixed30,75,1e-07,,,,4,cuda,torch,400,8,,7.50388,0.0783931,16.736,0.0223604,4.4558,0.0465662,12.5314,0.0212916,30,1.733,1.737,2026-08-01T02:21:40,9124b27,2.13.0+cu130,gonzalo
49,0.8,20,n3,blocked,fixed30,75,1e-07,,,,4,cuda,torch,400,8,,8.74902,0.0907124,16.736,0.0223604,5.34686,0.0553486,12.5314,0.0212916,30,1.734,1.737,2026-08-01T02:21:40,9124b27,2.13.0+cu130,gonzalo
50,0.2,inf,n3,blocked,fixed30,75,1e-07,,,,4,cuda,torch,400,8,,2.01039,0.0199948,4.0376,0.00252961,0.870251,0.00870312,3.21733,0.00224777,30,1.754,1.737,2026-08-01T02:21:40,9124b27,2.13.0+cu130,gonzalo
50,0.2,40,n3,blocked,fixed30,75,1e-07,,,,4,cuda,torch,400,8,,2.31944,0.023483,4.0376,0.00252961,1.32228,0.0133815,3.21733,0.00224777,30,1.767,1.737,2026-08-01T02:21:40,9124b27,2.13.0+cu130,gonzalo
50,0.2,20,n3,blocked,fixed30,75,1e-07,,,,4,cuda,torch,400,8,,4.23025,0.0429244,4.0376,0.00252961,2.95396,0.0299424,3.21733,0.00224777,30,1.75,1.737,2026-08-01T02:21:40,9124b27,2.13.0+cu130,gonzalo
50,0.4,inf,n3,blocked,fixed30,75,1e-07,,,,4,cuda,torch,400,8,,3.87563,0.0387292,8.05919,0.00581902,1.90132,0.0192064,6.42421,0.0056145,30,1.753,1.737,2026-08-01T02:21:40,9124b27,2.13.0+cu130,gonzalo
50,0.4,40,n3,blocked,fixed30,75,1e-07,,,,4,cuda,torch,400,8,,4.2609,0.0432892,8.05919,0.00581902,2.48531,0.0254174,6.42421,0.0056145,30,1.751,1.737,2026-08-01T02:21:40,9124b27,2.13.0+cu130,gonzalo
50,0.4,20,n3,blocked,fixed30,75,1e-07,,,,4,cuda,torch,400,8,,5.29906,0.0543344,8.05919,0.00581902,3.50739,0.0358881,6.42421,0.0056145,30,1.747,1.737,2026-08-01T02:21:40,9124b27,2.13.0+cu130,gonzalo
50,0.8,inf,n3,blocked,fixed30,75,1e-07,,,,4,cuda,torch,400,8,,7.88532,0.0786821,16.0593,0.0150088,4.24454,0.0434103,12.8079,0.0155459,30,1.75,1.737,2026-08-01T02:21:40,9124b27,2.13.0+cu130,gonzalo
50,0.8,40,n3,blocked,fixed30,75,1e-07,,,,4,cuda,torch,400,8,,8.04527,0.0806208,16.0593,0.0150088,4.39141,0.0450157,12.8079,0.0155459,30,1.751,1.737,2026-08-01T02:21:40,9124b27,2.13.0+cu130,gonzalo
50,0.8,20,n3,blocked,fixed30,75,1e-07,,,,4,cuda,torch,400,8,,8.33963,0.0841995,16.0593,0.0150088,4.75271,0.0488071,12.8079,0.0155459,30,1.752,1.737,2026-08-01T02:21:40,9124b27,2.13.0+cu130,gonzalo
1,0.2,inf,n3,blocked,default,75,1e-07,,,,4,cuda,torch,400,8,,1.78976,0.0182605,3.9497,0.00479213,0.837029,0.00845031,2.80681,0.00448657,50,2.876,2.877,2026-08-01T02:21:40,9124b27,2.13.0+cu130,gonzalo
1,0.2,40,n3,blocked,default,75,1e-07,,,,4,cuda,torch,400,8,,3.316,0.0334843,3.9497,0.00479213,2.0637,0.0208338,2.80681,0.00448657,50,2.91,2.877,2026-08-01T02:21:40,9124b27,2.13.0+cu130,gonzalo
1,0.2,20,n3,blocked,default,75,1e-07,,,,4,cuda,torch,400,8,,7.77776,0.0782407,3.9497,0.00479213,4.94079,0.0498908,2.80681,0.00448657,50,2.85,2.877,2026-08-01T02:21:40,9124b27,2.13.0+cu130,gonzalo
1,0.4,inf,n3,blocked,default,75,1e-07,,,,4,cuda,torch,400,8,,3.46572,0.0352468,8.01912,0.0083344,1.83105,0.0185322,5.66111,0.00736837,50,2.914,2.877,2026-08-01T02:21:40,9124b27,2.13.0+cu130,gonzalo
1,0.4,40,n3,blocked,default,75,1e-07,,,,4,cuda,torch,400,8,,5.15297,0.0521316,8.01912,0.0083344,3.0755,0.0311376,5.66111,0.00736837,50,2.923,2.877,2026-08-01T02:21:40,9124b27,2.13.0+cu130,gonzalo
1,0.4,20,n3,blocked,default,75,1e-07,,,,4,cuda,torch,400,8,,9.02942,0.0908737,8.01912,0.0083344,5.58446,0.0563766,5.66111,0.00736837,50,2.999,2.877,2026-08-01T02:21:40,9124b27,2.13.0+cu130,gonzalo
1,0.8,inf,n3,blocked,default,75,1e-07,,,,4,cuda,torch,400,8,,7.19583,0.0740546,16.5439,0.014373,3.72531,0.0378928,11.5177,0.0107413,50,2.942,2.877,2026-08-01T02:21:40,9124b27,2.13.0+cu130,gonzalo
1,0.8,40,n3,blocked,default,75,1e-07,,,,4,cuda,torch,400,8,,8.53685,0.0877154,16.5439,0.014373,4.71354,0.0479055,11.5177,0.0107413,50,2.935,2.877,2026-08-01T02:21:40,9124b27,2.13.0+cu130,gonzalo
1,0.8,20,n3,blocked,default,75,1e-07,,,,4,cuda,torch,400,8,,10.2801,0.105101,16.5439,0.014373,6.03108,0.0610508,11.5177,0.0107413,50,3,2.877,2026-08-01T02:21:40,9124b27,2.13.0+cu130,gonzalo
2,0.2,inf,n3,blocked,default,75,1e-07,,,,4,cuda,torch,400,8,,1.72568,0.0171483,3.87511,0.00273464,0.729421,0.00730254,3.28263,0.00185466,50,2.931,2.877,2026-08-01T02:21:40,9124b27,2.13.0+cu130,gonzalo
2,0.2,40,n3,blocked,default,75,1e-07,,,,4,cuda,torch,400,8,,2.73602,0.0277281,3.87511,0.00273464,1.69408,0.0171076,3.28263,0.00185466,50,2.937,2.877,2026-08-01T02:21:40,9124b27,2.13.0+cu130,gonzalo
2,0.2,20,n3,blocked,default,75,1e-07,,,,4,cuda,torch,400,8,,7.41041,0.074535,3.87511,0.00273464,4.78589,0.0483455,3.28263,0.00185466,50,3.015,2.877,2026-08-01T02:21:40,9124b27,2.13.0+cu130,gonzalo
2,0.4,inf,n3,blocked,default,75,1e-07,,,,4,cuda,torch,400,8,,3.86286,0.0384606,7.6336,0.00623601,1.77088,0.0178177,6.49394,0.00474227,50,3.115,2.877,2026-08-01T02:21:40,9124b27,2.13.0+cu130,gonzalo
2,0.4,40,n3,blocked,default,75,1e-07,,,,4,cuda,torch,400,8,,4.76461,0.048163,7.6336,0.00623601,2.67274,0.0270871,6.49394,0.00474227,50,2.931,2.877,2026-08-01T02:21:40,9124b27,2.13.0+cu130,gonzalo
2,0.4,20,n3,blocked,default,75,1e-07,,,,4,cuda,torch,400,8,,7.76898,0.0787634,7.6336,0.00623601,4.9561,0.0502484,6.49394,0.00474227,50,2.978,2.877,2026-08-01T02:21:40,9124b27,2.13.0+cu130,gonzalo
2,0.8,inf,n3,blocked,default,75,1e-07,,,,4,cuda,torch,400,8,,7.67739,0.0770302,14.8258,0.0188542,3.86598,0.0392104,12.7108,0.0174539,50,3.029,2.877,2026-08-01T02:21:40,9124b27,2.13.0+cu130,gonzalo
2,0.8,40,n3,blocked,default,75,1e-07,,,,4,cuda,torch,400,8,,8.33589,0.0842678,14.8258,0.0188542,4.4546,0.0453449,12.7108,0.0174539,50,3.058,2.877,2026-08-01T02:21:40,9124b27,2.13.0+cu130,gonzalo
2,0.8,20,n3,blocked,default,75,1e-07,,,,4,cuda,torch,400,8,,9.34685,0.0953351,14.8258,0.0188542,5.44894,0.0555145,12.7108,0.0174539,50,3.076,2.877,2026-08-01T02:21:40,9124b27,2.13.0+cu130,gonzalo
3,0.2,inf,n3,blocked,default,75,1e-07,,,,4,cuda,torch,400,8,,1.66451,0.0167655,3.96223,0.001591,0.702574,0.0070606,2.92538,0.00121479,50,3.037,2.877,2026-08-01T02:21:40,9124b27,2.13.0+cu130,gonzalo
3,0.2,40,n3,blocked,default,75,1e-07,,,,4,cuda,torch,400,8,,2.67486,0.0271015,3.96223,0.001591,1.63158,0.0164674,2.92538,0.00121479,50,3,2.877,2026-08-01T02:21:40,9124b27,2.13.0+cu130,gonzalo
3,0.2,20,n3,blocked,default,75,1e-07,,,,4,cuda,torch,400,8,,7.14405,0.0718042,3.96223,0.001591,4.62972,0.0467883,2.92538,0.00121479,50,3.018,2.877,2026-08-01T02:21:40,9124b27,2.13.0+cu130,gonzalo
3,0.4,inf,n3,blocked,default,75,1e-07,,,,4,cuda,torch,400,8,,3.16708,0.0321377,8.00337,0.00308768,1.51312,0.0153219,5.87492,0.00213631,50,3.05,2.877,2026-08-01T02:21:40,9124b27,2.13.0+cu130,gonzalo
3,0.4,40,n3,blocked,default,75,1e-07,,,,4,cuda,torch,400,8,,3.99843,0.0406482,8.00337,0.00308768,2.39779,0.0243246,5.87492,0.00213631,50,2.995,2.877,2026-08-01T02:21:40,9124b27,2.13.0+cu130,gonzalo
3,0.4,20,n3,blocked,default,75,1e-07,,,,4,cuda,torch,400,8,,7.76989,0.0781518,8.00337,0.00308768,5.00609,0.0506283,5.87492,0.00213631,50,2.991,2.877,2026-08-01T02:21:40,9124b27,2.13.0+cu130,gonzalo
3,0.8,inf,n3,blocked,default,75,1e-07,,,,4,cuda,torch,400,8,,6.11308,0.0625202,16.3393,0.00715361,3.028,0.0308645,11.8498,0.00503285,50,3.026,2.877,2026-08-01T02:21:40,9124b27,2.13.0+cu130,gonzalo
3,0.8,40,n3,blocked,default,75,1e-07,,,,4,cuda,torch,400,8,,7.07106,0.0728869,16.3393,0.00715361,3.88564,0.0397386,11.8498,0.00503285,50,2.992,2.877,2026-08-01T02:21:40,9124b27,2.13.0+cu130,gonzalo
3,0.8,20,n3,blocked,default,75,1e-07,,,,4,cuda,torch,400,8,,8.8788,0.0913111,16.3393,0.00715361,5.32714,0.0542169,11.8498,0.00503285,50,3.007,2.877,2026-08-01T02:21:40,9124b27,2.13.0+cu130,gonzalo
4,0.2,inf,n3,blocked,default,75,1e-07,,,,4,cuda,torch,400,8,,1.86018,0.018811,4.78204,0.00301097,0.874715,0.0087363,3.64935,0.00229466,50,3.009,2.877,2026-08-01T02:21:40,9124b27,2.13.0+cu130,gonzalo
4,0.2,40,n3,blocked,default,75,1e-07,,,,4,cuda,torch,400,8,,2.74911,0.0280387,4.78204,0.00301097,1.34535,0.0135509,3.64935,0.00229466,50,2.991,2.877,2026-08-01T02:21:40,9124b27,2.13.0+cu130,gonzalo
4,0.2,20,n3,blocked,default,75,1e-07,,,,4,cuda,torch,400,8,,7.03339,0.0716938,4.78204,0.00301097,4.3571,0.0439577,3.64935,0.00229466,50,2.948,2.877,2026-08-01T02:21:40,9124b27,2.13.0+cu130,gonzalo
4,0.4,inf,n3,blocked,default,75,1e-07,,,,4,cuda,torch,400,8,,3.47113,0.035082,9.53594,0.00774396,1.92952,0.019063,7.282,0.00671299,50,3.039,2.877,2026-08-01T02:21:40,9124b27,2.13.0+cu130,gonzalo
4,0.4,40,n3,blocked,default,75,1e-07,,,,4,cuda,torch,400,8,,4.09445,0.0420013,9.53594,0.00774396,2.01844,0.0203102,7.282,0.00671299,50,3.013,2.877,2026-08-01T02:21:40,9124b27,2.13.0+cu130,gonzalo
4,0.4,20,n3,blocked,default,75,1e-07,,,,4,cuda,torch,400,8,,7.81126,0.0806462,9.53594,0.00774396,4.64428,0.0469488,7.282,0.00671299,50,2.991,2.877,2026-08-01T02:21:40,9124b27,2.13.0+cu130,gonzalo
4,0.8,inf,n3,blocked,default,75,1e-07,,,,4,cuda,torch,400,8,,7.72723,0.078496,18.9441,0.0310387,4.59005,0.0448703,14.4923,0.0302869,50,2.958,2.877,2026-08-01T02:21:40,9124b27,2.13.0+cu130,gonzalo
4,0.8,40,n3,blocked,default,75,1e-07,,,,4,cuda,torch,400,8,,8.2237,0.0848894,18.9441,0.0310387,4.20806,0.0421398,14.4923,0.0302869,50,3.02,2.877,2026-08-01T02:21:40,9124b27,2.13.0+cu130,gonzalo
4,0.8,20,n3,blocked,default,75,1e-07,,,,4,cuda,torch,400,8,,9.73519,0.103038,18.9441,0.0310387,5.11454,0.0522111,14.4923,0.0302869,50,2.974,2.877,2026-08-01T02:21:40,9124b27,2.13.0+cu130,gonzalo
5,0.2,inf,n3,blocked,default,75,1e-07,,,,4,cuda,torch,400,8,,2.18988,0.0220239,3.59851,0.0129451,0.899987,0.0090451,2.63017,0.0134565,50,2.999,2.877,2026-08-01T02:21:40,9124b27,2.13.0+cu130,gonzalo
5,0.2,40,n3,blocked,default,75,1e-07,,,,4,cuda,torch,400,8,,2.30964,0.0235685,3.59851,0.0129451,1.4334,0.0144887,2.63017,0.0134565,50,2.961,2.877,2026-08-01T02:21:40,9124b27,2.13.0+cu130,gonzalo
5,0.2,20,n3,blocked,default,75,1e-07,,,,4,cuda,torch,400,8,,6.73869,0.0675327,3.59851,0.0129451,4.48503,0.0452981,2.63017,0.0134565,50,3.003,2.877,2026-08-01T02:21:40,9124b27,2.13.0+cu130,gonzalo
5,0.4,inf,n3,blocked,default,75,1e-07,,,,4,cuda,torch,400,8,,3.72009,0.0371881,7.25264,0.0289317,1.54555,0.0155567,5.28404,0.0299439,50,3.014,2.877,2026-08-01T02:21:40,9124b27,2.13.0+cu130,gonzalo
5,0.4,40,n3,blocked,default,75,1e-07,,,,4,cuda,torch,400,8,,3.54965,0.0361882,7.25264,0.0289317,1.92253,0.0195235,5.28404,0.0299439,50,3.021,2.877,2026-08-01T02:21:40,9124b27,2.13.0+cu130,gonzalo
5,0.4,20,n3,blocked,default,75,1e-07,,,,4,cuda,torch,400,8,,6.33943,0.0635898,7.25264,0.0289317,4.3266,0.0438,5.28404,0.0299439,50,3.034,2.877,2026-08-01T02:21:40,9124b27,2.13.0+cu130,gonzalo
5,0.8,inf,n3,blocked,default,75,1e-07,,,,4,cuda,torch,400,8,,5.99469,0.0597404,14.7383,0.0709379,2.60826,0.0263957,10.6651,0.0724598,50,2.97,2.877,2026-08-01T02:21:40,9124b27,2.13.0+cu130,gonzalo
5,0.8,40,n3,blocked,default,75,1e-07,,,,4,cuda,torch,400,8,,6.0824,0.0618178,14.7383,0.0709379,3.08529,0.031546,10.6651,0.0724598,50,3.009,2.877,2026-08-01T02:21:40,9124b27,2.13.0+cu130,gonzalo
5,0.8,20,n3,blocked,default,75,1e-07,,,,4,cuda,torch,400,8,,7.13599,0.0731668,14.7383,0.0709379,4.52919,0.0462483,10.6651,0.0724598,50,3.085,2.877,2026-08-01T02:21:40,9124b27,2.13.0+cu130,gonzalo
6,0.2,inf,n3,blocked,default,75,1e-07,,,,4,cuda,torch,400,8,,1.71083,0.0173309,4.06629,0.00236199,0.732828,0.00735531,3.49629,0.00192267,50,3.03,2.877,2026-08-01T02:21:40,9124b27,2.13.0+cu130,gonzalo
6,0.2,40,n3,blocked,default,75,1e-07,,,,4,cuda,torch,400,8,,2.78681,0.0284123,4.06629,0.00236199,1.39678,0.0140689,3.49629,0.00192267,50,3.039,2.877,2026-08-01T02:21:40,9124b27,2.13.0+cu130,gonzalo
6,0.2,20,n3,blocked,default,75,1e-07,,,,4,cuda,torch,400,8,,6.91507,0.0701655,4.06629,0.00236199,4.21724,0.0425221,3.49629,0.00192267,50,3.023,2.877,2026-08-01T02:21:40,9124b27,2.13.0+cu130,gonzalo
6,0.4,inf,n3,blocked,default,75,1e-07,,,,4,cuda,torch,400,8,,3.59421,0.0368447,8.07184,0.00492231,1.51888,0.0153228,6.96086,0.00401434,50,2.986,2.877,2026-08-01T02:21:40,9124b27,2.13.0+cu130,gonzalo
6,0.4,40,n3,blocked,default,75,1e-07,,,,4,cuda,torch,400,8,,4.54825,0.0469768,8.07184,0.00492231,2.05642,0.02085,6.96086,0.00401434,50,3.077,2.877,2026-08-01T02:21:40,9124b27,2.13.0+cu130,gonzalo
6,0.4,20,n3,blocked,default,75,1e-07,,,,4,cuda,torch,400,8,,8.52003,0.0875415,8.07184,0.00492231,4.94014,0.0498428,6.96086,0.00401434,50,3.114,2.877,2026-08-01T02:21:40,9124b27,2.13.0+cu130,gonzalo
6,0.8,inf,n3,blocked,default,75,1e-07,,,,4,cuda,torch,400,8,,8.26336,0.0869819,15.9113,0.011515,3.6797,0.037705,13.797,0.00987448,50,3.02,2.877,2026-08-01T02:21:40,9124b27,2.13.0+cu130,gonzalo
6,0.8,40,n3,blocked,default,75,1e-07,,,,4,cuda,torch,400,8,,9.30486,0.0982028,15.9113,0.011515,4.40103,0.0450777,13.797,0.00987448,50,2.993,2.877,2026-08-01T02:21:40,9124b27,2.13.0+cu130,gonzalo
6,0.8,20,n3,blocked,default,75,1e-07,,,,4,cuda,torch,400,8,,10.9105,0.114888,15.9113,0.011515,5.75255,0.0585876,13.797,0.00987448,50,3.003,2.877,2026-08-01T02:21:40,9124b27,2.13.0+cu130,gonzalo
7,0.2,inf,n3,blocked,default,75,1e-07,,,,4,cuda,torch,400,8,,1.76574,0.0179991,5.05801,0.00312917,0.76122,0.00766074,4.27706,0.00246918,50,3.025,2.877,2026-08-01T02:21:40,9124b27,2.13.0+cu130,gonzalo
7,0.2,40,n3,blocked,default,75,1e-07,,,,4,cuda,torch,400,8,,3.0664,0.0313565,5.05801,0.00312917,1.66907,0.0168589,4.27706,0.00246918,50,3.016,2.877,2026-08-01T02:21:40,9124b27,2.13.0+cu130,gonzalo
7,0.2,20,n3,blocked,default,75,1e-07,,,,4,cuda,torch,400,8,,7.368,0.0748797,5.05801,0.00312917,4.56313,0.0461351,4.27706,0.00246918,50,3.015,2.877,2026-08-01T02:21:40,9124b27,2.13.0+cu130,gonzalo
7,0.4,inf,n3,blocked,default,75,1e-07,,,,4,cuda,torch,400,8,,3.59149,0.0371668,10.1879,0.00663565,1.57553,0.0159639,8.59942,0.00565098,50,2.988,2.877,2026-08-01T02:21:40,9124b27,2.13.0+cu130,gonzalo
7,0.4,40,n3,blocked,default,75,1e-07,,,,4,cuda,torch,400,8,,4.69586,0.0486338,10.1879,0.00663565,2.43751,0.0247499,8.59942,0.00565098,50,3.028,2.877,2026-08-01T02:21:40,9124b27,2.13.0+cu130,gonzalo
7,0.4,20,n3,blocked,default,75,1e-07,,,,4,cuda,torch,400,8,,8.28947,0.0849019,10.1879,0.00663565,5.00494,0.0506813,8.59942,0.00565098,50,2.901,2.877,2026-08-01T02:21:40,9124b27,2.13.0+cu130,gonzalo
7,0.8,inf,n3,blocked,default,75,1e-07,,,,4,cuda,torch,400,8,,7.67934,0.0812312,20.6432,0.0154814,3.91121,0.0401136,17.3717,0.0139716,50,2.944,2.877,2026-08-01T02:21:40,9124b27,2.13.0+cu130,gonzalo
7,0.8,40,n3,blocked,default,75,1e-07,,,,4,cuda,torch,400,8,,8.50745,0.0898264,20.6432,0.0154814,4.59757,0.0471195,17.3717,0.0139716,50,2.984,2.877,2026-08-01T02:21:40,9124b27,2.13.0+cu130,gonzalo
7,0.8,20,n3,blocked,default,75,1e-07,,,,4,cuda,torch,400,8,,9.6873,0.101859,20.6432,0.0154814,5.62296,0.0574071,17.3717,0.0139716,50,2.928,2.877,2026-08-01T02:21:40,9124b27,2.13.0+cu130,gonzalo
8,0.2,inf,n3,blocked,default,75,1e-07,,,,4,cuda,torch,400,8,,1.67412,0.017028,4.18503,0.00217594,0.754834,0.00756932,3.35071,0.00130623,50,2.905,2.877,2026-08-01T02:21:40,9124b27,2.13.0+cu130,gonzalo
8,0.2,40,n3,blocked,default,75,1e-07,,,,4,cuda,torch,400,8,,2.78222,0.0284329,4.18503,0.00217594,1.41042,0.0142277,3.35071,0.00130623,50,3.051,2.877,2026-08-01T02:21:40,9124b27,2.13.0+cu130,gonzalo
8,0.2,20,n3,blocked,default,75,1e-07,,,,4,cuda,torch,400,8,,7.54849,0.0767894,4.18503,0.00217594,4.59513,0.0463706,3.35071,0.00130623,50,2.998,2.877,2026-08-01T02:21:40,9124b27,2.13.0+cu130,gonzalo
8,0.4,inf,n3,blocked,default,75,1e-07,,,,4,cuda,torch,400,8,,3.06698,0.0313733,8.39204,0.00468117,1.42769,0.0143019,6.70955,0.00318396,50,3.101,2.877,2026-08-01T02:21:40,9124b27,2.13.0+cu130,gonzalo
8,0.4,40,n3,blocked,default,75,1e-07,,,,4,cuda,torch,400,8,,4.14299,0.0428382,8.39204,0.00468117,2.01497,0.0204036,6.70955,0.00318396,50,3.017,2.877,2026-08-01T02:21:40,9124b27,2.13.0+cu130,gonzalo
8,0.4,20,n3,blocked,default,75,1e-07,,,,4,cuda,torch,400,8,,8.12224,0.0831348,8.39204,0.00468117,4.81954,0.0486708,6.70955,0.00318396,50,2.984,2.877,2026-08-01T02:21:40,9124b27,2.13.0+cu130,gonzalo
8,0.8,inf,n3,blocked,default,75,1e-07,,,,4,cuda,torch,400,8,,6.28512,0.0650683,16.8781,0.0116011,3.1382,0.0313965,13.4553,0.00958733,50,2.977,2.877,2026-08-01T02:21:40,9124b27,2.13.0+cu130,gonzalo
8,0.8,40,n3,blocked,default,75,1e-07,,,,4,cuda,torch,400,8,,6.8185,0.0712524,16.8781,0.0116011,3.33876,0.0338144,13.4553,0.00958733,50,2.912,2.877,2026-08-01T02:21:40,9124b27,2.13.0+cu130,gonzalo
8,0.8,20,n3,blocked,default,75,1e-07,,,,4,cuda,torch,400,8,,8.46287,0.0890876,16.8781,0.0116011,4.55467,0.0464355,13.4553,0.00958733,50,2.977,2.877,2026-08-01T02:21:40,9124b27,2.13.0+cu130,gonzalo
9,0.2,inf,n3,blocked,default,75,1e-07,,,,4,cuda,torch,400,8,,2.22134,0.0225369,5.10647,0.00625156,0.915547,0.00922314,4.26559,0.00622246,50,3.004,2.877,2026-08-01T02:21:40,9124b27,2.13.0+cu130,gonzalo
9,0.2,40,n3,blocked,default,75,1e-07,,,,4,cuda,torch,400,8,,3.46591,0.0352797,5.10647,0.00625156,1.87358,0.0188982,4.26559,0.00622246,50,2.926,2.877,2026-08-01T02:21:40,9124b27,2.13.0+cu130,gonzalo
9,0.2,20,n3,blocked,default,75,1e-07,,,,4,cuda,torch,400,8,,8.02862,0.0810916,5.10647,0.00625156,4.98008,0.0502318,4.26559,0.00622246,50,2.912,2.877,2026-08-01T02:21:40,9124b27,2.13.0+cu130,gonzalo
9,0.4,inf,n3,blocked,default,75,1e-07,,,,4,cuda,torch,400,8,,5.72089,0.0591916,10.3212,0.0156022,2.90521,0.0295052,8.62854,0.0160915,50,2.922,2.877,2026-08-01T02:21:40,9124b27,2.13.0+cu130,gonzalo
9,0.4,40,n3,blocked,default,75,1e-07,,,,4,cuda,torch,400,8,,7.27774,0.0749973,10.3212,0.0156022,4.08083,0.0413708,8.62854,0.0160915,50,2.861,2.877,2026-08-01T02:21:40,9124b27,2.13.0+cu130,gonzalo
9,0.4,20,n3,blocked,default,75,1e-07,,,,4,cuda,torch,400,8,,9.59278,0.0981632,10.3212,0.0156022,5.77572,0.0583591,8.62854,0.0160915,50,2.853,2.877,2026-08-01T02:21:40,9124b27,2.13.0+cu130,gonzalo
9,0.8,inf,n3,blocked,default,75,1e-07,,,,4,cuda,torch,400,8,,10.0828,0.107485,21.0496,0.0420231,5.17269,0.0530521,17.644,0.04379,50,2.864,2.877,2026-08-01T02:21:40,9124b27,2.13.0+cu130,gonzalo
9,0.8,40,n3,blocked,default,75,1e-07,,,,4,cuda,torch,400,8,,10.7307,0.114103,21.0496,0.0420231,5.78092,0.0591803,17.644,0.04379,50,2.855,2.877,2026-08-01T02:21:40,9124b27,2.13.0+cu130,gonzalo
9,0.8,20,n3,blocked,default,75,1e-07,,,,4,cuda,torch,400,8,,11.1049,0.117634,21.0496,0.0420231,6.36194,0.0649572,17.644,0.04379,50,2.947,2.877,2026-08-01T02:21:40,9124b27,2.13.0+cu130,gonzalo
10,0.2,inf,n3,blocked,default,75,1e-07,,,,4,cuda,torch,400,8,,1.6813,0.0165419,4.29961,0.00355008,0.740797,0.00736714,3.72893,0.0032509,50,3.003,2.877,2026-08-01T02:21:40,9124b27,2.13.0+cu130,gonzalo
10,0.2,40,n3,blocked,default,75,1e-07,,,,4,cuda,torch,400,8,,2.37968,0.0241058,4.29961,0.00355008,1.5678,0.0158367,3.72893,0.0032509,50,2.998,2.877,2026-08-01T02:21:40,9124b27,2.13.0+cu130,gonzalo
10,0.2,20,n3,blocked,default,75,1e-07,,,,4,cuda,torch,400,8,,6.66107,0.0671864,4.29961,0.00355008,4.38931,0.044424,3.72893,0.0032509,50,2.979,2.877,2026-08-01T02:21:40,9124b27,2.13.0+cu130,gonzalo
10,0.4,inf,n3,blocked,default,75,1e-07,,,,4,cuda,torch,400,8,,3.17364,0.0318735,8.6009,0.00686183,1.64835,0.0166357,7.43999,0.00585708,50,2.989,2.877,2026-08-01T02:21:40,9124b27,2.13.0+cu130,gonzalo
10,0.4,40,n3,blocked,default,75,1e-07,,,,4,cuda,torch,400,8,,4.082,0.0415677,8.6009,0.00686183,2.6521,0.0269835,7.43999,0.00585708,50,3.001,2.877,2026-08-01T02:21:40,9124b27,2.13.0+cu130,gonzalo
10,0.4,20,n3,blocked,default,75,1e-07,,,,4,cuda,torch,400,8,,7.00613,0.0708319,8.6009,0.00686183,4.64682,0.0471514,7.43999,0.00585708,50,2.891,2.877,2026-08-01T02:21:40,9124b27,2.13.0+cu130,gonzalo
10,0.8,inf,n3,blocked,default,75,1e-07,,,,4,cuda,torch,400,8,,6.26619,0.0631635,17.2108,0.0134552,3.51029,0.0358513,14.8099,0.00995171,50,2.971,2.877,2026-08-01T02:21:40,9124b27,2.13.0+cu130,gonzalo
10,0.8,40,n3,blocked,default,75,1e-07,,,,4,cuda,torch,400,8,,6.8639,0.0698054,17.2108,0.0134552,4.05102,0.0415055,14.8099,0.00995171,50,2.975,2.877,2026-08-01T02:21:40,9124b27,2.13.0+cu130,gonzalo
10,0.8,20,n3,blocked,default,75,1e-07,,,,4,cuda,torch,400,8,,8.16527,0.0834236,17.2108,0.0134552,5.20282,0.0531765,14.8099,0.00995171,50,2.864,2.877,2026-08-01T02:21:40,9124b27,2.13.0+cu130,gonzalo
11,0.2,inf,n3,blocked,default,75,1e-07,,,,4,cuda,torch,400,8,,0.932729,0.00927168,4.13092,0.00249512,0.379479,0.00378254,3.25046,0.00198902,50,2.881,2.877,2026-08-01T02:21:40,9124b27,2.13.0+cu130,gonzalo
11,0.2,40,n3,blocked,default,75,1e-07,,,,4,cuda,torch,400,8,,1.73295,0.0174868,4.13092,0.00249512,1.08777,0.0109319,3.25046,0.00198902,50,2.993,2.877,2026-08-01T02:21:40,9124b27,2.13.0+cu130,gonzalo
11,0.2,20,n3,blocked,default,75,1e-07,,,,4,cuda,torch,400,8,,6.26945,0.0633644,4.13092,0.00249512,4.0287,0.0406727,3.25046,0.00198902,50,2.966,2.877,2026-08-01T02:21:40,9124b27,2.13.0+cu130,gonzalo
11,0.4,inf,n3,blocked,default,75,1e-07,,,,4,cuda,torch,400,8,,2.13178,0.0211563,8.14426,0.00511966,0.834725,0.00832872,6.441,0.00393651,50,2.83,2.877,2026-08-01T02:21:40,9124b27,2.13.0+cu130,gonzalo
11,0.4,40,n3,blocked,default,75,1e-07,,,,4,cuda,torch,400,8,,3.04117,0.0308609,8.14426,0.00511966,1.63131,0.0164796,6.441,0.00393651,50,2.829,2.877,2026-08-01T02:21:40,9124b27,2.13.0+cu130,gonzalo
11,0.4,20,n3,blocked,default,75,1e-07,,,,4,cuda,torch,400,8,,7.08798,0.0721206,8.14426,0.00511966,4.45,0.0449698,6.441,0.00393651,50,2.827,2.877,2026-08-01T02:21:40,9124b27,2.13.0+cu130,gonzalo
11,0.8,inf,n3,blocked,default,75,1e-07,,,,4,cuda,torch,400,8,,6.17952,0.0629336,15.8344,0.0134185,2.74829,0.0278911,12.6463,0.0103901,50,2.828,2.877,2026-08-01T02:21:40,9124b27,2.13.0+cu130,gonzalo
11,0.8,40,n3,blocked,default,75,1e-07,,,,4,cuda,torch,400,8,,7.0619,0.0726066,15.8344,0.0134185,3.54104,0.036103,12.6463,0.0103901,50,2.83,2.877,2026-08-01T02:21:40,9124b27,2.13.0+cu130,gonzalo
11,0.8,20,n3,blocked,default,75,1e-07,,,,4,cuda,torch,400,8,,8.87069,0.0920335,15.8344,0.0134185,5.00191,0.050948,12.6463,0.0103901,50,2.827,2.877,2026-08-01T02:21:40,9124b27,2.13.0+cu130,gonzalo
12,0.2,inf,n3,blocked,default,75,1e-07,,,,4,cuda,torch,400,8,,1.73124,0.017632,4.05114,0.00385829,0.808607,0.00814473,3.24863,0.00302982,50,2.831,2.877,2026-08-01T02:21:40,9124b27,2.13.0+cu130,gonzalo
12,0.2,40,n3,blocked,default,75,1e-07,,,,4,cuda,torch,400,8,,3.69366,0.0376701,4.05114,0.00385829,2.10567,0.021301,3.24863,0.00302982,50,2.829,2.877,2026-08-01T02:21:40,9124b27,2.13.0+cu130,gonzalo
12,0.2,20,n3,blocked,default,75,1e-07,,,,4,cuda,torch,400,8,,7.93324,0.0805816,4.05114,0.00385829,4.90918,0.0496937,3.24863,0.00302982,50,2.823,2.877,2026-08-01T02:21:40,9124b27,2.13.0+cu130,gonzalo
12,0.4,inf,n3,blocked,default,75,1e-07,,,,4,cuda,torch,400,8,,3.90795,0.0402988,8.20754,0.00696482,1.91867,0.0194323,6.54936,0.00432617,50,2.828,2.877,2026-08-01T02:21:40,9124b27,2.13.0+cu130,gonzalo
12,0.4,40,n3,blocked,default,75,1e-07,,,,4,cuda,torch,400,8,,6.12757,0.0629597,8.20754,0.00696482,3.47732,0.0353384,6.54936,0.00432617,50,2.847,2.877,2026-08-01T02:21:40,9124b27,2.13.0+cu130,gonzalo
12,0.4,20,n3,blocked,default,75,1e-07,,,,4,cuda,torch,400,8,,9.25643,0.0944693,8.20754,0.00696482,5.57581,0.0565467,6.54936,0.00432617,50,2.854,2.877,2026-08-01T02:21:40,9124b27,2.13.0+cu130,gonzalo
12,0.8,inf,n3,blocked,default,75,1e-07,,,,4,cuda,torch,400,8,,7.60573,0.0789063,16.8609,0.0255927,4.10575,0.041985,13.3153,0.0231804,50,2.851,2.877,2026-08-01T02:21:40,9124b27,2.13.0+cu130,gonzalo
12,0.8,40,n3,blocked,default,75,1e-07,,,,4,cuda,torch,400,8,,8.91123,0.0922387,16.8609,0.0255927,4.94278,0.0505511,13.3153,0.0231804,50,2.85,2.877,2026-08-01T02:21:40,9124b27,2.13.0+cu130,gonzalo
12,0.8,20,n3,blocked,default,75,1e-07,,,,4,cuda,torch,400,8,,10.5579,0.108762,16.8609,0.0255927,6.18511,0.0630047,13.3153,0.0231804,50,2.853,2.877,2026-08-01T02:21:40,9124b27,2.13.0+cu130,gonzalo
13,0.2,inf,n3,blocked,default,75,1e-07,,,,4,cuda,torch,400,8,,1.27736,0.0129144,4.05033,0.00298108,0.529069,0.0053095,3.34827,0.0022011,50,3.038,2.877,2026-08-01T02:21:40,9124b27,2.13.0+cu130,gonzalo
13,0.2,40,n3,blocked,default,75,1e-07,,,,4,cuda,torch,400,8,,2.68921,0.0273187,4.05033,0.00298108,1.53993,0.0155409,3.34827,0.0022011,50,2.934,2.877,2026-08-01T02:21:40,9124b27,2.13.0+cu130,gonzalo
13,0.2,20,n3,blocked,default,75,1e-07,,,,4,cuda,torch,400,8,,7.29124,0.0739295,4.05033,0.00298108,4.62352,0.046688,3.34827,0.0022011,50,2.861,2.877,2026-08-01T02:21:40,9124b27,2.13.0+cu130,gonzalo
13,0.4,inf,n3,blocked,default,75,1e-07,,,,4,cuda,torch,400,8,,2.75778,0.0282673,8.10184,0.00584614,1.23003,0.0124391,6.70213,0.00394054,50,2.853,2.877,2026-08-01T02:21:40,9124b27,2.13.0+cu130,gonzalo
13,0.4,40,n3,blocked,default,75,1e-07,,,,4,cuda,torch,400,8,,4.36863,0.044978,8.10184,0.00584614,2.33072,0.0236592,6.70213,0.00394054,50,2.861,2.877,2026-08-01T02:21:40,9124b27,2.13.0+cu130,gonzalo
13,0.4,20,n3,blocked,default,75,1e-07,,,,4,cuda,torch,400,8,,7.55264,0.0772114,8.10184,0.00584614,4.66964,0.0472593,6.70213,0.00394054,50,2.844,2.877,2026-08-01T02:21:40,9124b27,2.13.0+cu130,gonzalo
13,0.8,inf,n3,blocked,default,75,1e-07,,,,4,cuda,torch,400,8,,6.0302,0.0626382,16.2094,0.0131298,2.9318,0.0299392,13.4247,0.00849386,50,2.85,2.877,2026-08-01T02:21:40,9124b27,2.13.0+cu130,gonzalo
13,0.8,40,n3,blocked,default,75,1e-07,,,,4,cuda,torch,400,8,,6.80372,0.070751,16.2094,0.0131298,3.59309,0.036749,13.4247,0.00849386,50,2.839,2.877,2026-08-01T02:21:40,9124b27,2.13.0+cu130,gonzalo
13,0.8,20,n3,blocked,default,75,1e-07,,,,4,cuda,torch,400,8,,8.42146,0.0874638,16.2094,0.0131298,4.93526,0.05026,13.4247,0.00849386,50,2.825,2.877,2026-08-01T02:21:40,9124b27,2.13.0+cu130,gonzalo
14,0.2,inf,n3,blocked,default,75,1e-07,,,,4,cuda,torch,400,8,,2.3648,0.0233177,4.54633,0.00229305,1.00762,0.0100598,3.80653,0.00201862,50,2.943,2.877,2026-08-01T02:21:40,9124b27,2.13.0+cu130,gonzalo
14,0.2,40,n3,blocked,default,75,1e-07,,,,4,cuda,torch,400,8,,2.5933,0.026269,4.54633,0.00229305,1.6812,0.0170375,3.80653,0.00201862,50,2.929,2.877,2026-08-01T02:21:40,9124b27,2.13.0+cu130,gonzalo
14,0.2,20,n3,blocked,default,75,1e-07,,,,4,cuda,torch,400,8,,6.25361,0.0627822,4.54633,0.00229305,4.276,0.0432973,3.80653,0.00201862,50,2.957,2.877,2026-08-01T02:21:40,9124b27,2.13.0+cu130,gonzalo
14,0.4,inf,n3,blocked,default,75,1e-07,,,,4,cuda,torch,400,8,,4.23968,0.0421078,9.00622,0.00476783,2.08863,0.0211042,7.57758,0.00421876,50,2.958,2.877,2026-08-01T02:21:40,9124b27,2.13.0+cu130,gonzalo
14,0.4,40,n3,blocked,default,75,1e-07,,,,4,cuda,torch,400,8,,4.30856,0.0435627,9.00622,0.00476783,2.71874,0.0277902,7.57758,0.00421876,50,2.998,2.877,2026-08-01T02:21:40,9124b27,2.13.0+cu130,gonzalo
14,0.4,20,n3,blocked,default,75,1e-07,,,,4,cuda,torch,400,8,,6.45126,0.065001,9.00622,0.00476783,4.52199,0.0460286,7.57758,0.00421876,50,2.995,2.877,2026-08-01T02:21:40,9124b27,2.13.0+cu130,gonzalo
14,0.8,inf,n3,blocked,default,75,1e-07,,,,4,cuda,torch,400,8,,7.53927,0.0732351,17.6734,0.013065,3.79419,0.0384828,15.0144,0.012035,50,3.013,2.877,2026-08-01T02:21:40,9124b27,2.13.0+cu130,gonzalo
14,0.8,40,n3,blocked,default,75,1e-07,,,,4,cuda,torch,400,8,,7.67156,0.0756065,17.6734,0.013065,4.14254,0.0424349,15.0144,0.012035,50,2.929,2.877,2026-08-01T02:21:40,9124b27,2.13.0+cu130,gonzalo
14,0.8,20,n3,blocked,default,75,1e-07,,,,4,cuda,torch,400,8,,8.26074,0.083166,17.6734,0.013065,4.99608,0.0513725,15.0144,0.012035,50,3.021,2.877,2026-08-01T02:21:40,9124b27,2.13.0+cu130,gonzalo
15,0.2,inf,n3,blocked,default,75,1e-07,,,,4,cuda,torch,400,8,,1.76733,0.0181433,3.96115,0.00276719,0.731793,0.00737865,3.37665,0.00160738,50,2.977,2.877,2026-08-01T02:21:40,9124b27,2.13.0+cu130,gonzalo
15,0.2,40,n3,blocked,default,75,1e-07,,,,4,cuda,torch,400,8,,3.22492,0.0329974,3.96115,0.00276719,1.70489,0.0172001,3.37665,0.00160738,50,3,2.877,2026-08-01T02:21:40,9124b27,2.13.0+cu130,gonzalo
15,0.2,20,n3,blocked,default,75,1e-07,,,,4,cuda,torch,400,8,,7.75897,0.0789627,3.96115,0.00276719,4.6975,0.047457,3.37665,0.00160738,50,2.97,2.877,2026-08-01T02:21:40,9124b27,2.13.0+cu130,gonzalo
15,0.4,inf,n3,blocked,default,75,1e-07,,,,4,cuda,torch,400,8,,3.46222,0.0359604,8.11356,0.00647506,1.51604,0.0153585,6.86777,0.00395029,50,2.966,2.877,2026-08-01T02:21:40,9124b27,2.13.0+cu130,gonzalo
15,0.4,40,n3,blocked,default,75,1e-07,,,,4,cuda,torch,400,8,,4.8888,0.0505621,8.11356,0.00647506,2.48087,0.0251484,6.86777,0.00395029,50,3.001,2.877,2026-08-01T02:21:40,9124b27,2.13.0+cu130,gonzalo
15,0.4,20,n3,blocked,default,75,1e-07,,,,4,cuda,torch,400,8,,8.66302,0.0886394,8.11356,0.00647506,5.0957,0.0515141,6.86777,0.00395029,50,2.983,2.877,2026-08-01T02:21:40,9124b27,2.13.0+cu130,gonzalo
15,0.8,inf,n3,blocked,default,75,1e-07,,,,4,cuda,torch,400,8,,7.44605,0.0782281,17.0432,0.0238363,3.61113,0.0367785,14.2117,0.0218891,50,2.996,2.877,2026-08-01T02:21:40,9124b27,2.13.0+cu130,gonzalo
15,0.8,40,n3,blocked,default,75,1e-07,,,,4,cuda,torch,400,8,,8.66252,0.0905974,17.0432,0.0238363,4.53243,0.0461217,14.2117,0.0218891,50,2.978,2.877,2026-08-01T02:21:40,9124b27,2.13.0+cu130,gonzalo
15,0.8,20,n3,blocked,default,75,1e-07,,,,4,cuda,torch,400,8,,10.4393,0.108432,17.0432,0.0238363,5.98003,0.0605812,14.2117,0.0218891,50,2.967,2.877,2026-08-01T02:21:40,9124b27,2.13.0+cu130,gonzalo
16,0.2,inf,n3,blocked,default,75,1e-07,,,,4,cuda,torch,400,8,,1.97914,0.020088,3.66474,0.00796446,1.01047,0.0101666,2.81934,0.00685194,50,2.992,2.877,2026-08-01T02:21:40,9124b27,2.13.0+cu130,gonzalo
16,0.2,40,n3,blocked,default,75,1e-07,,,,4,cuda,torch,400,8,,4.31344,0.0438295,3.66474,0.00796446,2.50355,0.0253092,2.81934,0.00685194,50,2.972,2.877,2026-08-01T02:21:40,9124b27,2.13.0+cu130,gonzalo
16,0.2,20,n3,blocked,default,75,1e-07,,,,4,cuda,torch,400,8,,8.8846,0.0899066,3.66474,0.00796446,5.40394,0.0545894,2.81934,0.00685194,49,2.901,2.877,2026-08-01T02:21:40,9124b27,2.13.0+cu130,gonzalo
16,0.4,inf,n3,blocked,default,75,1e-07,,,,4,cuda,torch,400,8,,5.15741,0.0525777,7.39708,0.0132142,2.716,0.0274751,5.67719,0.00875658,50,3.119,2.877,2026-08-01T02:21:40,9124b27,2.13.0+cu130,gonzalo
16,0.4,40,n3,blocked,default,75,1e-07,,,,4,cuda,torch,400,8,,7.47846,0.0760655,7.39708,0.0132142,4.22645,0.0428454,5.67719,0.00875658,50,3.116,2.877,2026-08-01T02:21:40,9124b27,2.13.0+cu130,gonzalo
16,0.4,20,n3,blocked,default,75,1e-07,,,,4,cuda,torch,400,8,,10.7903,0.109255,7.39708,0.0132142,6.38054,0.0644394,5.67719,0.00875658,50,3.008,2.877,2026-08-01T02:21:40,9124b27,2.13.0+cu130,gonzalo
16,0.8,inf,n3,blocked,default,75,1e-07,,,,4,cuda,torch,400,8,,9.8727,0.101048,15.0828,0.0675446,5.19319,0.0527402,11.5137,0.0726314,50,2.989,2.877,2026-08-01T02:21:40,9124b27,2.13.0+cu130,gonzalo
16,0.8,40,n3,blocked,default,75,1e-07,,,,4,cuda,torch,400,8,,11.2142,0.114702,15.0828,0.0675446,6.06051,0.0615548,11.5137,0.0726314,50,2.993,2.877,2026-08-01T02:21:40,9124b27,2.13.0+cu130,gonzalo
16,0.8,20,n3,blocked,default,75,1e-07,,,,4,cuda,torch,400,8,,12.501,0.127447,15.0828,0.0675446,7.08671,0.0717437,11.5137,0.0726314,50,2.978,2.877,2026-08-01T02:21:40,9124b27,2.13.0+cu130,gonzalo
17,0.2,inf,n3,blocked,default,75,1e-07,,,,4,cuda,torch,400,8,,1.89614,0.0191827,4.52768,0.00280336,0.7302,0.0073473,3.90114,0.00269,50,2.968,2.877,2026-08-01T02:21:40,9124b27,2.13.0+cu130,gonzalo
17,0.2,40,n3,blocked,default,75,1e-07,,,,4,cuda,torch,400,8,,3.0317,0.0309448,4.52768,0.00280336,1.53316,0.0154512,3.90114,0.00269,50,2.91,2.877,2026-08-01T02:21:40,9124b27,2.13.0+cu130,gonzalo
17,0.2,20,n3,blocked,default,75,1e-07,,,,4,cuda,torch,400,8,,7.31972,0.0741288,4.52768,0.00280336,4.49512,0.0453394,3.90114,0.00269,50,2.934,2.877,2026-08-01T02:21:40,9124b27,2.13.0+cu130,gonzalo
17,0.4,inf,n3,blocked,default,75,1e-07,,,,4,cuda,torch,400,8,,4.51897,0.0467321,9.08495,0.00610093,1.93362,0.0196762,7.84108,0.00587901,50,2.969,2.877,2026-08-01T02:21:40,9124b27,2.13.0+cu130,gonzalo
17,0.4,40,n3,blocked,default,75,1e-07,,,,4,cuda,torch,400,8,,5.62403,0.0582274,9.08495,0.00610093,2.79058,0.0283198,7.84108,0.00587901,50,3.04,2.877,2026-08-01T02:21:40,9124b27,2.13.0+cu130,gonzalo
17,0.4,20,n3,blocked,default,75,1e-07,,,,4,cuda,torch,400,8,,8.26101,0.0846697,9.08495,0.00610093,4.83303,0.0488239,7.84108,0.00587901,50,2.996,2.877,2026-08-01T02:21:40,9124b27,2.13.0+cu130,gonzalo
17,0.8,inf,n3,blocked,default,75,1e-07,,,,4,cuda,torch,400,8,,8.76635,0.0926515,18.2849,0.0144151,4.04552,0.0415541,15.8389,0.0138501,50,3.069,2.877,2026-08-01T02:21:40,9124b27,2.13.0+cu130,gonzalo
17,0.8,40,n3,blocked,default,75,1e-07,,,,4,cuda,torch,400,8,,9.74204,0.103072,18.2849,0.0144151,4.79177,0.0491454,15.8389,0.0138501,50,2.975,2.877,2026-08-01T02:21:40,9124b27,2.13.0+cu130,gonzalo
17,0.8,20,n3,blocked,default,75,1e-07,,,,4,cuda,torch,400,8,,10.4705,0.110447,18.2849,0.0144151,5.63908,0.0576516,15.8389,0.0138501,50,2.943,2.877,2026-08-01T02:21:40,9124b27,2.13.0+cu130,gonzalo
18,0.2,inf,n3,blocked,default,75,1e-07,,,,4,cuda,torch,400,8,,1.92099,0.0193882,5.15763,0.00307719,0.999456,0.0100871,4.52636,0.00241444,50,3.013,2.877,2026-08-01T02:21:40,9124b27,2.13.0+cu130,gonzalo
18,0.2,40,n3,blocked,default,75,1e-07,,,,4,cuda,torch,400,8,,3.57395,0.0363729,5.15763,0.00307719,2.16138,0.0219216,4.52636,0.00241444,48,2.822,2.877,2026-08-01T02:21:40,9124b27,2.13.0+cu130,gonzalo
18,0.2,20,n3,blocked,default,75,1e-07,,,,4,cuda,torch,400,8,,7.14671,0.0724278,5.15763,0.00307719,4.56033,0.0462036,4.52636,0.00241444,49,2.895,2.877,2026-08-01T02:21:40,9124b27,2.13.0+cu130,gonzalo
18,0.4,inf,n3,blocked,default,75,1e-07,,,,4,cuda,torch,400,8,,4.42405,0.045433,10.3687,0.00724825,2.5787,0.0263378,9.07604,0.00658691,50,2.96,2.877,2026-08-01T02:21:40,9124b27,2.13.0+cu130,gonzalo
18,0.4,40,n3,blocked,default,75,1e-07,,,,4,cuda,torch,400,8,,5.57229,0.05729,10.3687,0.00724825,3.37975,0.0345289,9.07604,0.00658691,48,2.83,2.877,2026-08-01T02:21:40,9124b27,2.13.0+cu130,gonzalo
18,0.4,20,n3,blocked,default,75,1e-07,,,,4,cuda,torch,400,8,,7.77927,0.0793406,10.3687,0.00724825,4.91542,0.049958,9.07604,0.00658691,50,2.961,2.877,2026-08-01T02:21:40,9124b27,2.13.0+cu130,gonzalo
18,0.8,inf,n3,blocked,default,75,1e-07,,,,4,cuda,torch,400,8,,7.16746,0.0733781,20.9244,0.0206634,3.92519,0.0402984,18.2309,0.0207934,50,2.988,2.877,2026-08-01T02:21:40,9124b27,2.13.0+cu130,gonzalo
18,0.8,40,n3,blocked,default,75,1e-07,,,,4,cuda,torch,400,8,,7.71302,0.0795452,20.9244,0.0206634,4.37706,0.0450013,18.2309,0.0207934,50,2.94,2.877,2026-08-01T02:21:40,9124b27,2.13.0+cu130,gonzalo
18,0.8,20,n3,blocked,default,75,1e-07,,,,4,cuda,torch,400,8,,8.63905,0.0895094,20.9244,0.0206634,5.27246,0.0541514,18.2309,0.0207934,50,3.033,2.877,2026-08-01T02:21:40,9124b27,2.13.0+cu130,gonzalo
19,0.2,inf,n3,blocked,default,75,1e-07,,,,4,cuda,torch,400,8,,1.52083,0.0152613,3.8229,0.0022607,0.671983,0.00674195,2.77565,0.00157815,50,3.029,2.877,2026-08-01T02:21:40,9124b27,2.13.0+cu130,gonzalo
19,0.2,40,n3,blocked,default,75,1e-07,,,,4,cuda,torch,400,8,,3.22683,0.0326318,3.8229,0.0022607,1.91096,0.0192772,2.77565,0.00157815,50,2.936,2.877,2026-08-01T02:21:40,9124b27,2.13.0+cu130,gonzalo
19,0.2,20,n3,blocked,default,75,1e-07,,,,4,cuda,torch,400,8,,7.70065,0.0776143,3.8229,0.0022607,4.82803,0.0487569,2.77565,0.00157815,50,2.853,2.877,2026-08-01T02:21:40,9124b27,2.13.0+cu130,gonzalo
19,0.4,inf,n3,blocked,default,75,1e-07,,,,4,cuda,torch,400,8,,3.69648,0.0375709,7.67324,0.00451552,1.79728,0.0181738,5.55738,0.00264871,50,2.895,2.877,2026-08-01T02:21:40,9124b27,2.13.0+cu130,gonzalo
19,0.4,40,n3,blocked,default,75,1e-07,,,,4,cuda,torch,400,8,,5.45805,0.0555775,7.67324,0.00451552,3.07148,0.031111,5.55738,0.00264871,50,2.895,2.877,2026-08-01T02:21:40,9124b27,2.13.0+cu130,gonzalo
19,0.4,20,n3,blocked,default,75,1e-07,,,,4,cuda,torch,400,8,,9.14998,0.0926372,7.67324,0.00451552,5.594,0.0565336,5.55738,0.00264871,50,2.885,2.877,2026-08-01T02:21:40,9124b27,2.13.0+cu130,gonzalo
19,0.8,inf,n3,blocked,default,75,1e-07,,,,4,cuda,torch,400,8,,7.98473,0.0821554,15.4667,0.011094,4.05562,0.0412921,11.1436,0.00715677,50,2.841,2.877,2026-08-01T02:21:40,9124b27,2.13.0+cu130,gonzalo
19,0.8,40,n3,blocked,default,75,1e-07,,,,4,cuda,torch,400,8,,9.26674,0.0955227,15.4667,0.011094,4.95904,0.0505215,11.1436,0.00715677,50,2.848,2.877,2026-08-01T02:21:40,9124b27,2.13.0+cu130,gonzalo
19,0.8,20,n3,blocked,default,75,1e-07,,,,4,cuda,torch,400,8,,10.7175,0.110419,15.4667,0.011094,6.09689,0.061958,11.1436,0.00715677,50,2.852,2.877,2026-08-01T02:21:40,9124b27,2.13.0+cu130,gonzalo
20,0.2,inf,n3,blocked,default,75,1e-07,,,,4,cuda,torch,400,8,,1.22429,0.0123065,4.05967,0.00161096,0.555468,0.00554613,3.20244,0.00122338,50,2.856,2.877,2026-08-01T02:21:40,9124b27,2.13.0+cu130,gonzalo
20,0.2,40,n3,blocked,default,75,1e-07,,,,4,cuda,torch,400,8,,2.338,0.0237656,4.05967,0.00161096,1.28426,0.0129256,3.20244,0.00122338,50,2.859,2.877,2026-08-01T02:21:40,9124b27,2.13.0+cu130,gonzalo
20,0.2,20,n3,blocked,default,75,1e-07,,,,4,cuda,torch,400,8,,6.66574,0.067574,4.05967,0.00161096,4.24456,0.0427945,3.20244,0.00122338,50,2.847,2.877,2026-08-01T02:21:40,9124b27,2.13.0+cu130,gonzalo
20,0.4,inf,n3,blocked,default,75,1e-07,,,,4,cuda,torch,400,8,,2.54949,0.0258033,8.08774,0.00323588,1.09397,0.0109397,6.39393,0.00239086,50,2.842,2.877,2026-08-01T02:21:40,9124b27,2.13.0+cu130,gonzalo
20,0.4,40,n3,blocked,default,75,1e-07,,,,4,cuda,torch,400,8,,3.36795,0.0347368,8.08774,0.00323588,1.58661,0.0160606,6.39393,0.00239086,50,2.931,2.877,2026-08-01T02:21:40,9124b27,2.13.0+cu130,gonzalo
20,0.4,20,n3,blocked,default,75,1e-07,,,,4,cuda,torch,400,8,,6.74409,0.0691017,8.08774,0.00323588,4.14274,0.0418137,6.39393,0.00239086,50,2.942,2.877,2026-08-01T02:21:40,9124b27,2.13.0+cu130,gonzalo
20,0.8,inf,n3,blocked,default,75,1e-07,,,,4,cuda,torch,400,8,,5.44438,0.055537,16.0583,0.00740932,2.28624,0.0229394,12.7456,0.00577228,50,2.999,2.877,2026-08-01T02:21:40,9124b27,2.13.0+cu130,gonzalo
20,0.8,40,n3,blocked,default,75,1e-07,,,,4,cuda,torch,400,8,,6.08952,0.063158,16.0583,0.00740932,2.67959,0.027247,12.7456,0.00577228,50,2.993,2.877,2026-08-01T02:21:40,9124b27,2.13.0+cu130,gonzalo
20,0.8,20,n3,blocked,default,75,1e-07,,,,4,cuda,torch,400,8,,8.36066,0.0876542,16.0583,0.00740932,4.58497,0.0466015,12.7456,0.00577228,50,2.963,2.877,2026-08-01T02:21:40,9124b27,2.13.0+cu130,gonzalo
21,0.2,inf,n3,blocked,default,75,1e-07,,,,4,cuda,torch,400,8,,1.0011,0.0100445,2.99698,0.00354402,0.544049,0.00546162,2.17704,0.00279842,50,2.96,2.877,2026-08-01T02:21:40,9124b27,2.13.0+cu130,gonzalo
21,0.2,40,n3,blocked,default,75,1e-07,,,,4,cuda,torch,400,8,,2.71972,0.0274501,2.99698,0.00354402,1.8344,0.0185339,2.17704,0.00279842,50,3.02,2.877,2026-08-01T02:21:40,9124b27,2.13.0+cu130,gonzalo
21,0.2,20,n3,blocked,default,75,1e-07,,,,4,cuda,torch,400,8,,8.12705,0.0819005,2.99698,0.00354402,5.15821,0.0521241,2.17704,0.00279842,50,2.991,2.877,2026-08-01T02:21:40,9124b27,2.13.0+cu130,gonzalo
21,0.4,inf,n3,blocked,default,75,1e-07,,,,4,cuda,torch,400,8,,2.45213,0.0248876,6.09176,0.00632177,1.38809,0.0140293,4.3992,0.00399114,50,2.961,2.877,2026-08-01T02:21:40,9124b27,2.13.0+cu130,gonzalo
21,0.4,40,n3,blocked,default,75,1e-07,,,,4,cuda,torch,400,8,,4.40035,0.0445444,6.09176,0.00632177,2.87443,0.0291811,4.3992,0.00399114,50,2.86,2.877,2026-08-01T02:21:40,9124b27,2.13.0+cu130,gonzalo
21,0.4,20,n3,blocked,default,75,1e-07,,,,4,cuda,torch,400,8,,8.90486,0.0897704,6.09176,0.00632177,5.51853,0.0558422,4.3992,0.00399114,50,2.897,2.877,2026-08-01T02:21:40,9124b27,2.13.0+cu130,gonzalo
21,0.8,inf,n3,blocked,default,75,1e-07,,,,4,cuda,torch,400,8,,5.94103,0.0603768,12.6107,0.0246048,3.47568,0.035412,8.99035,0.0232216,50,2.837,2.877,2026-08-01T02:21:40,9124b27,2.13.0+cu130,gonzalo
21,0.8,40,n3,blocked,default,75,1e-07,,,,4,cuda,torch,400,8,,7.43771,0.0756364,12.6107,0.0246048,4.38012,0.0446503,8.99035,0.0232216,50,2.845,2.877,2026-08-01T02:21:40,9124b27,2.13.0+cu130,gonzalo
21,0.8,20,n3,blocked,default,75,1e-07,,,,4,cuda,torch,400,8,,9.95571,0.100832,12.6107,0.0246048,5.98788,0.0607576,8.99035,0.0232216,50,2.846,2.877,2026-08-01T02:21:40,9124b27,2.13.0+cu130,gonzalo
22,0.2,inf,n3,blocked,default,75,1e-07,,,,4,cuda,torch,400,8,,1.25562,0.0125922,3.23231,0.0019604,0.63116,0.00635894,2.40248,0.00166794,50,2.931,2.877,2026-08-01T02:21:40,9124b27,2.13.0+cu130,gonzalo
22,0.2,40,n3,blocked,default,75,1e-07,,,,4,cuda,torch,400,8,,2.50776,0.0253938,3.23231,0.0019604,1.59676,0.0161562,2.40248,0.00166794,50,2.919,2.877,2026-08-01T02:21:40,9124b27,2.13.0+cu130,gonzalo
22,0.2,20,n3,blocked,default,75,1e-07,,,,4,cuda,torch,400,8,,7.91569,0.0799598,3.23231,0.0019604,4.98515,0.050409,2.40248,0.00166794,50,2.877,2.877,2026-08-01T02:21:40,9124b27,2.13.0+cu130,gonzalo
22,0.4,inf,n3,blocked,default,75,1e-07,,,,4,cuda,torch,400,8,,2.62401,0.0267205,6.56999,0.00387989,1.41644,0.0144209,4.853,0.00319601,50,2.908,2.877,2026-08-01T02:21:40,9124b27,2.13.0+cu130,gonzalo
22,0.4,40,n3,blocked,default,75,1e-07,,,,4,cuda,torch,400,8,,3.87845,0.0395763,6.56999,0.00387989,2.42132,0.0246509,4.853,0.00319601,50,2.969,2.877,2026-08-01T02:21:40,9124b27,2.13.0+cu130,gonzalo
22,0.4,20,n3,blocked,default,75,1e-07,,,,4,cuda,torch,400,8,,7.55454,0.0762694,6.56999,0.00387989,4.81532,0.0488,4.853,0.00319601,50,2.956,2.877,2026-08-01T02:21:40,9124b27,2.13.0+cu130,gonzalo
22,0.8,inf,n3,blocked,default,75,1e-07,,,,4,cuda,torch,400,8,,4.87006,0.0496414,13.5922,0.00800466,2.6656,0.0272669,9.90884,0.00624201,50,2.868,2.877,2026-08-01T02:21:40,9124b27,2.13.0+cu130,gonzalo
22,0.8,40,n3,blocked,default,75,1e-07,,,,4,cuda,torch,400,8,,5.78662,0.059301,13.5922,0.00800466,3.45582,0.0353753,9.90884,0.00624201,50,2.866,2.877,2026-08-01T02:21:40,9124b27,2.13.0+cu130,gonzalo
22,0.8,20,n3,blocked,default,75,1e-07,,,,4,cuda,torch,400,8,,8.01434,0.0817405,13.5922,0.00800466,5.02293,0.0511739,9.90884,0.00624201,50,2.86,2.877,2026-08-01T02:21:40,9124b27,2.13.0+cu130,gonzalo
23,0.2,inf,n3,blocked,default,75,1e-07,,,,4,cuda,torch,400,8,,1.84108,0.0184782,4.45267,0.00142494,0.778561,0.00781882,3.63387,0.000984382,50,3.008,2.877,2026-08-01T02:21:40,9124b27,2.13.0+cu130,gonzalo
23,0.2,40,n3,blocked,default,75,1e-07,,,,4,cuda,torch,400,8,,3.24486,0.032884,4.45267,0.00142494,1.89043,0.0190775,3.63387,0.000984382,50,2.874,2.877,2026-08-01T02:21:40,9124b27,2.13.0+cu130,gonzalo
23,0.2,20,n3,blocked,default,75,1e-07,,,,4,cuda,torch,400,8,,7.36532,0.0742102,4.45267,0.00142494,4.61569,0.0465901,3.63387,0.000984382,50,2.877,2.877,2026-08-01T02:21:40,9124b27,2.13.0+cu130,gonzalo
23,0.4,inf,n3,blocked,default,75,1e-07,,,,4,cuda,torch,400,8,,4.72552,0.0482883,8.909,0.00317018,2.26728,0.0229968,7.26901,0.00242193,50,2.886,2.877,2026-08-01T02:21:40,9124b27,2.13.0+cu130,gonzalo
23,0.4,40,n3,blocked,default,75,1e-07,,,,4,cuda,torch,400,8,,5.82213,0.0596098,8.909,0.00317018,3.18087,0.0322724,7.26901,0.00242193,50,3.014,2.877,2026-08-01T02:21:40,9124b27,2.13.0+cu130,gonzalo
23,0.4,20,n3,blocked,default,75,1e-07,,,,4,cuda,torch,400,8,,8.07652,0.0820966,8.909,0.00317018,4.92723,0.0498441,7.26901,0.00242193,50,2.969,2.877,2026-08-01T02:21:40,9124b27,2.13.0+cu130,gonzalo
23,0.8,inf,n3,blocked,default,75,1e-07,,,,4,cuda,torch,400,8,,8.03948,0.0826696,17.8293,0.00865756,3.72665,0.0379488,14.5424,0.00789459,50,2.883,2.877,2026-08-01T02:21:40,9124b27,2.13.0+cu130,gonzalo
23,0.8,40,n3,blocked,default,75,1e-07,,,,4,cuda,torch,400,8,,8.8337,0.0914473,17.8293,0.00865756,4.36105,0.0444937,14.5424,0.00789459,50,2.871,2.877,2026-08-01T02:21:40,9124b27,2.13.0+cu130,gonzalo
23,0.8,20,n3,blocked,default,75,1e-07,,,,4,cuda,torch,400,8,,9.90774,0.103029,17.8293,0.00865756,5.43062,0.0553747,14.5424,0.00789459,50,2.887,2.877,2026-08-01T02:21:40,9124b27,2.13.0+cu130,gonzalo
24,0.2,inf,n3,blocked,default,75,1e-07,,,,4,cuda,torch,400,8,,1.84416,0.0187458,4.09319,0.0015522,0.82309,0.00826011,3.49858,0.00108856,50,2.992,2.877,2026-08-01T02:21:40,9124b27,2.13.0+cu130,gonzalo
24,0.2,40,n3,blocked,default,75,1e-07,,,,4,cuda,torch,400,8,,2.60898,0.0267684,4.09319,0.0015522,1.24916,0.0126023,3.49858,0.00108856,50,2.958,2.877,2026-08-01T02:21:40,9124b27,2.13.0+cu130,gonzalo
24,0.2,20,n3,blocked,default,75,1e-07,,,,4,cuda,torch,400,8,,7.16207,0.072751,4.09319,0.0015522,4.42406,0.0445867,3.49858,0.00108856,50,2.925,2.877,2026-08-01T02:21:40,9124b27,2.13.0+cu130,gonzalo
24,0.4,inf,n3,blocked,default,75,1e-07,,,,4,cuda,torch,400,8,,3.46163,0.0355174,8.21065,0.00315183,1.56756,0.0157493,6.99524,0.0022412,50,2.916,2.877,2026-08-01T02:21:40,9124b27,2.13.0+cu130,gonzalo
24,0.4,40,n3,blocked,default,75,1e-07,,,,4,cuda,torch,400,8,,3.9978,0.0416043,8.21065,0.00315183,1.77376,0.0180218,6.99524,0.0022412,50,2.985,2.877,2026-08-01T02:21:40,9124b27,2.13.0+cu130,gonzalo
24,0.4,20,n3,blocked,default,75,1e-07,,,,4,cuda,torch,400,8,,7.93211,0.0818835,8.21065,0.00315183,4.66797,0.0470855,6.99524,0.0022412,50,2.98,2.877,2026-08-01T02:21:40,9124b27,2.13.0+cu130,gonzalo
24,0.8,inf,n3,blocked,default,75,1e-07,,,,4,cuda,torch,400,8,,6.82816,0.0715453,16.5234,0.00707051,3.16391,0.0321402,13.9835,0.00517041,50,2.875,2.877,2026-08-01T02:21:40,9124b27,2.13.0+cu130,gonzalo
24,0.8,40,n3,blocked,default,75,1e-07,,,,4,cuda,torch,400,8,,7.26755,0.0773755,16.5234,0.00707051,3.37529,0.034716,13.9835,0.00517041,50,2.866,2.877,2026-08-01T02:21:40,9124b27,2.13.0+cu130,gonzalo
24,0.8,20,n3,blocked,default,75,1e-07,,,,4,cuda,torch,400,8,,8.98901,0.096188,16.5234,0.00707051,4.71845,0.0483687,13.9835,0.00517041,50,2.866,2.877,2026-08-01T02:21:40,9124b27,2.13.0+cu130,gonzalo
25,0.2,inf,n3,blocked,default,75,1e-07,,,,4,cuda,torch,400,8,,1.9983,0.0204446,4.60232,0.005527,0.87046,0.00877503,3.76495,0.00482561,50,2.864,2.877,2026-08-01T02:21:40,9124b27,2.13.0+cu130,gonzalo
25,0.2,40,n3,blocked,default,75,1e-07,,,,4,cuda,torch,400,8,,3.55786,0.0363611,4.60232,0.005527,1.94507,0.019628,3.76495,0.00482561,50,2.867,2.877,2026-08-01T02:21:40,9124b27,2.13.0+cu130,gonzalo
25,0.2,20,n3,blocked,default,75,1e-07,,,,4,cuda,torch,400,8,,8.1203,0.0824851,4.60232,0.005527,5.00021,0.0504924,3.76495,0.00482561,50,2.863,2.877,2026-08-01T02:21:40,9124b27,2.13.0+cu130,gonzalo
25,0.4,inf,n3,blocked,default,75,1e-07,,,,4,cuda,torch,400,8,,4.2292,0.0437676,9.22679,0.0116042,1.96175,0.0198907,7.54506,0.00962142,50,2.87,2.877,2026-08-01T02:21:40,9124b27,2.13.0+cu130,gonzalo
25,0.4,40,n3,blocked,default,75,1e-07,,,,4,cuda,torch,400,8,,6.06752,0.062526,9.22679,0.0116042,3.28779,0.0333258,7.54506,0.00962142,50,2.891,2.877,2026-08-01T02:21:40,9124b27,2.13.0+cu130,gonzalo
25,0.4,20,n3,blocked,default,75,1e-07,,,,4,cuda,torch,400,8,,9.75674,0.0997541,9.22679,0.0116042,5.81931,0.0587655,7.54506,0.00962142,50,2.868,2.877,2026-08-01T02:21:40,9124b27,2.13.0+cu130,gonzalo
25,0.8,inf,n3,blocked,default,75,1e-07,,,,4,cuda,torch,400,8,,9.51177,0.100131,18.5363,0.0314152,4.81533,0.0491416,15.1497,0.0286051,50,2.868,2.877,2026-08-01T02:21:40,9124b27,2.13.0+cu130,gonzalo
25,0.8,40,n3,blocked,default,75,1e-07,,,,4,cuda,torch,400,8,,10.6232,0.111586,18.5363,0.0314152,5.65235,0.057612,15.1497,0.0286051,50,2.848,2.877,2026-08-01T02:21:40,9124b27,2.13.0+cu130,gonzalo
25,0.8,20,n3,blocked,default,75,1e-07,,,,4,cuda,torch,400,8,,11.5701,0.121155,18.5363,0.0314152,6.51937,0.0662329,15.1497,0.0286051,50,2.844,2.877,2026-08-01T02:21:40,9124b27,2.13.0+cu130,gonzalo
26,0.2,inf,n3,blocked,default,75,1e-07,,,,4,cuda,torch,400,8,,2.03058,0.0205583,4.8888,0.00266175,0.805608,0.00810735,3.92603,0.00246923,50,2.815,2.877,2026-08-01T02:21:40,9124b27,2.13.0+cu130,gonzalo
26,0.2,40,n3,blocked,default,75,1e-07,,,,4,cuda,torch,400,8,,3.23958,0.0329396,4.8888,0.00266175,1.74368,0.0175713,3.92603,0.00246923,50,2.82,2.877,2026-08-01T02:21:40,9124b27,2.13.0+cu130,gonzalo
26,0.2,20,n3,blocked,default,75,1e-07,,,,4,cuda,torch,400,8,,7.55838,0.0763367,4.8888,0.00266175,4.65304,0.0469595,3.92603,0.00246923,50,2.812,2.877,2026-08-01T02:21:40,9124b27,2.13.0+cu130,gonzalo
26,0.4,inf,n3,blocked,default,75,1e-07,,,,4,cuda,torch,400,8,,5.14587,0.0532718,9.8941,0.00627185,2.3761,0.0241666,7.942,0.00602147,50,2.813,2.877,2026-08-01T02:21:40,9124b27,2.13.0+cu130,gonzalo
26,0.4,40,n3,blocked,default,75,1e-07,,,,4,cuda,torch,400,8,,6.41541,0.0662103,9.8941,0.00627185,3.38051,0.0342686,7.942,0.00602147,50,2.813,2.877,2026-08-01T02:21:40,9124b27,2.13.0+cu130,gonzalo
26,0.4,20,n3,blocked,default,75,1e-07,,,,4,cuda,torch,400,8,,8.91689,0.0911311,9.8941,0.00627185,5.26462,0.0532023,7.942,0.00602147,50,2.808,2.877,2026-08-01T02:21:40,9124b27,2.13.0+cu130,gonzalo
26,0.8,inf,n3,blocked,default,75,1e-07,,,,4,cuda,torch,400,8,,8.92023,0.094717,20.2417,0.015415,4.09286,0.0420694,16.2476,0.014669,50,2.841,2.877,2026-08-01T02:21:40,9124b27,2.13.0+cu130,gonzalo
26,0.8,40,n3,blocked,default,75,1e-07,,,,4,cuda,torch,400,8,,9.79966,0.104128,20.2417,0.015415,4.86634,0.0498832,16.2476,0.014669,50,2.834,2.877,2026-08-01T02:21:40,9124b27,2.13.0+cu130,gonzalo
26,0.8,20,n3,blocked,default,75,1e-07,,,,4,cuda,torch,400,8,,10.579,0.112008,20.2417,0.015415,5.7637,0.058891,16.2476,0.014669,50,2.797,2.877,2026-08-01T02:21:40,9124b27,2.13.0+cu130,gonzalo
27,0.2,inf,n3,blocked,default,75,1e-07,,,,4,cuda,torch,400,8,,1.70304,0.0173263,4.2001,0.00139402,0.7038,0.00708744,3.44453,0.0012916,50,2.837,2.877,2026-08-01T02:21:40,9124b27,2.13.0+cu130,gonzalo
27,0.2,40,n3,blocked,default,75,1e-07,,,,4,cuda,torch,400,8,,3.35568,0.0342208,4.2001,0.00139402,1.77687,0.0179267,3.44453,0.0012916,50,2.838,2.877,2026-08-01T02:21:40,9124b27,2.13.0+cu130,gonzalo
27,0.2,20,n3,blocked,default,75,1e-07,,,,4,cuda,torch,400,8,,8.20349,0.08321,4.2001,0.00139402,4.91391,0.0495735,3.44453,0.0012916,50,2.844,2.877,2026-08-01T02:21:40,9124b27,2.13.0+cu130,gonzalo
27,0.4,inf,n3,blocked,default,75,1e-07,,,,4,cuda,torch,400,8,,4.02197,0.0415871,8.42177,0.00280927,1.72559,0.0175287,6.90956,0.00246695,50,2.82,2.877,2026-08-01T02:21:40,9124b27,2.13.0+cu130,gonzalo
27,0.4,40,n3,blocked,default,75,1e-07,,,,4,cuda,torch,400,8,,5.43442,0.0561767,8.42177,0.00280927,2.67255,0.0270948,6.90956,0.00246695,50,2.808,2.877,2026-08-01T02:21:40,9124b27,2.13.0+cu130,gonzalo
27,0.4,20,n3,blocked,default,75,1e-07,,,,4,cuda,torch,400,8,,8.49465,0.0870638,8.42177,0.00280927,4.85509,0.0490386,6.90956,0.00246695,50,2.803,2.877,2026-08-01T02:21:40,9124b27,2.13.0+cu130,gonzalo
27,0.8,inf,n3,blocked,default,75,1e-07,,,,4,cuda,torch,400,8,,7.49512,0.0789131,16.9327,0.00654447,3.20909,0.0328829,13.903,0.00523319,50,2.83,2.877,2026-08-01T02:21:40,9124b27,2.13.0+cu130,gonzalo
27,0.8,40,n3,blocked,default,75,1e-07,,,,4,cuda,torch,400,8,,8.39092,0.0885527,16.9327,0.00654447,3.88843,0.0398385,13.903,0.00523319,50,2.84,2.877,2026-08-01T02:21:40,9124b27,2.13.0+cu130,gonzalo
27,0.8,20,n3,blocked,default,75,1e-07,,,,4,cuda,torch,400,8,,10.0639,0.106038,16.9327,0.00654447,5.32469,0.0542923,13.903,0.00523319,50,2.829,2.877,2026-08-01T02:21:40,9124b27,2.13.0+cu130,gonzalo
28,0.2,inf,n3,blocked,default,75,1e-07,,,,4,cuda,torch,400,8,,1.959,0.0199595,4.45045,0.0025675,0.843427,0.00851685,3.46673,0.0019458,50,2.855,2.877,2026-08-01T02:21:40,9124b27,2.13.0+cu130,gonzalo
28,0.2,40,n3,blocked,default,75,1e-07,,,,4,cuda,torch,400,8,,3.30473,0.0335354,4.45045,0.0025675,1.87181,0.0188675,3.46673,0.0019458,50,2.916,2.877,2026-08-01T02:21:40,9124b27,2.13.0+cu130,gonzalo
28,0.2,20,n3,blocked,default,75,1e-07,,,,4,cuda,torch,400,8,,8.64936,0.0870594,4.45045,0.0025675,5.49784,0.0555271,3.46673,0.0019458,50,2.928,2.877,2026-08-01T02:21:40,9124b27,2.13.0+cu130,gonzalo
28,0.4,inf,n3,blocked,default,75,1e-07,,,,4,cuda,torch,400,8,,3.75116,0.0383483,8.96917,0.00585954,1.79295,0.0181746,6.96572,0.00501558,50,2.849,2.877,2026-08-01T02:21:40,9124b27,2.13.0+cu130,gonzalo
28,0.4,40,n3,blocked,default,75,1e-07,,,,4,cuda,torch,400,8,,5.27304,0.0538698,8.96917,0.00585954,2.87595,0.029107,6.96572,0.00501558,50,2.856,2.877,2026-08-01T02:21:40,9124b27,2.13.0+cu130,gonzalo
28,0.4,20,n3,blocked,default,75,1e-07,,,,4,cuda,torch,400,8,,8.91626,0.090464,8.96917,0.00585954,5.4628,0.0551145,6.96572,0.00501558,50,2.855,2.877,2026-08-01T02:21:40,9124b27,2.13.0+cu130,gonzalo
28,0.8,inf,n3,blocked,default,75,1e-07,,,,4,cuda,torch,400,8,,8.06192,0.0843434,18.2099,0.0156079,4.01969,0.0410065,14.0586,0.0150193,50,2.856,2.877,2026-08-01T02:21:40,9124b27,2.13.0+cu130,gonzalo
28,0.8,40,n3,blocked,default,75,1e-07,,,,4,cuda,torch,400,8,,9.34769,0.0978008,18.2099,0.0156079,4.95579,0.050502,14.0586,0.0150193,50,2.863,2.877,2026-08-01T02:21:40,9124b27,2.13.0+cu130,gonzalo
28,0.8,20,n3,blocked,default,75,1e-07,,,,4,cuda,torch,400,8,,10.5488,0.109972,18.2099,0.0156079,6.0005,0.0609514,14.0586,0.0150193,50,2.857,2.877,2026-08-01T02:21:40,9124b27,2.13.0+cu130,gonzalo
29,0.2,inf,n3,blocked,default,75,1e-07,,,,4,cuda,torch,400,8,,1.76856,0.017824,5.02272,0.00213037,0.774502,0.00777393,4.23346,0.00181367,50,2.932,2.877,2026-08-01T02:21:40,9124b27,2.13.0+cu130,gonzalo
29,0.2,40,n3,blocked,default,75,1e-07,,,,4,cuda,torch,400,8,,3.3343,0.0341037,5.02272,0.00213037,1.85004,0.0187197,4.23346,0.00181367,48,2.836,2.877,2026-08-01T02:21:40,9124b27,2.13.0+cu130,gonzalo
29,0.2,20,n3,blocked,default,75,1e-07,,,,4,cuda,torch,400,8,,7.14006,0.0727285,5.02272,0.00213037,4.43694,0.0449229,4.23346,0.00181367,50,2.951,2.877,2026-08-01T02:21:40,9124b27,2.13.0+cu130,gonzalo
29,0.4,inf,n3,blocked,default,75,1e-07,,,,4,cuda,torch,400,8,,3.99384,0.0410475,10.0979,0.0055558,2.0073,0.0203903,8.48476,0.00526672,50,2.938,2.877,2026-08-01T02:21:40,9124b27,2.13.0+cu130,gonzalo
29,0.4,40,n3,blocked,default,75,1e-07,,,,4,cuda,torch,400,8,,5.39635,0.0557075,10.0979,0.0055558,3.07238,0.0312844,8.48476,0.00526672,50,2.937,2.877,2026-08-01T02:21:40,9124b27,2.13.0+cu130,gonzalo
29,0.4,20,n3,blocked,default,75,1e-07,,,,4,cuda,torch,400,8,,7.74361,0.0794283,10.0979,0.0055558,4.73642,0.0480985,8.48476,0.00526672,50,2.937,2.877,2026-08-01T02:21:40,9124b27,2.13.0+cu130,gonzalo
29,0.8,inf,n3,blocked,default,75,1e-07,,,,4,cuda,torch,400,8,,7.10731,0.0736381,20.387,0.0163171,3.77884,0.0387333,17.0358,0.0161435,50,2.949,2.877,2026-08-01T02:21:40,9124b27,2.13.0+cu130,gonzalo
29,0.8,40,n3,blocked,default,75,1e-07,,,,4,cuda,torch,400,8,,7.77405,0.0808537,20.387,0.0163171,4.26762,0.0437939,17.0358,0.0161435,50,2.956,2.877,2026-08-01T02:21:40,9124b27,2.13.0+cu130,gonzalo
29,0.8,20,n3,blocked,default,75,1e-07,,,,4,cuda,torch,400,8,,8.84841,0.0924071,20.387,0.0163171,5.1856,0.0531124,17.0358,0.0161435,50,2.889,2.877,2026-08-01T02:21:40,9124b27,2.13.0+cu130,gonzalo
30,0.2,inf,n3,blocked,default,75,1e-07,,,,4,cuda,torch,400,8,,2.20452,0.0223182,4.59402,0.00238317,0.969298,0.00976809,3.53346,0.00159495,50,2.857,2.877,2026-08-01T02:21:40,9124b27,2.13.0+cu130,gonzalo
30,0.2,40,n3,blocked,default,75,1e-07,,,,4,cuda,torch,400,8,,3.50185,0.0354742,4.59402,0.00238317,2.06078,0.0208162,3.53346,0.00159495,50,2.885,2.877,2026-08-01T02:21:40,9124b27,2.13.0+cu130,gonzalo
30,0.2,20,n3,blocked,default,75,1e-07,,,,4,cuda,torch,400,8,,8.66262,0.0870272,4.59402,0.00238317,5.53884,0.05588,3.53346,0.00159495,50,2.86,2.877,2026-08-01T02:21:40,9124b27,2.13.0+cu130,gonzalo
30,0.4,inf,n3,blocked,default,75,1e-07,,,,4,cuda,torch,400,8,,4.43,0.0450734,9.22654,0.00499569,2.21198,0.0223953,7.08863,0.00351989,50,2.938,2.877,2026-08-01T02:21:40,9124b27,2.13.0+cu130,gonzalo
30,0.4,40,n3,blocked,default,75,1e-07,,,,4,cuda,torch,400,8,,5.99491,0.0611137,9.22654,0.00499569,3.40535,0.0345446,7.08863,0.00351989,50,2.937,2.877,2026-08-01T02:21:40,9124b27,2.13.0+cu130,gonzalo
30,0.4,20,n3,blocked,default,75,1e-07,,,,4,cuda,torch,400,8,,9.08017,0.0920463,9.22654,0.00499569,5.51496,0.0557685,7.08863,0.00351989,50,2.937,2.877,2026-08-01T02:21:40,9124b27,2.13.0+cu130,gonzalo
30,0.8,inf,n3,blocked,default,75,1e-07,,,,4,cuda,torch,400,8,,8.8529,0.0918485,18.5984,0.0117064,4.50601,0.0459642,14.2638,0.00901962,50,2.963,2.877,2026-08-01T02:21:40,9124b27,2.13.0+cu130,gonzalo
30,0.8,40,n3,blocked,default,75,1e-07,,,,4,cuda,torch,400,8,,9.6867,0.100598,18.5984,0.0117064,5.14085,0.0524469,14.2638,0.00901962,50,2.956,2.877,2026-08-01T02:21:40,9124b27,2.13.0+cu130,gonzalo
30,0.8,20,n3,blocked,default,75,1e-07,,,,4,cuda,torch,400,8,,10.5931,0.109809,18.5984,0.0117064,6.07439,0.0617664,14.2638,0.00901962,50,2.955,2.877,2026-08-01T02:21:40,9124b27,2.13.0+cu130,gonzalo
31,0.2,inf,n3,blocked,default,75,1e-07,,,,4,cuda,torch,400,8,,1.76814,0.0174913,4.31386,0.00215592,0.79625,0.00794698,3.77272,0.00204547,50,2.872,2.877,2026-08-01T02:21:40,9124b27,2.13.0+cu130,gonzalo
31,0.2,40,n3,blocked,default,75,1e-07,,,,4,cuda,torch,400,8,,3.11968,0.0316391,4.31386,0.00215592,2.06969,0.0209674,3.77272,0.00204547,49,2.814,2.877,2026-08-01T02:21:40,9124b27,2.13.0+cu130,gonzalo
31,0.2,20,n3,blocked,default,75,1e-07,,,,4,cuda,torch,400,8,,7.48418,0.0754497,4.31386,0.00215592,4.8876,0.0494886,3.77272,0.00204547,50,2.872,2.877,2026-08-01T02:21:40,9124b27,2.13.0+cu130,gonzalo
31,0.4,inf,n3,blocked,default,75,1e-07,,,,4,cuda,torch,400,8,,3.44887,0.034763,8.62918,0.00434515,1.89989,0.0192476,7.54182,0.00409376,50,2.853,2.877,2026-08-01T02:21:40,9124b27,2.13.0+cu130,gonzalo
31,0.4,40,n3,blocked,default,75,1e-07,,,,4,cuda,torch,400,8,,4.72156,0.0481781,8.62918,0.00434515,3.13721,0.0320539,7.54182,0.00409376,49,2.793,2.877,2026-08-01T02:21:40,9124b27,2.13.0+cu130,gonzalo
31,0.4,20,n3,blocked,default,75,1e-07,,,,4,cuda,torch,400,8,,7.70836,0.0778369,8.62918,0.00434515,5.07187,0.0515016,7.54182,0.00409376,50,2.855,2.877,2026-08-01T02:21:40,9124b27,2.13.0+cu130,gonzalo
31,0.8,inf,n3,blocked,default,75,1e-07,,,,4,cuda,torch,400,8,,6.48836,0.0654481,17.266,0.00897464,3.62931,0.0371841,15.0664,0.00821814,50,2.864,2.877,2026-08-01T02:21:40,9124b27,2.13.0+cu130,gonzalo
31,0.8,40,n3,blocked,default,75,1e-07,,,,4,cuda,torch,400,8,,7.2383,0.073812,17.266,0.00897464,4.21119,0.043319,15.0664,0.00821814,50,2.866,2.877,2026-08-01T02:21:40,9124b27,2.13.0+cu130,gonzalo
31,0.8,20,n3,blocked,default,75,1e-07,,,,4,cuda,torch,400,8,,8.59913,0.0881841,17.266,0.00897464,5.36112,0.0549585,15.0664,0.00821814,50,2.859,2.877,2026-08-01T02:21:40,9124b27,2.13.0+cu130,gonzalo
32,0.2,inf,n3,blocked,default,75,1e-07,,,,4,cuda,torch,400,8,,1.42696,0.0141249,3.85757,0.00769746,0.815375,0.0080781,2.91914,0.00804553,50,2.843,2.877,2026-08-01T02:21:40,9124b27,2.13.0+cu130,gonzalo
32,0.2,40,n3,blocked,default,75,1e-07,,,,4,cuda,torch,400,8,,1.74111,0.0176283,3.85757,0.00769746,0.83236,0.00836605,2.91914,0.00804553,50,2.847,2.877,2026-08-01T02:21:40,9124b27,2.13.0+cu130,gonzalo
32,0.2,20,n3,blocked,default,75,1e-07,,,,4,cuda,torch,400,8,,5.78954,0.0586412,3.85757,0.00769746,3.59042,0.0361222,2.91914,0.00804553,50,2.846,2.877,2026-08-01T02:21:40,9124b27,2.13.0+cu130,gonzalo
32,0.4,inf,n3,blocked,default,75,1e-07,,,,4,cuda,torch,400,8,,2.95325,0.028818,7.63011,0.0182317,1.65455,0.0162132,5.78325,0.0194967,50,2.849,2.877,2026-08-01T02:21:40,9124b27,2.13.0+cu130,gonzalo
32,0.4,40,n3,blocked,default,75,1e-07,,,,4,cuda,torch,400,8,,2.66167,0.0266533,7.63011,0.0182317,1.2533,0.0124801,5.78325,0.0194967,50,2.862,2.877,2026-08-01T02:21:40,9124b27,2.13.0+cu130,gonzalo
32,0.4,20,n3,blocked,default,75,1e-07,,,,4,cuda,torch,400,8,,5.36594,0.0549209,7.63011,0.0182317,3.08082,0.0309998,5.78325,0.0194967,50,2.855,2.877,2026-08-01T02:21:40,9124b27,2.13.0+cu130,gonzalo
32,0.8,inf,n3,blocked,default,75,1e-07,,,,4,cuda,torch,400,8,,6.72473,0.0636862,14.9354,0.0484334,4.38683,0.041764,11.3544,0.0525508,50,2.85,2.877,2026-08-01T02:21:40,9124b27,2.13.0+cu130,gonzalo
32,0.8,40,n3,blocked,default,75,1e-07,,,,4,cuda,torch,400,8,,6.27305,0.0597777,14.9354,0.0484334,3.49794,0.0336368,11.3544,0.0525508,50,2.848,2.877,2026-08-01T02:21:40,9124b27,2.13.0+cu130,gonzalo
32,0.8,20,n3,blocked,default,75,1e-07,,,,4,cuda,torch,400,8,,6.26507,0.0631303,14.9354,0.0484334,2.91839,0.0293459,11.3544,0.0525508,50,2.856,2.877,2026-08-01T02:21:40,9124b27,2.13.0+cu130,gonzalo
33,0.2,inf,n3,blocked,default,75,1e-07,,,,4,cuda,torch,400,8,,1.77819,0.0180391,4.18554,0.00396929,0.761466,0.00764069,3.59227,0.00306178,50,2.854,2.877,2026-08-01T02:21:40,9124b27,2.13.0+cu130,gonzalo
33,0.2,40,n3,blocked,default,75,1e-07,,,,4,cuda,torch,400,8,,2.81438,0.0287607,4.18554,0.00396929,1.38974,0.0139997,3.59227,0.00306178,50,2.85,2.877,2026-08-01T02:21:40,9124b27,2.13.0+cu130,gonzalo
33,0.2,20,n3,blocked,default,75,1e-07,,,,4,cuda,torch,400,8,,7.21757,0.0734161,4.18554,0.00396929,4.37795,0.0441301,3.59227,0.00306178,50,2.853,2.877,2026-08-01T02:21:40,9124b27,2.13.0+cu130,gonzalo
33,0.4,inf,n3,blocked,default,75,1e-07,,,,4,cuda,torch,400,8,,3.67228,0.037686,8.27676,0.00862777,1.55443,0.0156712,7.12415,0.00698787,50,2.851,2.877,2026-08-01T02:21:40,9124b27,2.13.0+cu130,gonzalo
33,0.4,40,n3,blocked,default,75,1e-07,,,,4,cuda,torch,400,8,,4.50004,0.0465975,8.27676,0.00862777,2.05257,0.0208169,7.12415,0.00698787,50,2.854,2.877,2026-08-01T02:21:40,9124b27,2.13.0+cu130,gonzalo
33,0.4,20,n3,blocked,default,75,1e-07,,,,4,cuda,torch,400,8,,7.85584,0.0811348,8.27676,0.00862777,4.44369,0.044931,7.12415,0.00698787,50,2.846,2.877,2026-08-01T02:21:40,9124b27,2.13.0+cu130,gonzalo
33,0.8,inf,n3,blocked,default,75,1e-07,,,,4,cuda,torch,400,8,,7.68398,0.0804872,16.1857,0.0222432,3.34592,0.0341556,14.0094,0.019923,50,2.852,2.877,2026-08-01T02:21:40,9124b27,2.13.0+cu130,gonzalo
33,0.8,40,n3,blocked,default,75,1e-07,,,,4,cuda,torch,400,8,,8.69224,0.0916751,16.1857,0.0222432,4.03487,0.0413407,14.0094,0.019923,50,2.857,2.877,2026-08-01T02:21:40,9124b27,2.13.0+cu130,gonzalo
33,0.8,20,n3,blocked,default,75,1e-07,,,,4,cuda,torch,400,8,,10.4813,0.110798,16.1857,0.0222432,5.46476,0.0558445,14.0094,0.019923,50,2.855,2.877,2026-08-01T02:21:40,9124b27,2.13.0+cu130,gonzalo
34,0.2,inf,n3,blocked,default,75,1e-07,,,,4,cuda,torch,400,8,,1.78458,0.0180721,4.26157,0.00363443,0.820707,0.00821666,3.65604,0.00258226,50,2.856,2.877,2026-08-01T02:21:40,9124b27,2.13.0+cu130,gonzalo
34,0.2,40,n3,blocked,default,75,1e-07,,,,4,cuda,torch,400,8,,2.606,0.0267005,4.26157,0.00363443,1.19453,0.012051,3.65604,0.00258226,50,2.855,2.877,2026-08-01T02:21:40,9124b27,2.13.0+cu130,gonzalo
34,0.2,20,n3,blocked,default,75,1e-07,,,,4,cuda,torch,400,8,,6.93099,0.0704032,4.26157,0.00363443,4.16616,0.0419728,3.65604,0.00258226,50,2.874,2.877,2026-08-01T02:21:40,9124b27,2.13.0+cu130,gonzalo
34,0.4,inf,n3,blocked,default,75,1e-07,,,,4,cuda,torch,400,8,,3.37007,0.0341632,8.45832,0.00805037,1.57449,0.01572,7.26207,0.00606404,50,2.952,2.877,2026-08-01T02:21:40,9124b27,2.13.0+cu130,gonzalo
34,0.4,40,n3,blocked,default,75,1e-07,,,,4,cuda,torch,400,8,,3.97557,0.0410663,8.45832,0.00805037,1.78126,0.0180671,7.26207,0.00606404,50,2.96,2.877,2026-08-01T02:21:40,9124b27,2.13.0+cu130,gonzalo
34,0.4,20,n3,blocked,default,75,1e-07,,,,4,cuda,torch,400,8,,7.08583,0.0729239,8.45832,0.00805037,3.96376,0.0399905,7.26207,0.00606404,50,2.957,2.877,2026-08-01T02:21:40,9124b27,2.13.0+cu130,gonzalo
34,0.8,inf,n3,blocked,default,75,1e-07,,,,4,cuda,torch,400,8,,6.9751,0.0708041,16.66,0.0210272,3.48783,0.0346895,14.324,0.0173276,50,2.943,2.877,2026-08-01T02:21:40,9124b27,2.13.0+cu130,gonzalo
34,0.8,40,n3,blocked,default,75,1e-07,,,,4,cuda,torch,400,8,,7.17105,0.0736452,16.66,0.0210272,3.44502,0.0346439,14.324,0.0173276,50,2.954,2.877,2026-08-01T02:21:40,9124b27,2.13.0+cu130,gonzalo
34,0.8,20,n3,blocked,default,75,1e-07,,,,4,cuda,torch,400,8,,8.86001,0.0930284,16.66,0.0210272,4.45085,0.0454038,14.324,0.0173276,50,2.951,2.877,2026-08-01T02:21:40,9124b27,2.13.0+cu130,gonzalo
35,0.2,inf,n3,blocked,default,75,1e-07,,,,4,cuda,torch,400,8,,1.55874,0.0155818,4.35394,0.00869767,0.645117,0.0064493,3.77532,0.00903084,50,2.956,2.877,2026-08-01T02:21:40,9124b27,2.13.0+cu130,gonzalo
35,0.2,40,n3,blocked,default,75,1e-07,,,,4,cuda,torch,400,8,,2.13586,0.0217129,4.35394,0.00869767,1.08792,0.0109571,3.77532,0.00903084,50,2.953,2.877,2026-08-01T02:21:40,9124b27,2.13.0+cu130,gonzalo
35,0.2,20,n3,blocked,default,75,1e-07,,,,4,cuda,torch,400,8,,6.75305,0.0683714,4.35394,0.00869767,4.27219,0.0430821,3.77532,0.00903084,50,2.929,2.877,2026-08-01T02:21:40,9124b27,2.13.0+cu130,gonzalo
35,0.4,inf,n3,blocked,default,75,1e-07,,,,4,cuda,torch,400,8,,2.99926,0.0304897,8.73989,0.0202876,1.25581,0.0126632,7.57785,0.0210221,50,2.954,2.877,2026-08-01T02:21:40,9124b27,2.13.0+cu130,gonzalo
35,0.4,40,n3,blocked,default,75,1e-07,,,,4,cuda,torch,400,8,,3.91978,0.0402818,8.73989,0.0202876,1.86903,0.0189315,7.57785,0.0210221,50,2.954,2.877,2026-08-01T02:21:40,9124b27,2.13.0+cu130,gonzalo
35,0.4,20,n3,blocked,default,75,1e-07,,,,4,cuda,torch,400,8,,7.74862,0.079486,8.73989,0.0202876,4.69025,0.0474122,7.57785,0.0210221,50,2.956,2.877,2026-08-01T02:21:40,9124b27,2.13.0+cu130,gonzalo
35,0.8,inf,n3,blocked,default,75,1e-07,,,,4,cuda,torch,400,8,,7.54862,0.0793125,17.6069,0.0548449,3.47094,0.0355805,15.263,0.0562895,50,2.953,2.877,2026-08-01T02:21:40,9124b27,2.13.0+cu130,gonzalo
35,0.8,40,n3,blocked,default,75,1e-07,,,,4,cuda,torch,400,8,,8.4309,0.0888406,17.6069,0.0548449,4.13145,0.042344,15.263,0.0562895,50,2.954,2.877,2026-08-01T02:21:40,9124b27,2.13.0+cu130,gonzalo
35,0.8,20,n3,blocked,default,75,1e-07,,,,4,cuda,torch,400,8,,9.91747,0.104358,17.6069,0.0548449,5.51258,0.0562438,15.263,0.0562895,50,2.952,2.877,2026-08-01T02:21:40,9124b27,2.13.0+cu130,gonzalo
36,0.2,inf,n3,blocked,default,75,1e-07,,,,4,cuda,torch,400,8,,1.7523,0.0174958,4.79511,0.0036944,0.863538,0.00866294,4.08666,0.00296145,50,2.867,2.877,2026-08-01T02:21:40,9124b27,2.13.0+cu130,gonzalo
36,0.2,40,n3,blocked,default,75,1e-07,,,,4,cuda,torch,400,8,,3.07116,0.031189,4.79511,0.0036944,1.93975,0.0196714,4.08666,0.00296145,49,2.808,2.877,2026-08-01T02:21:40,9124b27,2.13.0+cu130,gonzalo
36,0.2,20,n3,blocked,default,75,1e-07,,,,4,cuda,torch,400,8,,7.41981,0.0751083,4.79511,0.0036944,4.76767,0.0483,4.08666,0.00296145,50,2.951,2.877,2026-08-01T02:21:40,9124b27,2.13.0+cu130,gonzalo
36,0.4,inf,n3,blocked,default,75,1e-07,,,,4,cuda,torch,400,8,,4.17861,0.0425917,9.54161,0.00799077,2.38582,0.024281,8.12703,0.00666619,50,2.936,2.877,2026-08-01T02:21:40,9124b27,2.13.0+cu130,gonzalo
36,0.4,40,n3,blocked,default,75,1e-07,,,,4,cuda,torch,400,8,,5.55919,0.0570248,9.54161,0.00799077,3.43373,0.0350803,8.12703,0.00666619,49,2.894,2.877,2026-08-01T02:21:40,9124b27,2.13.0+cu130,gonzalo
36,0.4,20,n3,blocked,default,75,1e-07,,,,4,cuda,torch,400,8,,7.74091,0.0789451,9.54161,0.00799077,4.91321,0.0499527,8.12703,0.00666619,50,2.938,2.877,2026-08-01T02:21:40,9124b27,2.13.0+cu130,gonzalo
36,0.8,inf,n3,blocked,default,75,1e-07,,,,4,cuda,torch,400,8,,7.20735,0.0728603,18.878,0.0254174,3.86068,0.0394318,16.0661,0.0243799,50,2.879,2.877,2026-08-01T02:21:40,9124b27,2.13.0+cu130,gonzalo
36,0.8,40,n3,blocked,default,75,1e-07,,,,4,cuda,torch,400,8,,7.78485,0.0791362,18.878,0.0254174,4.31432,0.0441547,16.0661,0.0243799,50,2.882,2.877,2026-08-01T02:21:40,9124b27,2.13.0+cu130,gonzalo
36,0.8,20,n3,blocked,default,75,1e-07,,,,4,cuda,torch,400,8,,8.78941,0.0901788,18.878,0.0254174,5.19926,0.0532002,16.0661,0.0243799,50,2.865,2.877,2026-08-01T02:21:40,9124b27,2.13.0+cu130,gonzalo
37,0.2,inf,n3,blocked,default,75,1e-07,,,,4,cuda,torch,400,8,,1.7919,0.0181063,4.56338,0.00350426,0.879204,0.00886711,3.91621,0.00210109,50,2.871,2.877,2026-08-01T02:21:40,9124b27,2.13.0+cu130,gonzalo
37,0.2,40,n3,blocked,default,75,1e-07,,,,4,cuda,torch,400,8,,3.45125,0.0350801,4.56338,0.00350426,2.12157,0.0214732,3.91621,0.00210109,50,2.873,2.877,2026-08-01T02:21:40,9124b27,2.13.0+cu130,gonzalo
37,0.2,20,n3,blocked,default,75,1e-07,,,,4,cuda,torch,400,8,,7.63193,0.0769762,4.56338,0.00350426,4.7969,0.0484711,3.91621,0.00210109,50,2.877,2.877,2026-08-01T02:21:40,9124b27,2.13.0+cu130,gonzalo
37,0.4,inf,n3,blocked,default,75,1e-07,,,,4,cuda,torch,400,8,,4.61234,0.0472363,9.08809,0.00746009,2.33991,0.0237794,7.81297,0.00509427,50,2.955,2.877,2026-08-01T02:21:40,9124b27,2.13.0+cu130,gonzalo
37,0.4,40,n3,blocked,default,75,1e-07,,,,4,cuda,torch,400,8,,5.6048,0.0574165,9.08809,0.00746009,3.17832,0.032323,7.81297,0.00509427,50,2.958,2.877,2026-08-01T02:21:40,9124b27,2.13.0+cu130,gonzalo
37,0.4,20,n3,blocked,default,75,1e-07,,,,4,cuda,torch,400,8,,8.38538,0.0850503,9.08809,0.00746009,5.1575,0.0522153,7.81297,0.00509427,50,2.959,2.877,2026-08-01T02:21:40,9124b27,2.13.0+cu130,gonzalo
37,0.8,inf,n3,blocked,default,75,1e-07,,,,4,cuda,torch,400,8,,7.83176,0.0797065,18.0083,0.0188599,3.67337,0.0373916,15.5413,0.0161456,50,2.955,2.877,2026-08-01T02:21:40,9124b27,2.13.0+cu130,gonzalo
37,0.8,40,n3,blocked,default,75,1e-07,,,,4,cuda,torch,400,8,,8.58909,0.0880302,18.0083,0.0188599,4.27899,0.0436985,15.5413,0.0161456,50,2.949,2.877,2026-08-01T02:21:40,9124b27,2.13.0+cu130,gonzalo
37,0.8,20,n3,blocked,default,75,1e-07,,,,4,cuda,torch,400,8,,9.81264,0.101408,18.0083,0.0188599,5.4922,0.0561345,15.5413,0.0161456,50,2.872,2.877,2026-08-01T02:21:40,9124b27,2.13.0+cu130,gonzalo
38,0.2,inf,n3,blocked,default,75,1e-07,,,,4,cuda,torch,400,8,,1.92055,0.0196343,3.656,0.00387088,0.813155,0.0081832,3.02932,0.00307665,50,2.858,2.877,2026-08-01T02:21:40,9124b27,2.13.0+cu130,gonzalo
38,0.2,40,n3,blocked,default,75,1e-07,,,,4,cuda,torch,400,8,,3.04571,0.0311331,3.656,0.00387088,1.56112,0.0157324,3.02932,0.00307665,50,2.857,2.877,2026-08-01T02:21:40,9124b27,2.13.0+cu130,gonzalo
38,0.2,20,n3,blocked,default,75,1e-07,,,,4,cuda,torch,400,8,,7.65088,0.0776831,3.656,0.00387088,4.68693,0.0473094,3.02932,0.00307665,50,2.859,2.877,2026-08-01T02:21:40,9124b27,2.13.0+cu130,gonzalo
38,0.4,inf,n3,blocked,default,75,1e-07,,,,4,cuda,torch,400,8,,3.37029,0.0347858,7.36944,0.00747703,1.47217,0.0148493,6.0864,0.0051858,50,2.867,2.877,2026-08-01T02:21:40,9124b27,2.13.0+cu130,gonzalo
38,0.4,40,n3,blocked,default,75,1e-07,,,,4,cuda,torch,400,8,,4.48392,0.0463843,7.36944,0.00747703,2.19421,0.0222058,6.0864,0.0051858,50,2.87,2.877,2026-08-01T02:21:40,9124b27,2.13.0+cu130,gonzalo
38,0.4,20,n3,blocked,default,75,1e-07,,,,4,cuda,torch,400,8,,8.84167,0.0905424,7.36944,0.00747703,5.27231,0.0532329,6.0864,0.0051858,50,2.868,2.877,2026-08-01T02:21:40,9124b27,2.13.0+cu130,gonzalo
38,0.8,inf,n3,blocked,default,75,1e-07,,,,4,cuda,torch,400,8,,6.70078,0.0706748,14.9954,0.0226606,3.04372,0.0310472,12.2935,0.0203505,50,2.961,2.877,2026-08-01T02:21:40,9124b27,2.13.0+cu130,gonzalo
38,0.8,40,n3,blocked,default,75,1e-07,,,,4,cuda,torch,400,8,,8.27088,0.0872823,14.9954,0.0226606,4.17836,0.0426179,12.2935,0.0203505,50,2.957,2.877,2026-08-01T02:21:40,9124b27,2.13.0+cu130,gonzalo
38,0.8,20,n3,blocked,default,75,1e-07,,,,4,cuda,torch,400,8,,10.7198,0.112216,14.9954,0.0226606,6.11084,0.0619547,12.2935,0.0203505,50,2.958,2.877,2026-08-01T02:21:40,9124b27,2.13.0+cu130,gonzalo
39,0.2,inf,n3,blocked,default,75,1e-07,,,,4,cuda,torch,400,8,,2.26312,0.0228643,4.41665,0.00430162,1.02721,0.0103546,3.70136,0.00328311,50,2.868,2.877,2026-08-01T02:21:40,9124b27,2.13.0+cu130,gonzalo
39,0.2,40,n3,blocked,default,75,1e-07,,,,4,cuda,torch,400,8,,3.09681,0.0314312,4.41665,0.00430162,2.04256,0.0207137,3.70136,0.00328311,50,2.87,2.877,2026-08-01T02:21:40,9124b27,2.13.0+cu130,gonzalo
39,0.2,20,n3,blocked,default,75,1e-07,,,,4,cuda,torch,400,8,,7.57674,0.076093,4.41665,0.00430162,4.93465,0.0499228,3.70136,0.00328311,50,2.871,2.877,2026-08-01T02:21:40,9124b27,2.13.0+cu130,gonzalo
39,0.4,inf,n3,blocked,default,75,1e-07,,,,4,cuda,torch,400,8,,3.86051,0.0388766,8.78367,0.00929594,2.057,0.0208627,7.37835,0.00779028,50,2.952,2.877,2026-08-01T02:21:40,9124b27,2.13.0+cu130,gonzalo
39,0.4,40,n3,blocked,default,75,1e-07,,,,4,cuda,torch,400,8,,4.7035,0.0476493,8.78367,0.00929594,2.9951,0.0305507,7.37835,0.00779028,50,2.954,2.877,2026-08-01T02:21:40,9124b27,2.13.0+cu130,gonzalo
39,0.4,20,n3,blocked,default,75,1e-07,,,,4,cuda,torch,400,8,,7.62826,0.07683,8.78367,0.00929594,5.00289,0.0507899,7.37835,0.00779028,50,2.949,2.877,2026-08-01T02:21:40,9124b27,2.13.0+cu130,gonzalo
39,0.8,inf,n3,blocked,default,75,1e-07,,,,4,cuda,torch,400,8,,7.34703,0.0732753,17.3703,0.0221732,3.88308,0.0396191,14.6581,0.0207595,50,2.876,2.877,2026-08-01T02:21:40,9124b27,2.13.0+cu130,gonzalo
39,0.8,40,n3,blocked,default,75,1e-07,,,,4,cuda,torch,400,8,,8.05517,0.0813603,17.3703,0.0221732,4.45644,0.0456531,14.6581,0.0207595,50,2.877,2.877,2026-08-01T02:21:40,9124b27,2.13.0+cu130,gonzalo
39,0.8,20,n3,blocked,default,75,1e-07,,,,4,cuda,torch,400,8,,9.21664,0.0937386,17.3703,0.0221732,5.50823,0.0563251,14.6581,0.0207595,50,2.874,2.877,2026-08-01T02:21:40,9124b27,2.13.0+cu130,gonzalo
40,0.2,inf,n3,blocked,default,75,1e-07,,,,4,cuda,torch,400,8,,1.88986,0.0191681,4.3436,0.00209822,0.808463,0.00811776,3.81288,0.00165616,50,2.959,2.877,2026-08-01T02:21:40,9124b27,2.13.0+cu130,gonzalo
40,0.2,40,n3,blocked,default,75,1e-07,,,,4,cuda,torch,400,8,,3.03808,0.0310829,4.3436,0.00209822,1.42764,0.0143985,3.81288,0.00165616,50,2.933,2.877,2026-08-01T02:21:40,9124b27,2.13.0+cu130,gonzalo
40,0.2,20,n3,blocked,default,75,1e-07,,,,4,cuda,torch,400,8,,7.40982,0.0753647,4.3436,0.00209822,4.42278,0.0445722,3.81288,0.00165616,50,2.936,2.877,2026-08-01T02:21:40,9124b27,2.13.0+cu130,gonzalo
40,0.4,inf,n3,blocked,default,75,1e-07,,,,4,cuda,torch,400,8,,4.07877,0.0420482,8.67211,0.0047098,1.7173,0.017367,7.62176,0.00389977,50,2.937,2.877,2026-08-01T02:21:40,9124b27,2.13.0+cu130,gonzalo
40,0.4,40,n3,blocked,default,75,1e-07,,,,4,cuda,torch,400,8,,4.94864,0.0515033,8.67211,0.0047098,2.17779,0.0221439,7.62176,0.00389977,50,2.953,2.877,2026-08-01T02:21:40,9124b27,2.13.0+cu130,gonzalo
40,0.4,20,n3,blocked,default,75,1e-07,,,,4,cuda,torch,400,8,,8.54961,0.0883165,8.67211,0.0047098,4.80687,0.048553,7.62176,0.00389977,50,2.954,2.877,2026-08-01T02:21:40,9124b27,2.13.0+cu130,gonzalo
40,0.8,inf,n3,blocked,default,75,1e-07,,,,4,cuda,torch,400,8,,8.32031,0.0879655,17.2847,0.0123412,3.62087,0.037153,15.2236,0.0110395,50,2.956,2.877,2026-08-01T02:21:40,9124b27,2.13.0+cu130,gonzalo
40,0.8,40,n3,blocked,default,75,1e-07,,,,4,cuda,torch,400,8,,9.15655,0.0973143,17.2847,0.0123412,4.21517,0.0433469,15.2236,0.0110395,50,2.955,2.877,2026-08-01T02:21:40,9124b27,2.13.0+cu130,gonzalo
40,0.8,20,n3,blocked,default,75,1e-07,,,,4,cuda,torch,400,8,,10.6653,0.112872,17.2847,0.0123412,5.51685,0.0563238,15.2236,0.0110395,50,2.949,2.877,2026-08-01T02:21:40,9124b27,2.13.0+cu130,gonzalo
41,0.2,inf,n3,blocked,default,75,1e-07,,,,4,cuda,torch,400,8,,1.56135,0.0158808,4.45575,0.00261584,0.652142,0.00656012,3.84915,0.00222962,50,2.959,2.877,2026-08-01T02:21:40,9124b27,2.13.0+cu130,gonzalo
41,0.2,40,n3,blocked,default,75,1e-07,,,,4,cuda,torch,400,8,,2.94459,0.0300317,4.45575,0.00261584,1.63036,0.0164488,3.84915,0.00222962,50,2.958,2.877,2026-08-01T02:21:40,9124b27,2.13.0+cu130,gonzalo
41,0.2,20,n3,blocked,default,75,1e-07,,,,4,cuda,torch,400,8,,7.1679,0.0727752,4.45575,0.00261584,4.50581,0.0455174,3.84915,0.00222962,50,2.955,2.877,2026-08-01T02:21:40,9124b27,2.13.0+cu130,gonzalo
41,0.4,inf,n3,blocked,default,75,1e-07,,,,4,cuda,torch,400,8,,3.70597,0.0381919,8.94923,0.00508371,1.68249,0.0170412,7.71337,0.00428663,50,2.958,2.877,2026-08-01T02:21:40,9124b27,2.13.0+cu130,gonzalo
41,0.4,40,n3,blocked,default,75,1e-07,,,,4,cuda,torch,400,8,,5.21105,0.0536415,8.94923,0.00508371,2.84693,0.0288924,7.71337,0.00428663,50,2.961,2.877,2026-08-01T02:21:40,9124b27,2.13.0+cu130,gonzalo
41,0.4,20,n3,blocked,default,75,1e-07,,,,4,cuda,torch,400,8,,7.79903,0.0797848,8.94923,0.00508371,4.75294,0.0481293,7.71337,0.00428663,50,2.867,2.877,2026-08-01T02:21:40,9124b27,2.13.0+cu130,gonzalo
41,0.8,inf,n3,blocked,default,75,1e-07,,,,4,cuda,torch,400,8,,7.01079,0.073087,18.0516,0.0109207,3.45597,0.0352823,15.488,0.00936781,50,2.961,2.877,2026-08-01T02:21:40,9124b27,2.13.0+cu130,gonzalo
41,0.8,40,n3,blocked,default,75,1e-07,,,,4,cuda,torch,400,8,,7.80349,0.0814958,18.0516,0.0109207,4.10913,0.0419959,15.488,0.00936781,50,2.962,2.877,2026-08-01T02:21:40,9124b27,2.13.0+cu130,gonzalo
41,0.8,20,n3,blocked,default,75,1e-07,,,,4,cuda,torch,400,8,,9.11304,0.0951275,18.0516,0.0109207,5.22476,0.0532947,15.488,0.00936781,50,2.959,2.877,2026-08-01T02:21:40,9124b27,2.13.0+cu130,gonzalo
42,0.2,inf,n3,blocked,default,75,1e-07,,,,4,cuda,torch,400,8,,1.99536,0.0202608,4.4968,0.00391422,0.813461,0.0081937,3.9526,0.00322913,50,2.96,2.877,2026-08-01T02:21:40,9124b27,2.13.0+cu130,gonzalo
42,0.2,40,n3,blocked,default,75,1e-07,,,,4,cuda,torch,400,8,,3.32981,0.0339345,4.4968,0.00391422,1.79527,0.0181113,3.9526,0.00322913,50,2.955,2.877,2026-08-01T02:21:40,9124b27,2.13.0+cu130,gonzalo
42,0.2,20,n3,blocked,default,75,1e-07,,,,4,cuda,torch,400,8,,7.88422,0.0797289,4.4968,0.00391422,4.90491,0.0494741,3.9526,0.00322913,50,2.954,2.877,2026-08-01T02:21:40,9124b27,2.13.0+cu130,gonzalo
42,0.4,inf,n3,blocked,default,75,1e-07,,,,4,cuda,torch,400,8,,5.07227,0.0524169,9.02058,0.00801147,2.37142,0.0240989,7.9398,0.00625831,50,2.958,2.877,2026-08-01T02:21:40,9124b27,2.13.0+cu130,gonzalo
42,0.4,40,n3,blocked,default,75,1e-07,,,,4,cuda,torch,400,8,,6.31611,0.0652249,9.02058,0.00801147,3.34476,0.0339428,7.9398,0.00625831,50,2.96,2.877,2026-08-01T02:21:40,9124b27,2.13.0+cu130,gonzalo
42,0.4,20,n3,blocked,default,75,1e-07,,,,4,cuda,torch,400,8,,8.85395,0.0907713,9.02058,0.00801147,5.27323,0.0533133,7.9398,0.00625831,50,2.959,2.877,2026-08-01T02:21:40,9124b27,2.13.0+cu130,gonzalo
42,0.8,inf,n3,blocked,default,75,1e-07,,,,4,cuda,torch,400,8,,9.26348,0.0976776,18.1535,0.0182566,4.60488,0.0471915,16.0246,0.0136784,50,2.868,2.877,2026-08-01T02:21:40,9124b27,2.13.0+cu130,gonzalo
42,0.8,40,n3,blocked,default,75,1e-07,,,,4,cuda,torch,400,8,,10.0482,0.105967,18.1535,0.0182566,5.21956,0.0534681,16.0246,0.0136784,50,2.865,2.877,2026-08-01T02:21:40,9124b27,2.13.0+cu130,gonzalo
42,0.8,20,n3,blocked,default,75,1e-07,,,,4,cuda,torch,400,8,,10.6662,0.112178,18.1535,0.0182566,5.96514,0.0609533,16.0246,0.0136784,50,2.865,2.877,2026-08-01T02:21:40,9124b27,2.13.0+cu130,gonzalo
43,0.2,inf,n3,blocked,default,75,1e-07,,,,4,cuda,torch,400,8,,1.81701,0.0184564,3.785,0.003126,0.809443,0.00814322,2.91869,0.00254605,50,2.877,2.877,2026-08-01T02:21:40,9124b27,2.13.0+cu130,gonzalo
43,0.2,40,n3,blocked,default,75,1e-07,,,,4,cuda,torch,400,8,,3.35531,0.0342632,3.785,0.003126,1.79421,0.0181419,2.91869,0.00254605,50,2.872,2.877,2026-08-01T02:21:40,9124b27,2.13.0+cu130,gonzalo
43,0.2,20,n3,blocked,default,75,1e-07,,,,4,cuda,torch,400,8,,8.02083,0.0814608,3.785,0.003126,4.86504,0.0491718,2.91869,0.00254605,50,2.87,2.877,2026-08-01T02:21:40,9124b27,2.13.0+cu130,gonzalo
43,0.4,inf,n3,blocked,default,75,1e-07,,,,4,cuda,torch,400,8,,3.62264,0.037196,7.56247,0.00624932,1.6342,0.0165252,5.82068,0.00426351,50,2.956,2.877,2026-08-01T02:21:40,9124b27,2.13.0+cu130,gonzalo
43,0.4,40,n3,blocked,default,75,1e-07,,,,4,cuda,torch,400,8,,5.39502,0.0556484,7.56247,0.00624932,2.81599,0.0286073,5.82068,0.00426351,50,2.958,2.877,2026-08-01T02:21:40,9124b27,2.13.0+cu130,gonzalo
43,0.4,20,n3,blocked,default,75,1e-07,,,,4,cuda,torch,400,8,,9.34443,0.0955618,7.56247,0.00624932,5.51163,0.055757,5.82068,0.00426351,50,2.955,2.877,2026-08-01T02:21:40,9124b27,2.13.0+cu130,gonzalo
43,0.8,inf,n3,blocked,default,75,1e-07,,,,4,cuda,torch,400,8,,7.19707,0.0751329,15.105,0.0168554,3.3485,0.0341704,11.5793,0.0115866,50,2.878,2.877,2026-08-01T02:21:40,9124b27,2.13.0+cu130,gonzalo
43,0.8,40,n3,blocked,default,75,1e-07,,,,4,cuda,torch,400,8,,8.43053,0.0882994,15.105,0.0168554,4.22879,0.0432923,11.5793,0.0115866,50,2.884,2.877,2026-08-01T02:21:40,9124b27,2.13.0+cu130,gonzalo
43,0.8,20,n3,blocked,default,75,1e-07,,,,4,cuda,torch,400,8,,10.6552,0.111456,15.105,0.0168554,5.90116,0.0601397,11.5793,0.0115866,50,2.872,2.877,2026-08-01T02:21:40,9124b27,2.13.0+cu130,gonzalo
44,0.2,inf,n3,blocked,default,75,1e-07,,,,4,cuda,torch,400,8,,1.47034,0.0148327,4.50777,0.00132028,0.601741,0.00602774,3.37794,0.000813472,50,2.865,2.877,2026-08-01T02:21:40,9124b27,2.13.0+cu130,gonzalo
44,0.2,40,n3,blocked,default,75,1e-07,,,,4,cuda,torch,400,8,,2.53697,0.0258192,4.50777,0.00132028,1.31168,0.0132176,3.37794,0.000813472,50,2.867,2.877,2026-08-01T02:21:40,9124b27,2.13.0+cu130,gonzalo
44,0.2,20,n3,blocked,default,75,1e-07,,,,4,cuda,torch,400,8,,6.88753,0.0701189,4.50777,0.00132028,4.30231,0.0434916,3.37794,0.000813472,50,2.865,2.877,2026-08-01T02:21:40,9124b27,2.13.0+cu130,gonzalo
44,0.4,inf,n3,blocked,default,75,1e-07,,,,4,cuda,torch,400,8,,2.92489,0.029665,8.95706,0.00298618,1.19684,0.01202,6.73641,0.00193499,50,2.873,2.877,2026-08-01T02:21:40,9124b27,2.13.0+cu130,gonzalo
44,0.4,40,n3,blocked,default,75,1e-07,,,,4,cuda,torch,400,8,,3.87669,0.0397838,8.95706,0.00298618,1.85169,0.018734,6.73641,0.00193499,50,2.867,2.877,2026-08-01T02:21:40,9124b27,2.13.0+cu130,gonzalo
44,0.4,20,n3,blocked,default,75,1e-07,,,,4,cuda,torch,400,8,,7.22625,0.0743506,8.95706,0.00298618,4.3642,0.0442103,6.73641,0.00193499,50,2.861,2.877,2026-08-01T02:21:40,9124b27,2.13.0+cu130,gonzalo
44,0.8,inf,n3,blocked,default,75,1e-07,,,,4,cuda,torch,400,8,,6.80174,0.0687525,17.6807,0.00903249,2.75288,0.027748,13.3939,0.00741987,50,2.865,2.877,2026-08-01T02:21:40,9124b27,2.13.0+cu130,gonzalo
44,0.8,40,n3,blocked,default,75,1e-07,,,,4,cuda,torch,400,8,,7.46925,0.0764978,17.6807,0.00903249,3.3783,0.0343118,13.3939,0.00741987,50,2.861,2.877,2026-08-01T02:21:40,9124b27,2.13.0+cu130,gonzalo
44,0.8,20,n3,blocked,default,75,1e-07,,,,4,cuda,torch,400,8,,9.0865,0.0948602,17.6807,0.00903249,4.86192,0.0495569,13.3939,0.00741987,50,2.864,2.877,2026-08-01T02:21:40,9124b27,2.13.0+cu130,gonzalo
45,0.2,inf,n3,blocked,default,75,1e-07,,,,4,cuda,torch,400,8,,2.37492,0.0240496,4.04669,0.0063691,1.27221,0.0128369,2.64661,0.00459715,50,2.868,2.877,2026-08-01T02:21:40,9124b27,2.13.0+cu130,gonzalo
45,0.2,40,n3,blocked,default,75,1e-07,,,,4,cuda,torch,400,8,,4.31029,0.0436222,4.04669,0.0063691,2.62912,0.0266496,2.64661,0.00459715,50,2.871,2.877,2026-08-01T02:21:40,9124b27,2.13.0+cu130,gonzalo
45,0.2,20,n3,blocked,default,75,1e-07,,,,4,cuda,torch,400,8,,8.38193,0.0845482,4.04669,0.0063691,5.22226,0.0528424,2.64661,0.00459715,50,2.87,2.877,2026-08-01T02:21:40,9124b27,2.13.0+cu130,gonzalo
45,0.4,inf,n3,blocked,default,75,1e-07,,,,4,cuda,torch,400,8,,4.58477,0.0465314,8.24789,0.0168787,2.62401,0.0266547,5.37812,0.0148678,50,2.87,2.877,2026-08-01T02:21:40,9124b27,2.13.0+cu130,gonzalo
45,0.4,40,n3,blocked,default,75,1e-07,,,,4,cuda,torch,400,8,,6.3752,0.0646495,8.24789,0.0168787,3.80016,0.0386787,5.37812,0.0148678,50,2.87,2.877,2026-08-01T02:21:40,9124b27,2.13.0+cu130,gonzalo
45,0.4,20,n3,blocked,default,75,1e-07,,,,4,cuda,torch,400,8,,9.92458,0.100178,8.24789,0.0168787,5.98291,0.0605949,5.37812,0.0148678,50,2.869,2.877,2026-08-01T02:21:40,9124b27,2.13.0+cu130,gonzalo
45,0.8,inf,n3,blocked,default,75,1e-07,,,,4,cuda,torch,400,8,,8.47681,0.0863794,17.147,0.0882447,4.5352,0.0462559,11.1144,0.0981605,50,2.869,2.877,2026-08-01T02:21:40,9124b27,2.13.0+cu130,gonzalo
45,0.8,40,n3,blocked,default,75,1e-07,,,,4,cuda,torch,400,8,,10.2168,0.104241,17.147,0.0882447,5.57768,0.0568929,11.1144,0.0981605,50,2.871,2.877,2026-08-01T02:21:40,9124b27,2.13.0+cu130,gonzalo
45,0.8,20,n3,blocked,default,75,1e-07,,,,4,cuda,torch,400,8,,12.1259,0.123417,17.147,0.0882447,6.90912,0.0701338,11.1144,0.0981605,50,2.87,2.877,2026-08-01T02:21:40,9124b27,2.13.0+cu130,gonzalo
46,0.2,inf,n3,blocked,default,75,1e-07,,,,4,cuda,torch,400,8,,2.22237,0.0220597,4.3072,0.00275237,1.00937,0.0101072,3.68074,0.00243744,50,2.878,2.877,2026-08-01T02:21:40,9124b27,2.13.0+cu130,gonzalo
46,0.2,40,n3,blocked,default,75,1e-07,,,,4,cuda,torch,400,8,,2.94981,0.0299777,4.3072,0.00275237,1.9851,0.0201441,3.68074,0.00243744,49,2.813,2.877,2026-08-01T02:21:40,9124b27,2.13.0+cu130,gonzalo
46,0.2,20,n3,blocked,default,75,1e-07,,,,4,cuda,torch,400,8,,6.84784,0.0688504,4.3072,0.00275237,4.55744,0.0461702,3.68074,0.00243744,50,2.865,2.877,2026-08-01T02:21:40,9124b27,2.13.0+cu130,gonzalo
46,0.4,inf,n3,blocked,default,75,1e-07,,,,4,cuda,torch,400,8,,3.88168,0.0389419,8.61703,0.00623034,2.10502,0.0213743,7.38038,0.00589358,50,2.864,2.877,2026-08-01T02:21:40,9124b27,2.13.0+cu130,gonzalo
46,0.4,40,n3,blocked,default,75,1e-07,,,,4,cuda,torch,400,8,,4.29351,0.0436806,8.61703,0.00623034,2.8553,0.0292265,7.38038,0.00589358,50,2.868,2.877,2026-08-01T02:21:40,9124b27,2.13.0+cu130,gonzalo
46,0.4,20,n3,blocked,default,75,1e-07,,,,4,cuda,torch,400,8,,6.89941,0.0694809,8.61703,0.00623034,4.71011,0.0479018,7.38038,0.00589358,50,2.861,2.877,2026-08-01T02:21:40,9124b27,2.13.0+cu130,gonzalo
46,0.8,inf,n3,blocked,default,75,1e-07,,,,4,cuda,torch,400,8,,6.48995,0.0644825,17.2483,0.0149582,3.51105,0.0359407,14.8374,0.014944,50,2.868,2.877,2026-08-01T02:21:40,9124b27,2.13.0+cu130,gonzalo
46,0.8,40,n3,blocked,default,75,1e-07,,,,4,cuda,torch,400,8,,6.83267,0.0688558,17.2483,0.0149582,3.96062,0.0407827,14.8374,0.014944,50,2.863,2.877,2026-08-01T02:21:40,9124b27,2.13.0+cu130,gonzalo
46,0.8,20,n3,blocked,default,75,1e-07,,,,4,cuda,torch,400,8,,7.98651,0.081436,17.2483,0.0149582,5.06976,0.0521714,14.8374,0.014944,50,2.863,2.877,2026-08-01T02:21:40,9124b27,2.13.0+cu130,gonzalo
47,0.2,inf,n3,blocked,default,75,1e-07,,,,4,cuda,torch,400,8,,2.15989,0.0219956,4.72858,0.00197282,0.853727,0.00861168,4.12257,0.00177876,50,2.862,2.877,2026-08-01T02:21:40,9124b27,2.13.0+cu130,gonzalo
47,0.2,40,n3,blocked,default,75,1e-07,,,,4,cuda,torch,400,8,,3.29624,0.033711,4.72858,0.00197282,1.60667,0.0162151,4.12257,0.00177876,50,2.864,2.877,2026-08-01T02:21:40,9124b27,2.13.0+cu130,gonzalo
47,0.2,20,n3,blocked,default,75,1e-07,,,,4,cuda,torch,400,8,,7.63446,0.0774335,4.72858,0.00197282,4.6365,0.0467519,4.12257,0.00177876,50,2.864,2.877,2026-08-01T02:21:40,9124b27,2.13.0+cu130,gonzalo
47,0.4,inf,n3,blocked,default,75,1e-07,,,,4,cuda,torch,400,8,,4.90788,0.0509257,9.44689,0.00431821,2.07052,0.0210993,8.26273,0.00405887,50,2.863,2.877,2026-08-01T02:21:40,9124b27,2.13.0+cu130,gonzalo
47,0.4,40,n3,blocked,default,75,1e-07,,,,4,cuda,torch,400,8,,6.01038,0.0623753,9.44689,0.00431821,2.86727,0.0291407,8.26273,0.00405887,50,2.863,2.877,2026-08-01T02:21:40,9124b27,2.13.0+cu130,gonzalo
47,0.4,20,n3,blocked,default,75,1e-07,,,,4,cuda,torch,400,8,,8.70681,0.089577,9.44689,0.00431821,4.95332,0.0500333,8.26273,0.00405887,50,2.861,2.877,2026-08-01T02:21:40,9124b27,2.13.0+cu130,gonzalo
47,0.8,inf,n3,blocked,default,75,1e-07,,,,4,cuda,torch,400,8,,10.0469,0.106658,18.8436,0.0104026,4.6984,0.048312,16.5911,0.0102983,50,2.954,2.877,2026-08-01T02:21:40,9124b27,2.13.0+cu130,gonzalo
47,0.8,40,n3,blocked,default,75,1e-07,,,,4,cuda,torch,400,8,,10.5846,0.112304,18.8436,0.0104026,5.10683,0.052462,16.5911,0.0102983,50,2.954,2.877,2026-08-01T02:21:40,9124b27,2.13.0+cu130,gonzalo
47,0.8,20,n3,blocked,default,75,1e-07,,,,4,cuda,torch,400,8,,11.1634,0.118016,18.8436,0.0104026,5.80727,0.0594315,16.5911,0.0102983,50,2.955,2.877,2026-08-01T02:21:40,9124b27,2.13.0+cu130,gonzalo
48,0.2,inf,n3,blocked,default,75,1e-07,,,,4,cuda,torch,400,8,,0.865239,0.00866895,4.07237,0.00147086,0.367124,0.00367153,3.16706,0.000992605,50,2.857,2.877,2026-08-01T02:21:40,9124b27,2.13.0+cu130,gonzalo
48,0.2,40,n3,blocked,default,75,1e-07,,,,4,cuda,torch,400,8,,2.24282,0.0226839,4.07237,0.00147086,1.33972,0.0134861,3.16706,0.000992605,50,2.908,2.877,2026-08-01T02:21:40,9124b27,2.13.0+cu130,gonzalo
48,0.2,20,n3,blocked,default,75,1e-07,,,,4,cuda,torch,400,8,,6.65889,0.0672075,4.07237,0.00147086,4.32058,0.0435723,3.16706,0.000992605,50,2.872,2.877,2026-08-01T02:21:40,9124b27,2.13.0+cu130,gonzalo
48,0.4,inf,n3,blocked,default,75,1e-07,,,,4,cuda,torch,400,8,,2.40862,0.024533,8.13322,0.00355238,1.08221,0.0109318,6.32722,0.00272656,50,2.873,2.877,2026-08-01T02:21:40,9124b27,2.13.0+cu130,gonzalo
48,0.4,40,n3,blocked,default,75,1e-07,,,,4,cuda,torch,400,8,,3.80475,0.0388996,8.13322,0.00355238,2.07279,0.0209832,6.32722,0.00272656,50,2.868,2.877,2026-08-01T02:21:40,9124b27,2.13.0+cu130,gonzalo
48,0.4,20,n3,blocked,default,75,1e-07,,,,4,cuda,torch,400,8,,7.73058,0.0785323,8.13322,0.00355238,4.85371,0.0489856,6.32722,0.00272656,50,2.857,2.877,2026-08-01T02:21:40,9124b27,2.13.0+cu130,gonzalo
48,0.8,inf,n3,blocked,default,75,1e-07,,,,4,cuda,torch,400,8,,6.27587,0.0649415,16.2274,0.0111524,2.90935,0.0297024,12.6273,0.00987981,50,2.852,2.877,2026-08-01T02:21:40,9124b27,2.13.0+cu130,gonzalo
48,0.8,40,n3,blocked,default,75,1e-07,,,,4,cuda,torch,400,8,,7.4089,0.0770919,16.2274,0.0111524,3.76492,0.0384745,12.6273,0.00987981,50,2.853,2.877,2026-08-01T02:21:40,9124b27,2.13.0+cu130,gonzalo
48,0.8,20,n3,blocked,default,75,1e-07,,,,4,cuda,torch,400,8,,9.33798,0.0971923,16.2274,0.0111524,5.34492,0.0543837,12.6273,0.00987981,50,2.854,2.877,2026-08-01T02:21:40,9124b27,2.13.0+cu130,gonzalo
49,0.2,inf,n3,blocked,default,75,1e-07,,,,4,cuda,torch,400,8,,1.62021,0.0165347,3.88045,0.00343063,0.885094,0.00895484,2.94913,0.0026433,50,2.853,2.877,2026-08-01T02:21:40,9124b27,2.13.0+cu130,gonzalo
49,0.2,40,n3,blocked,default,75,1e-07,,,,4,cuda,torch,400,8,,3.02373,0.0306499,3.88045,0.00343063,2.00974,0.0203698,2.94913,0.0026433,50,2.856,2.877,2026-08-01T02:21:40,9124b27,2.13.0+cu130,gonzalo
49,0.2,20,n3,blocked,default,75,1e-07,,,,4,cuda,torch,400,8,,7.4621,0.0752036,3.88045,0.00343063,4.84176,0.0490255,2.94913,0.0026433,50,2.854,2.877,2026-08-01T02:21:40,9124b27,2.13.0+cu130,gonzalo
49,0.4,inf,n3,blocked,default,75,1e-07,,,,4,cuda,torch,400,8,,3.09103,0.031651,7.95542,0.0063492,2.03315,0.0207681,6.01722,0.00406846,50,2.852,2.877,2026-08-01T02:21:40,9124b27,2.13.0+cu130,gonzalo
49,0.4,40,n3,blocked,default,75,1e-07,,,,4,cuda,torch,400,8,,4.25755,0.0432516,7.95542,0.0063492,2.89689,0.0295825,6.01722,0.00406846,50,2.856,2.877,2026-08-01T02:21:40,9124b27,2.13.0+cu130,gonzalo
49,0.4,20,n3,blocked,default,75,1e-07,,,,4,cuda,torch,400,8,,8.12173,0.0817422,7.95542,0.0063492,5.24497,0.0532206,6.01722,0.00406846,50,2.853,2.877,2026-08-01T02:21:40,9124b27,2.13.0+cu130,gonzalo
49,0.8,inf,n3,blocked,default,75,1e-07,,,,4,cuda,torch,400,8,,4.8151,0.0493401,16.736,0.0223604,3.11035,0.0320739,12.5314,0.0212916,50,2.854,2.877,2026-08-01T02:21:40,9124b27,2.13.0+cu130,gonzalo
49,0.8,40,n3,blocked,default,75,1e-07,,,,4,cuda,torch,400,8,,5.84554,0.0597038,16.736,0.0223604,3.75943,0.0386814,12.5314,0.0212916,50,2.852,2.877,2026-08-01T02:21:40,9124b27,2.13.0+cu130,gonzalo
49,0.8,20,n3,blocked,default,75,1e-07,,,,4,cuda,torch,400,8,,8.77171,0.08873,16.736,0.0223604,5.49719,0.0560999,12.5314,0.0212916,50,2.846,2.877,2026-08-01T02:21:40,9124b27,2.13.0+cu130,gonzalo
50,0.2,inf,n3,blocked,default,75,1e-07,,,,4,cuda,torch,400,8,,1.59364,0.0157538,4.0376,0.00252961,0.687556,0.00685106,3.21733,0.00224777,50,2.841,2.877,2026-08-01T02:21:40,9124b27,2.13.0+cu130,gonzalo
50,0.2,40,n3,blocked,default,75,1e-07,,,,4,cuda,torch,400,8,,2.16206,0.0218877,4.0376,0.00252961,1.4442,0.014615,3.21733,0.00224777,50,2.837,2.877,2026-08-01T02:21:40,9124b27,2.13.0+cu130,gonzalo
50,0.2,20,n3,blocked,default,75,1e-07,,,,4,cuda,torch,400,8,,6.19446,0.062688,4.0376,0.00252961,4.0756,0.0412876,3.21733,0.00224777,50,2.837,2.877,2026-08-01T02:21:40,9124b27,2.13.0+cu130,gonzalo
50,0.4,inf,n3,blocked,default,75,1e-07,,,,4,cuda,torch,400,8,,2.72477,0.0270924,8.05919,0.00581902,1.33536,0.0134307,6.42421,0.0056145,50,2.842,2.877,2026-08-01T02:21:40,9124b27,2.13.0+cu130,gonzalo
50,0.4,40,n3,blocked,default,75,1e-07,,,,4,cuda,torch,400,8,,3.55041,0.0361754,8.05919,0.00581902,2.29103,0.0233894,6.42421,0.0056145,49,2.783,2.877,2026-08-01T02:21:40,9124b27,2.13.0+cu130,gonzalo
50,0.4,20,n3,blocked,default,75,1e-07,,,,4,cuda,torch,400,8,,6.40365,0.0652212,8.05919,0.00581902,4.21343,0.042853,6.42421,0.0056145,50,2.837,2.877,2026-08-01T02:21:40,9124b27,2.13.0+cu130,gonzalo
50,0.8,inf,n3,blocked,default,75,1e-07,,,,4,cuda,torch,400,8,,5.29564,0.0530254,16.0593,0.0150088,2.94971,0.0301169,12.8079,0.0155459,50,2.841,2.877,2026-08-01T02:21:40,9124b27,2.13.0+cu130,gonzalo
50,0.8,40,n3,blocked,default,75,1e-07,,,,4,cuda,torch,400,8,,5.79929,0.0588629,16.0593,0.0150088,3.42543,0.0351395,12.8079,0.0155459,50,2.84,2.877,2026-08-01T02:21:40,9124b27,2.13.0+cu130,gonzalo
50,0.8,20,n3,blocked,default,75,1e-07,,,,4,cuda,torch,400,8,,6.88467,0.0705929,16.0593,0.0150088,4.32058,0.0442639,12.8079,0.0155459,50,2.837,2.877,2026-08-01T02:21:40,9124b27,2.13.0+cu130,gonzalo
1,0.2,inf,n3,dr,fixed30,75,1e-07,,,,4,cuda,torch,400,8,,2.10777,0.0213303,3.9497,0.00479213,0.962757,0.00969155,2.80681,0.00448657,30,2.55,2.549,2026-08-01T02:21:40,9124b27,2.13.0+cu130,gonzalo
1,0.2,40,n3,dr,fixed30,75,1e-07,,,,4,cuda,torch,400,8,,3.10562,0.0314318,3.9497,0.00479213,1.75087,0.0176556,2.80681,0.00448657,30,2.552,2.549,2026-08-01T02:21:40,9124b27,2.13.0+cu130,gonzalo
1,0.2,20,n3,dr,fixed30,75,1e-07,,,,4,cuda,torch,400,8,,5.89555,0.0590398,3.9497,0.00479213,3.84238,0.0386321,2.80681,0.00448657,30,2.557,2.549,2026-08-01T02:21:40,9124b27,2.13.0+cu130,gonzalo
1,0.4,inf,n3,dr,fixed30,75,1e-07,,,,4,cuda,torch,400,8,,4.81512,0.0493711,8.01912,0.0083344,2.37244,0.0240778,5.66111,0.00736837,30,2.556,2.549,2026-08-01T02:21:40,9124b27,2.13.0+cu130,gonzalo
1,0.4,40,n3,dr,fixed30,75,1e-07,,,,4,cuda,torch,400,8,,5.72249,0.0584317,8.01912,0.0083344,3.13888,0.0317878,5.66111,0.00736837,30,2.556,2.549,2026-08-01T02:21:40,9124b27,2.13.0+cu130,gonzalo
1,0.4,20,n3,dr,fixed30,75,1e-07,,,,4,cuda,torch,400,8,,7.65977,0.0773901,8.01912,0.0083344,4.74153,0.0477681,5.66111,0.00736837,30,2.556,2.549,2026-08-01T02:21:40,9124b27,2.13.0+cu130,gonzalo
1,0.8,inf,n3,dr,fixed30,75,1e-07,,,,4,cuda,torch,400,8,,9.49713,0.100008,16.5439,0.014373,4.7093,0.0483012,11.5177,0.0107413,30,2.551,2.549,2026-08-01T02:21:40,9124b27,2.13.0+cu130,gonzalo
1,0.8,40,n3,dr,fixed30,75,1e-07,,,,4,cuda,torch,400,8,,9.9177,0.104257,16.5439,0.014373,5.12227,0.052428,11.5177,0.0107413,30,2.558,2.549,2026-08-01T02:21:40,9124b27,2.13.0+cu130,gonzalo
1,0.8,20,n3,dr,fixed30,75,1e-07,,,,4,cuda,torch,400,8,,10.3702,0.108566,16.5439,0.014373,5.74371,0.0585261,11.5177,0.0107413,30,2.552,2.549,2026-08-01T02:21:40,9124b27,2.13.0+cu130,gonzalo
2,0.2,inf,n3,dr,fixed30,75,1e-07,,,,4,cuda,torch,400,8,,2.21836,0.0218948,3.87511,0.00273464,0.970958,0.0096917,3.28263,0.00185466,30,2.548,2.549,2026-08-01T02:21:40,9124b27,2.13.0+cu130,gonzalo
2,0.2,40,n3,dr,fixed30,75,1e-07,,,,4,cuda,torch,400,8,,2.73007,0.0274559,3.87511,0.00273464,1.51554,0.0152737,3.28263,0.00185466,30,2.549,2.549,2026-08-01T02:21:40,9124b27,2.13.0+cu130,gonzalo
2,0.2,20,n3,dr,fixed30,75,1e-07,,,,4,cuda,torch,400,8,,5.4862,0.0550786,3.87511,0.00273464,3.66229,0.0368944,3.28263,0.00185466,30,2.556,2.549,2026-08-01T02:21:40,9124b27,2.13.0+cu130,gonzalo
2,0.4,inf,n3,dr,fixed30,75,1e-07,,,,4,cuda,torch,400,8,,5.03782,0.0498624,7.6336,0.00623601,2.28844,0.0229597,6.49394,0.00474227,30,2.548,2.549,2026-08-01T02:21:40,9124b27,2.13.0+cu130,gonzalo
2,0.4,40,n3,dr,fixed30,75,1e-07,,,,4,cuda,torch,400,8,,5.58889,0.0560361,7.6336,0.00623601,2.83658,0.0286753,6.49394,0.00474227,30,2.541,2.549,2026-08-01T02:21:40,9124b27,2.13.0+cu130,gonzalo
2,0.4,20,n3,dr,fixed30,75,1e-07,,,,4,cuda,torch,400,8,,6.89639,0.0696571,7.6336,0.00623601,4.24642,0.042998,6.49394,0.00474227,30,2.547,2.549,2026-08-01T02:21:40,9124b27,2.13.0+cu130,gonzalo
2,0.8,inf,n3,dr,fixed30,75,1e-07,,,,4,cuda,torch,400,8,,10.1206,0.10045,14.8258,0.0188542,5.20903,0.0526256,12.7108,0.0174539,30,2.546,2.549,2026-08-01T02:21:40,9124b27,2.13.0+cu130,gonzalo
2,0.8,40,n3,dr,fixed30,75,1e-07,,,,4,cuda,torch,400,8,,10.3882,0.103204,14.8258,0.0188542,5.51598,0.0557562,12.7108,0.0174539,30,2.541,2.549,2026-08-01T02:21:40,9124b27,2.13.0+cu130,gonzalo
2,0.8,20,n3,dr,fixed30,75,1e-07,,,,4,cuda,torch,400,8,,10.5932,0.105372,14.8258,0.0188542,6.00486,0.060642,12.7108,0.0174539,30,2.546,2.549,2026-08-01T02:21:40,9124b27,2.13.0+cu130,gonzalo
3,0.2,inf,n3,dr,fixed30,75,1e-07,,,,4,cuda,torch,400,8,,2.0232,0.0202797,3.96223,0.001591,0.841965,0.00844688,2.92538,0.00121479,30,2.543,2.549,2026-08-01T02:21:40,9124b27,2.13.0+cu130,gonzalo
3,0.2,40,n3,dr,fixed30,75,1e-07,,,,4,cuda,torch,400,8,,2.56065,0.0259126,3.96223,0.001591,1.39364,0.0140549,2.92538,0.00121479,30,2.549,2.549,2026-08-01T02:21:40,9124b27,2.13.0+cu130,gonzalo
3,0.2,20,n3,dr,fixed30,75,1e-07,,,,4,cuda,torch,400,8,,5.28079,0.0529742,3.96223,0.001591,3.53368,0.0355955,2.92538,0.00121479,30,2.552,2.549,2026-08-01T02:21:40,9124b27,2.13.0+cu130,gonzalo
3,0.4,inf,n3,dr,fixed30,75,1e-07,,,,4,cuda,torch,400,8,,4.34556,0.0442383,8.00337,0.00308768,1.97196,0.0200089,5.87492,0.00213631,30,2.552,2.549,2026-08-01T02:21:40,9124b27,2.13.0+cu130,gonzalo
3,0.4,40,n3,dr,fixed30,75,1e-07,,,,4,cuda,torch,400,8,,4.85053,0.0496814,8.00337,0.00308768,2.52356,0.0256712,5.87492,0.00213631,30,2.557,2.549,2026-08-01T02:21:40,9124b27,2.13.0+cu130,gonzalo
3,0.4,20,n3,dr,fixed30,75,1e-07,,,,4,cuda,torch,400,8,,6.70442,0.068119,8.00337,0.00308768,4.23535,0.0428879,5.87492,0.00213631,30,2.563,2.549,2026-08-01T02:21:40,9124b27,2.13.0+cu130,gonzalo
3,0.8,inf,n3,dr,fixed30,75,1e-07,,,,4,cuda,torch,400,8,,8.9874,0.0938699,16.3393,0.00715361,4.29809,0.0442271,11.8498,0.00503285,30,2.556,2.549,2026-08-01T02:21:40,9124b27,2.13.0+cu130,gonzalo
3,0.8,40,n3,dr,fixed30,75,1e-07,,,,4,cuda,torch,400,8,,9.28372,0.0973587,16.3393,0.00715361,4.64874,0.0479077,11.8498,0.00503285,30,2.558,2.549,2026-08-01T02:21:40,9124b27,2.13.0+cu130,gonzalo
3,0.8,20,n3,dr,fixed30,75,1e-07,,,,4,cuda,torch,400,8,,9.66767,0.101515,16.3393,0.00715361,5.26197,0.0540757,11.8498,0.00503285,30,2.552,2.549,2026-08-01T02:21:40,9124b27,2.13.0+cu130,gonzalo
4,0.2,inf,n3,dr,fixed30,75,1e-07,,,,4,cuda,torch,400,8,,2.3524,0.023644,4.78204,0.00301097,1.46817,0.0145256,3.64935,0.00229466,30,2.564,2.549,2026-08-01T02:21:40,9124b27,2.13.0+cu130,gonzalo
4,0.2,40,n3,dr,fixed30,75,1e-07,,,,4,cuda,torch,400,8,,2.75008,0.027859,4.78204,0.00301097,1.51908,0.0151882,3.64935,0.00229466,30,2.555,2.549,2026-08-01T02:21:40,9124b27,2.13.0+cu130,gonzalo
4,0.2,20,n3,dr,fixed30,75,1e-07,,,,4,cuda,torch,400,8,,4.78715,0.0487939,4.78204,0.00301097,2.92062,0.0294095,3.64935,0.00229466,30,2.557,2.549,2026-08-01T02:21:40,9124b27,2.13.0+cu130,gonzalo
4,0.4,inf,n3,dr,fixed30,75,1e-07,,,,4,cuda,torch,400,8,,5.02935,0.0502179,9.53594,0.00774396,3.76805,0.0366045,7.282,0.00671299,30,2.558,2.549,2026-08-01T02:21:40,9124b27,2.13.0+cu130,gonzalo
4,0.4,40,n3,dr,fixed30,75,1e-07,,,,4,cuda,torch,400,8,,5.12867,0.0518281,9.53594,0.00774396,3.2872,0.0324068,7.282,0.00671299,30,2.548,2.549,2026-08-01T02:21:40,9124b27,2.13.0+cu130,gonzalo
4,0.4,20,n3,dr,fixed30,75,1e-07,,,,4,cuda,torch,400,8,,6.29178,0.0649235,9.53594,0.00774396,3.60531,0.0364855,7.282,0.00671299,30,2.551,2.549,2026-08-01T02:21:40,9124b27,2.13.0+cu130,gonzalo
4,0.8,inf,n3,dr,fixed30,75,1e-07,,,,4,cuda,torch,400,8,,11.0249,0.110701,18.9441,0.0310387,7.19357,0.0696132,14.4923,0.0302869,30,2.63,2.549,2026-08-01T02:21:40,9124b27,2.13.0+cu130,gonzalo
4,0.8,40,n3,dr,fixed30,75,1e-07,,,,4,cuda,torch,400,8,,11.2698,0.113701,18.9441,0.0310387,6.93481,0.0677494,14.4923,0.0302869,30,2.609,2.549,2026-08-01T02:21:40,9124b27,2.13.0+cu130,gonzalo
4,0.8,20,n3,dr,fixed30,75,1e-07,,,,4,cuda,torch,400,8,,11.5923,0.11839,18.9441,0.0310387,6.74564,0.0670959,14.4923,0.0302869,30,2.639,2.549,2026-08-01T02:21:40,9124b27,2.13.0+cu130,gonzalo
5,0.2,inf,n3,dr,fixed30,75,1e-07,,,,4,cuda,torch,400,8,,2.32368,0.0232027,3.59851,0.0129451,0.98179,0.00985624,2.63017,0.0134565,30,2.634,2.549,2026-08-01T02:21:40,9124b27,2.13.0+cu130,gonzalo
5,0.2,40,n3,dr,fixed30,75,1e-07,,,,4,cuda,torch,400,8,,2.45178,0.0249466,3.59851,0.0129451,1.31886,0.0133376,2.63017,0.0134565,30,2.638,2.549,2026-08-01T02:21:40,9124b27,2.13.0+cu130,gonzalo
5,0.2,20,n3,dr,fixed30,75,1e-07,,,,4,cuda,torch,400,8,,4.89943,0.0491637,3.59851,0.0129451,3.38351,0.0340971,2.63017,0.0134565,30,2.618,2.549,2026-08-01T02:21:40,9124b27,2.13.0+cu130,gonzalo
5,0.4,inf,n3,dr,fixed30,75,1e-07,,,,4,cuda,torch,400,8,,4.70325,0.0473541,7.25264,0.0289317,1.96277,0.0198437,5.28404,0.0299439,30,2.633,2.549,2026-08-01T02:21:40,9124b27,2.13.0+cu130,gonzalo
5,0.4,40,n3,dr,fixed30,75,1e-07,,,,4,cuda,torch,400,8,,4.54527,0.0464026,7.25264,0.0289317,2.13557,0.021736,5.28404,0.0299439,30,2.649,2.549,2026-08-01T02:21:40,9124b27,2.13.0+cu130,gonzalo
5,0.4,20,n3,dr,fixed30,75,1e-07,,,,4,cuda,torch,400,8,,5.59396,0.0570416,7.25264,0.0289317,3.60753,0.0366335,5.28404,0.0299439,30,2.653,2.549,2026-08-01T02:21:40,9124b27,2.13.0+cu130,gonzalo
5,0.8,inf,n3,dr,fixed30,75,1e-07,,,,4,cuda,torch,400,8,,8.45646,0.0856948,14.7383,0.0709379,3.6838,0.0375706,10.6651,0.0724598,30,2.668,2.549,2026-08-01T02:21:40,9124b27,2.13.0+cu130,gonzalo
5,0.8,40,n3,dr,fixed30,75,1e-07,,,,4,cuda,torch,400,8,,8.47412,0.0869334,14.7383,0.0709379,3.94269,0.0404777,10.6651,0.0724598,30,2.635,2.549,2026-08-01T02:21:40,9124b27,2.13.0+cu130,gonzalo
5,0.8,20,n3,dr,fixed30,75,1e-07,,,,4,cuda,torch,400,8,,8.67761,0.0901176,14.7383,0.0709379,4.71879,0.0485843,10.6651,0.0724598,30,2.63,2.549,2026-08-01T02:21:40,9124b27,2.13.0+cu130,gonzalo
6,0.2,inf,n3,dr,fixed30,75,1e-07,,,,4,cuda,torch,400,8,,2.18877,0.0220284,4.06629,0.00236199,0.95941,0.00959001,3.49629,0.00192267,30,2.696,2.549,2026-08-01T02:21:40,9124b27,2.13.0+cu130,gonzalo
6,0.2,40,n3,dr,fixed30,75,1e-07,,,,4,cuda,torch,400,8,,2.6528,0.0269273,4.06629,0.00236199,1.1985,0.01207,3.49629,0.00192267,30,2.638,2.549,2026-08-01T02:21:40,9124b27,2.13.0+cu130,gonzalo
6,0.2,20,n3,dr,fixed30,75,1e-07,,,,4,cuda,torch,400,8,,4.80701,0.0486717,4.06629,0.00236199,2.86861,0.0288153,3.49629,0.00192267,30,2.653,2.549,2026-08-01T02:21:40,9124b27,2.13.0+cu130,gonzalo
6,0.4,inf,n3,dr,fixed30,75,1e-07,,,,4,cuda,torch,400,8,,4.53942,0.0460026,8.07184,0.00492231,2.03657,0.0204121,6.96086,0.00401434,30,2.647,2.549,2026-08-01T02:21:40,9124b27,2.13.0+cu130,gonzalo
6,0.4,40,n3,dr,fixed30,75,1e-07,,,,4,cuda,torch,400,8,,4.94441,0.0505162,8.07184,0.00492231,2.20096,0.0222543,6.96086,0.00401434,30,2.66,2.549,2026-08-01T02:21:40,9124b27,2.13.0+cu130,gonzalo
6,0.4,20,n3,dr,fixed30,75,1e-07,,,,4,cuda,torch,400,8,,6.78869,0.0697655,8.07184,0.00492231,3.70843,0.0374757,6.96086,0.00401434,30,2.678,2.549,2026-08-01T02:21:40,9124b27,2.13.0+cu130,gonzalo
6,0.8,inf,n3,dr,fixed30,75,1e-07,,,,4,cuda,torch,400,8,,9.96732,0.103397,15.9113,0.011515,4.79156,0.0487658,13.797,0.00987448,30,2.66,2.549,2026-08-01T02:21:40,9124b27,2.13.0+cu130,gonzalo
6,0.8,40,n3,dr,fixed30,75,1e-07,,,,4,cuda,torch,400,8,,10.3313,0.107296,15.9113,0.011515,5.11926,0.052172,13.797,0.00987448,30,2.637,2.549,2026-08-01T02:21:40,9124b27,2.13.0+cu130,gonzalo
6,0.8,20,n3,dr,fixed30,75,1e-07,,,,4,cuda,torch,400,8,,10.7677,0.111754,15.9113,0.011515,5.71207,0.0582725,13.797,0.00987448,30,2.642,2.549,2026-08-01T02:21:40,9124b27,2.13.0+cu130,gonzalo
7,0.2,inf,n3,dr,fixed30,75,1e-07,,,,4,cuda,torch,400,8,,2.47631,0.0253399,5.05801,0.00312917,1.12373,0.011317,4.27706,0.00246918,30,2.639,2.549,2026-08-01T02:21:40,9124b27,2.13.0+cu130,gonzalo
7,0.2,40,n3,dr,fixed30,75,1e-07,,,,4,cuda,torch,400,8,,3.00484,0.0308223,5.05801,0.00312917,1.54995,0.0156667,4.27706,0.00246918,30,2.609,2.549,2026-08-01T02:21:40,9124b27,2.13.0+cu130,gonzalo
7,0.2,20,n3,dr,fixed30,75,1e-07,,,,4,cuda,torch,400,8,,5.17468,0.0527324,5.05801,0.00312917,3.25365,0.0328746,4.27706,0.00246918,30,2.613,2.549,2026-08-01T02:21:40,9124b27,2.13.0+cu130,gonzalo
7,0.4,inf,n3,dr,fixed30,75,1e-07,,,,4,cuda,torch,400,8,,4.69493,0.0486133,10.1879,0.00663565,2.17029,0.0220118,8.59942,0.00565098,30,2.604,2.549,2026-08-01T02:21:40,9124b27,2.13.0+cu130,gonzalo
7,0.4,40,n3,dr,fixed30,75,1e-07,,,,4,cuda,torch,400,8,,5.21701,0.0541068,10.1879,0.00663565,2.64069,0.0268631,8.59942,0.00565098,30,2.619,2.549,2026-08-01T02:21:40,9124b27,2.13.0+cu130,gonzalo
7,0.4,20,n3,dr,fixed30,75,1e-07,,,,4,cuda,torch,400,8,,6.72455,0.0696055,10.1879,0.00663565,4.01336,0.0408045,8.59942,0.00565098,30,2.625,2.549,2026-08-01T02:21:40,9124b27,2.13.0+cu130,gonzalo
7,0.8,inf,n3,dr,fixed30,75,1e-07,,,,4,cuda,torch,400,8,,10.4493,0.110488,20.6432,0.0154814,6.01892,0.0621474,17.3717,0.0139716,30,2.638,2.549,2026-08-01T02:21:40,9124b27,2.13.0+cu130,gonzalo
7,0.8,40,n3,dr,fixed30,75,1e-07,,,,4,cuda,torch,400,8,,10.6465,0.112248,20.6432,0.0154814,6.28921,0.0647859,17.3717,0.0139716,30,2.612,2.549,2026-08-01T02:21:40,9124b27,2.13.0+cu130,gonzalo
7,0.8,20,n3,dr,fixed30,75,1e-07,,,,4,cuda,torch,400,8,,11.0205,0.115592,20.6432,0.0154814,6.81746,0.0700694,17.3717,0.0139716,30,2.653,2.549,2026-08-01T02:21:40,9124b27,2.13.0+cu130,gonzalo
8,0.2,inf,n3,dr,fixed30,75,1e-07,,,,4,cuda,torch,400,8,,2.05956,0.0208397,4.18503,0.00217594,1.12453,0.0111979,3.35071,0.00130623,30,2.629,2.549,2026-08-01T02:21:40,9124b27,2.13.0+cu130,gonzalo
8,0.2,40,n3,dr,fixed30,75,1e-07,,,,4,cuda,torch,400,8,,2.61149,0.0266225,4.18503,0.00217594,1.37509,0.0138204,3.35071,0.00130623,30,2.638,2.549,2026-08-01T02:21:40,9124b27,2.13.0+cu130,gonzalo
8,0.2,20,n3,dr,fixed30,75,1e-07,,,,4,cuda,torch,400,8,,5.18379,0.0527389,4.18503,0.00217594,3.16665,0.0318957,3.35071,0.00130623,30,2.643,2.549,2026-08-01T02:21:40,9124b27,2.13.0+cu130,gonzalo
8,0.4,inf,n3,dr,fixed30,75,1e-07,,,,4,cuda,torch,400,8,,4.13023,0.0419671,8.39204,0.00468117,2.55296,0.0252231,6.70955,0.00318396,30,2.669,2.549,2026-08-01T02:21:40,9124b27,2.13.0+cu130,gonzalo
8,0.4,40,n3,dr,fixed30,75,1e-07,,,,4,cuda,torch,400,8,,4.51056,0.0463294,8.39204,0.00468117,2.5012,0.0250687,6.70955,0.00318396,30,2.612,2.549,2026-08-01T02:21:40,9124b27,2.13.0+cu130,gonzalo
8,0.4,20,n3,dr,fixed30,75,1e-07,,,,4,cuda,torch,400,8,,6.08424,0.062724,8.39204,0.00468117,3.53681,0.0358084,6.70955,0.00318396,30,2.625,2.549,2026-08-01T02:21:40,9124b27,2.13.0+cu130,gonzalo
8,0.8,inf,n3,dr,fixed30,75,1e-07,,,,4,cuda,torch,400,8,,8.83411,0.0905435,16.8781,0.0116011,5.48757,0.053906,13.4553,0.00958733,30,2.639,2.549,2026-08-01T02:21:40,9124b27,2.13.0+cu130,gonzalo
8,0.8,40,n3,dr,fixed30,75,1e-07,,,,4,cuda,torch,400,8,,8.93879,0.0921456,16.8781,0.0116011,5.31061,0.05269,13.4553,0.00958733,30,2.633,2.549,2026-08-01T02:21:40,9124b27,2.13.0+cu130,gonzalo
8,0.8,20,n3,dr,fixed30,75,1e-07,,,,4,cuda,torch,400,8,,9.35562,0.0973755,16.8781,0.0116011,5.41728,0.0545918,13.4553,0.00958733,30,2.662,2.549,2026-08-01T02:21:40,9124b27,2.13.0+cu130,gonzalo
9,0.2,inf,n3,dr,fixed30,75,1e-07,,,,4,cuda,torch,400,8,,2.86251,0.0290596,5.10647,0.00625156,1.14184,0.0114986,4.26559,0.00622246,30,2.619,2.549,2026-08-01T02:21:40,9124b27,2.13.0+cu130,gonzalo
9,0.2,40,n3,dr,fixed30,75,1e-07,,,,4,cuda,torch,400,8,,3.53007,0.0359724,5.10647,0.00625156,1.64869,0.0166135,4.26559,0.00622246,30,2.683,2.549,2026-08-01T02:21:40,9124b27,2.13.0+cu130,gonzalo
9,0.2,20,n3,dr,fixed30,75,1e-07,,,,4,cuda,torch,400,8,,6.07614,0.0613215,5.10647,0.00625156,3.75029,0.0376611,4.26559,0.00622246,30,2.653,2.549,2026-08-01T02:21:40,9124b27,2.13.0+cu130,gonzalo
9,0.4,inf,n3,dr,fixed30,75,1e-07,,,,4,cuda,torch,400,8,,7.24086,0.0750738,10.3212,0.0156022,3.83181,0.0389786,8.62854,0.0160915,30,2.659,2.549,2026-08-01T02:21:40,9124b27,2.13.0+cu130,gonzalo
9,0.4,40,n3,dr,fixed30,75,1e-07,,,,4,cuda,torch,400,8,,7.80812,0.0807954,10.3212,0.0156022,4.32457,0.0438868,8.62854,0.0160915,30,2.649,2.549,2026-08-01T02:21:40,9124b27,2.13.0+cu130,gonzalo
9,0.4,20,n3,dr,fixed30,75,1e-07,,,,4,cuda,torch,400,8,,8.40508,0.0865421,10.3212,0.0156022,5.03354,0.0508935,8.62854,0.0160915,30,2.628,2.549,2026-08-01T02:21:40,9124b27,2.13.0+cu130,gonzalo
9,0.8,inf,n3,dr,fixed30,75,1e-07,,,,4,cuda,torch,400,8,,11.8794,0.126158,21.0496,0.0420231,6.92263,0.0724077,17.644,0.04379,30,2.639,2.549,2026-08-01T02:21:40,9124b27,2.13.0+cu130,gonzalo
9,0.8,40,n3,dr,fixed30,75,1e-07,,,,4,cuda,torch,400,8,,12.0747,0.128255,21.0496,0.0420231,7.19626,0.0752944,17.644,0.04379,30,2.673,2.549,2026-08-01T02:21:40,9124b27,2.13.0+cu130,gonzalo
9,0.8,20,n3,dr,fixed30,75,1e-07,,,,4,cuda,torch,400,8,,12.2601,0.130231,21.0496,0.0420231,7.47915,0.0782188,17.644,0.04379,30,2.672,2.549,2026-08-01T02:21:40,9124b27,2.13.0+cu130,gonzalo
10,0.2,inf,n3,dr,fixed30,75,1e-07,,,,4,cuda,torch,400,8,,2.1026,0.0207837,4.29961,0.00355008,0.964893,0.00963976,3.72893,0.0032509,30,2.645,2.549,2026-08-01T02:21:40,9124b27,2.13.0+cu130,gonzalo
10,0.2,40,n3,dr,fixed30,75,1e-07,,,,4,cuda,torch,400,8,,2.46113,0.0248606,4.29961,0.00355008,1.47473,0.0148997,3.72893,0.0032509,30,2.67,2.549,2026-08-01T02:21:40,9124b27,2.13.0+cu130,gonzalo
10,0.2,20,n3,dr,fixed30,75,1e-07,,,,4,cuda,torch,400,8,,4.81777,0.0486388,4.29961,0.00355008,3.34953,0.0339033,3.72893,0.0032509,30,2.583,2.549,2026-08-01T02:21:40,9124b27,2.13.0+cu130,gonzalo
10,0.4,inf,n3,dr,fixed30,75,1e-07,,,,4,cuda,torch,400,8,,4.32215,0.0432327,8.6009,0.00686183,2.30845,0.0233979,7.43999,0.00585708,30,2.557,2.549,2026-08-01T02:21:40,9124b27,2.13.0+cu130,gonzalo
10,0.4,40,n3,dr,fixed30,75,1e-07,,,,4,cuda,torch,400,8,,4.72091,0.0478718,8.6009,0.00686183,2.8495,0.0290755,7.43999,0.00585708,30,2.565,2.549,2026-08-01T02:21:40,9124b27,2.13.0+cu130,gonzalo
10,0.4,20,n3,dr,fixed30,75,1e-07,,,,4,cuda,torch,400,8,,6.00453,0.0610991,8.6009,0.00686183,4.02248,0.0410216,7.43999,0.00585708,30,2.561,2.549,2026-08-01T02:21:40,9124b27,2.13.0+cu130,gonzalo
10,0.8,inf,n3,dr,fixed30,75,1e-07,,,,4,cuda,torch,400,8,,9.1897,0.0925167,17.2108,0.0134552,5.09948,0.0522444,14.8099,0.00995171,30,2.545,2.549,2026-08-01T02:21:40,9124b27,2.13.0+cu130,gonzalo
10,0.8,40,n3,dr,fixed30,75,1e-07,,,,4,cuda,torch,400,8,,9.43736,0.0953581,17.2108,0.0134552,5.36476,0.0550263,14.8099,0.00995171,30,2.55,2.549,2026-08-01T02:21:40,9124b27,2.13.0+cu130,gonzalo
10,0.8,20,n3,dr,fixed30,75,1e-07,,,,4,cuda,torch,400,8,,9.73516,0.0986356,17.2108,0.0134552,5.87126,0.0601642,14.8099,0.00995171,30,2.547,2.549,2026-08-01T02:21:40,9124b27,2.13.0+cu130,gonzalo
11,0.2,inf,n3,dr,fixed30,75,1e-07,,,,4,cuda,torch,400,8,,1.44616,0.0143665,4.13092,0.00249512,0.539693,0.00537865,3.25046,0.00198902,30,2.546,2.549,2026-08-01T02:21:40,9124b27,2.13.0+cu130,gonzalo
11,0.2,40,n3,dr,fixed30,75,1e-07,,,,4,cuda,torch,400,8,,1.75799,0.0177365,4.13092,0.00249512,0.916476,0.00921865,3.25046,0.00198902,30,2.551,2.549,2026-08-01T02:21:40,9124b27,2.13.0+cu130,gonzalo
11,0.2,20,n3,dr,fixed30,75,1e-07,,,,4,cuda,torch,400,8,,4.15587,0.0419502,4.13092,0.00249512,2.76612,0.0278428,3.25046,0.00198902,30,2.551,2.549,2026-08-01T02:21:40,9124b27,2.13.0+cu130,gonzalo
11,0.4,inf,n3,dr,fixed30,75,1e-07,,,,4,cuda,torch,400,8,,3.48457,0.0345274,8.14426,0.00511966,1.31374,0.0131187,6.441,0.00393651,30,2.55,2.549,2026-08-01T02:21:40,9124b27,2.13.0+cu130,gonzalo
11,0.4,40,n3,dr,fixed30,75,1e-07,,,,4,cuda,torch,400,8,,3.82394,0.038454,8.14426,0.00511966,1.72163,0.017391,6.441,0.00393651,30,2.55,2.549,2026-08-01T02:21:40,9124b27,2.13.0+cu130,gonzalo
11,0.4,20,n3,dr,fixed30,75,1e-07,,,,4,cuda,torch,400,8,,5.55262,0.0565898,8.14426,0.00511966,3.35206,0.0339078,6.441,0.00393651,30,2.551,2.549,2026-08-01T02:21:40,9124b27,2.13.0+cu130,gonzalo
11,0.8,inf,n3,dr,fixed30,75,1e-07,,,,4,cuda,torch,400,8,,9.00339,0.0907627,15.8344,0.0134185,4.30875,0.0434936,12.6463,0.0103901,30,2.546,2.549,2026-08-01T02:21:40,9124b27,2.13.0+cu130,gonzalo
11,0.8,40,n3,dr,fixed30,75,1e-07,,,,4,cuda,torch,400,8,,9.26227,0.0935675,15.8344,0.0134185,4.60798,0.0465801,12.6463,0.0103901,30,2.548,2.549,2026-08-01T02:21:40,9124b27,2.13.0+cu130,gonzalo
11,0.8,20,n3,dr,fixed30,75,1e-07,,,,4,cuda,torch,400,8,,9.71,0.0987025,15.8344,0.0134185,5.17818,0.0525388,12.6463,0.0103901,30,2.549,2.549,2026-08-01T02:21:40,9124b27,2.13.0+cu130,gonzalo
12,0.2,inf,n3,dr,fixed30,75,1e-07,,,,4,cuda,torch,400,8,,2.29439,0.023453,4.05114,0.00385829,1.09598,0.011072,3.24863,0.00302982,30,2.554,2.549,2026-08-01T02:21:40,9124b27,2.13.0+cu130,gonzalo
12,0.2,40,n3,dr,fixed30,75,1e-07,,,,4,cuda,torch,400,8,,3.26839,0.0334128,4.05114,0.00385829,1.82188,0.0184547,3.24863,0.00302982,30,2.552,2.549,2026-08-01T02:21:40,9124b27,2.13.0+cu130,gonzalo
12,0.2,20,n3,dr,fixed30,75,1e-07,,,,4,cuda,torch,400,8,,5.74375,0.0581509,4.05114,0.00385829,3.72214,0.0376281,3.24863,0.00302982,30,2.553,2.549,2026-08-01T02:21:40,9124b27,2.13.0+cu130,gonzalo
12,0.4,inf,n3,dr,fixed30,75,1e-07,,,,4,cuda,torch,400,8,,4.56333,0.0472018,8.20754,0.00696482,2.25775,0.0229784,6.54936,0.00432617,30,2.551,2.549,2026-08-01T02:21:40,9124b27,2.13.0+cu130,gonzalo
12,0.4,40,n3,dr,fixed30,75,1e-07,,,,4,cuda,torch,400,8,,5.629,0.0580644,8.20754,0.00696482,3.13734,0.0319893,6.54936,0.00432617,30,2.552,2.549,2026-08-01T02:21:40,9124b27,2.13.0+cu130,gonzalo
12,0.4,20,n3,dr,fixed30,75,1e-07,,,,4,cuda,torch,400,8,,7.53323,0.0769934,8.20754,0.00696482,4.65606,0.0473152,6.54936,0.00432617,30,2.56,2.549,2026-08-01T02:21:40,9124b27,2.13.0+cu130,gonzalo
12,0.8,inf,n3,dr,fixed30,75,1e-07,,,,4,cuda,torch,400,8,,9.03196,0.0946692,16.8609,0.0255927,5.01622,0.0518209,13.3153,0.0231804,30,2.548,2.549,2026-08-01T02:21:40,9124b27,2.13.0+cu130,gonzalo
12,0.8,40,n3,dr,fixed30,75,1e-07,,,,4,cuda,torch,400,8,,9.6089,0.100528,16.8609,0.0255927,5.49524,0.0566995,13.3153,0.0231804,30,2.55,2.549,2026-08-01T02:21:40,9124b27,2.13.0+cu130,gonzalo
12,0.8,20,n3,dr,fixed30,75,1e-07,,,,4,cuda,torch,400,8,,10.2067,0.106306,16.8609,0.0255927,6.21575,0.0638919,13.3153,0.0231804,30,2.554,2.549,2026-08-01T02:21:40,9124b27,2.13.0+cu130,gonzalo
13,0.2,inf,n3,dr,fixed30,75,1e-07,,,,4,cuda,torch,400,8,,1.84405,0.0186528,4.05033,0.00298108,0.783311,0.00786721,3.34827,0.0022011,30,2.545,2.549,2026-08-01T02:21:40,9124b27,2.13.0+cu130,gonzalo
13,0.2,40,n3,dr,fixed30,75,1e-07,,,,4,cuda,torch,400,8,,2.57106,0.0261805,4.05033,0.00298108,1.32816,0.0134159,3.34827,0.0022011,30,2.55,2.549,2026-08-01T02:21:40,9124b27,2.13.0+cu130,gonzalo
13,0.2,20,n3,dr,fixed30,75,1e-07,,,,4,cuda,torch,400,8,,5.087,0.0515982,4.05033,0.00298108,3.30446,0.0333122,3.34827,0.0022011,30,2.551,2.549,2026-08-01T02:21:40,9124b27,2.13.0+cu130,gonzalo
13,0.4,inf,n3,dr,fixed30,75,1e-07,,,,4,cuda,torch,400,8,,3.89921,0.0400414,8.10184,0.00584614,1.72813,0.0174985,6.70213,0.00394054,30,2.547,2.549,2026-08-01T02:21:40,9124b27,2.13.0+cu130,gonzalo
13,0.4,40,n3,dr,fixed30,75,1e-07,,,,4,cuda,torch,400,8,,4.57445,0.0472266,8.10184,0.00584614,2.27579,0.0231569,6.70213,0.00394054,30,2.55,2.549,2026-08-01T02:21:40,9124b27,2.13.0+cu130,gonzalo
13,0.4,20,n3,dr,fixed30,75,1e-07,,,,4,cuda,torch,400,8,,6.04648,0.0623277,8.10184,0.00584614,3.64823,0.0370364,6.70213,0.00394054,30,2.553,2.549,2026-08-01T02:21:40,9124b27,2.13.0+cu130,gonzalo
13,0.8,inf,n3,dr,fixed30,75,1e-07,,,,4,cuda,torch,400,8,,8.09166,0.0841,16.2094,0.0131298,4.06689,0.0416435,13.4247,0.00849386,30,2.549,2.549,2026-08-01T02:21:40,9124b27,2.13.0+cu130,gonzalo
13,0.8,40,n3,dr,fixed30,75,1e-07,,,,4,cuda,torch,400,8,,8.38277,0.0871652,16.2094,0.0131298,4.35575,0.0446471,13.4247,0.00849386,30,2.547,2.549,2026-08-01T02:21:40,9124b27,2.13.0+cu130,gonzalo
13,0.8,20,n3,dr,fixed30,75,1e-07,,,,4,cuda,torch,400,8,,8.88951,0.092489,16.2094,0.0131298,4.98414,0.0510767,13.4247,0.00849386,30,2.545,2.549,2026-08-01T02:21:40,9124b27,2.13.0+cu130,gonzalo
14,0.2,inf,n3,dr,fixed30,75,1e-07,,,,4,cuda,torch,400,8,,2.77981,0.0272352,4.54633,0.00229305,1.24391,0.0124238,3.80653,0.00201862,30,2.55,2.549,2026-08-01T02:21:40,9124b27,2.13.0+cu130,gonzalo
14,0.2,40,n3,dr,fixed30,75,1e-07,,,,4,cuda,torch,400,8,,2.87143,0.0287397,4.54633,0.00229305,1.65288,0.0167289,3.80653,0.00201862,30,2.563,2.549,2026-08-01T02:21:40,9124b27,2.13.0+cu130,gonzalo
14,0.2,20,n3,dr,fixed30,75,1e-07,,,,4,cuda,torch,400,8,,4.6078,0.0464014,4.54633,0.00229305,3.29455,0.0333908,3.80653,0.00201862,30,2.615,2.549,2026-08-01T02:21:40,9124b27,2.13.0+cu130,gonzalo
14,0.4,inf,n3,dr,fixed30,75,1e-07,,,,4,cuda,torch,400,8,,5.57742,0.0550545,9.00622,0.00476783,2.76439,0.0280067,7.57758,0.00421876,30,2.664,2.549,2026-08-01T02:21:40,9124b27,2.13.0+cu130,gonzalo
14,0.4,40,n3,dr,fixed30,75,1e-07,,,,4,cuda,torch,400,8,,5.59938,0.0560145,9.00622,0.00476783,3.12245,0.0319289,7.57758,0.00421876,30,2.61,2.549,2026-08-01T02:21:40,9124b27,2.13.0+cu130,gonzalo
14,0.4,20,n3,dr,fixed30,75,1e-07,,,,4,cuda,torch,400,8,,6.22803,0.0629857,9.00622,0.00476783,4.12278,0.0421964,7.57758,0.00421876,30,2.648,2.549,2026-08-01T02:21:40,9124b27,2.13.0+cu130,gonzalo
14,0.8,inf,n3,dr,fixed30,75,1e-07,,,,4,cuda,torch,400,8,,10.6244,0.102826,17.6734,0.013065,5.36304,0.0544219,15.0144,0.012035,30,2.679,2.549,2026-08-01T02:21:40,9124b27,2.13.0+cu130,gonzalo
14,0.8,40,n3,dr,fixed30,75,1e-07,,,,4,cuda,torch,400,8,,10.7557,0.104876,17.6734,0.013065,5.58752,0.0570253,15.0144,0.012035,30,2.683,2.549,2026-08-01T02:21:40,9124b27,2.13.0+cu130,gonzalo
14,0.8,20,n3,dr,fixed30,75,1e-07,,,,4,cuda,torch,400,8,,10.8965,0.107343,17.6734,0.013065,6.05054,0.0619514,15.0144,0.012035,30,2.705,2.549,2026-08-01T02:21:40,9124b27,2.13.0+cu130,gonzalo
15,0.2,inf,n3,dr,fixed30,75,1e-07,,,,4,cuda,torch,400,8,,2.25254,0.023175,3.96115,0.00276719,0.983738,0.00992344,3.37665,0.00160738,30,2.842,2.549,2026-08-01T02:21:40,9124b27,2.13.0+cu130,gonzalo
15,0.2,40,n3,dr,fixed30,75,1e-07,,,,4,cuda,torch,400,8,,3.02475,0.0311371,3.96115,0.00276719,1.46924,0.014852,3.37665,0.00160738,30,2.788,2.549,2026-08-01T02:21:40,9124b27,2.13.0+cu130,gonzalo
15,0.2,20,n3,dr,fixed30,75,1e-07,,,,4,cuda,torch,400,8,,5.56625,0.0566439,3.96115,0.00276719,3.37414,0.0339836,3.37665,0.00160738,30,2.647,2.549,2026-08-01T02:21:40,9124b27,2.13.0+cu130,gonzalo
15,0.4,inf,n3,dr,fixed30,75,1e-07,,,,4,cuda,torch,400,8,,4.2098,0.0439761,8.11356,0.00647506,1.9323,0.0196291,6.86777,0.00395029,30,2.632,2.549,2026-08-01T02:21:40,9124b27,2.13.0+cu130,gonzalo
15,0.4,40,n3,dr,fixed30,75,1e-07,,,,4,cuda,torch,400,8,,4.87437,0.0508596,8.11356,0.00647506,2.38831,0.0242938,6.86777,0.00395029,30,2.741,2.549,2026-08-01T02:21:40,9124b27,2.13.0+cu130,gonzalo
15,0.4,20,n3,dr,fixed30,75,1e-07,,,,4,cuda,torch,400,8,,6.84999,0.0706873,8.11356,0.00647506,3.96495,0.0400892,6.86777,0.00395029,30,2.742,2.549,2026-08-01T02:21:40,9124b27,2.13.0+cu130,gonzalo
15,0.8,inf,n3,dr,fixed30,75,1e-07,,,,4,cuda,torch,400,8,,8.78933,0.0944443,17.0432,0.0238363,4.51134,0.0466015,14.2117,0.0218891,30,2.721,2.549,2026-08-01T02:21:40,9124b27,2.13.0+cu130,gonzalo
15,0.8,40,n3,dr,fixed30,75,1e-07,,,,4,cuda,torch,400,8,,9.20639,0.098553,17.0432,0.0238363,4.92819,0.050777,14.2117,0.0218891,30,2.588,2.549,2026-08-01T02:21:40,9124b27,2.13.0+cu130,gonzalo
15,0.8,20,n3,dr,fixed30,75,1e-07,,,,4,cuda,torch,400,8,,9.72,0.103377,17.0432,0.0238363,5.65289,0.0580218,14.2117,0.0218891,30,2.55,2.549,2026-08-01T02:21:40,9124b27,2.13.0+cu130,gonzalo
16,0.2,inf,n3,dr,fixed30,75,1e-07,,,,4,cuda,torch,400,8,,2.40494,0.0244941,3.66474,0.00796446,1.20994,0.0122049,2.81934,0.00685194,30,2.554,2.549,2026-08-01T02:21:40,9124b27,2.13.0+cu130,gonzalo
16,0.2,40,n3,dr,fixed30,75,1e-07,,,,4,cuda,torch,400,8,,3.6556,0.0371127,3.66474,0.00796446,2.08413,0.0210502,2.81934,0.00685194,30,2.553,2.549,2026-08-01T02:21:40,9124b27,2.13.0+cu130,gonzalo
16,0.2,20,n3,dr,fixed30,75,1e-07,,,,4,cuda,torch,400,8,,6.71235,0.0675068,3.66474,0.00796446,4.23629,0.0426346,2.81934,0.00685194,30,2.563,2.549,2026-08-01T02:21:40,9124b27,2.13.0+cu130,gonzalo
16,0.4,inf,n3,dr,fixed30,75,1e-07,,,,4,cuda,torch,400,8,,5.60643,0.0571624,7.39708,0.0132142,2.93503,0.0297109,5.67719,0.00875658,30,2.553,2.549,2026-08-01T02:21:40,9124b27,2.13.0+cu130,gonzalo
16,0.4,40,n3,dr,fixed30,75,1e-07,,,,4,cuda,torch,400,8,,7.10276,0.0721448,7.39708,0.0132142,3.98984,0.0403719,5.67719,0.00875658,30,2.55,2.549,2026-08-01T02:21:40,9124b27,2.13.0+cu130,gonzalo
16,0.4,20,n3,dr,fixed30,75,1e-07,,,,4,cuda,torch,400,8,,8.9962,0.0907805,7.39708,0.0132142,5.43704,0.0547577,5.67719,0.00875658,30,2.559,2.549,2026-08-01T02:21:40,9124b27,2.13.0+cu130,gonzalo
16,0.8,inf,n3,dr,fixed30,75,1e-07,,,,4,cuda,torch,400,8,,10.8209,0.111584,15.0828,0.0675446,5.73862,0.0583824,11.5137,0.0726314,30,2.556,2.549,2026-08-01T02:21:40,9124b27,2.13.0+cu130,gonzalo
16,0.8,40,n3,dr,fixed30,75,1e-07,,,,4,cuda,torch,400,8,,11.3321,0.116701,15.0828,0.0675446,6.16111,0.0626586,11.5137,0.0726314,30,2.551,2.549,2026-08-01T02:21:40,9124b27,2.13.0+cu130,gonzalo
16,0.8,20,n3,dr,fixed30,75,1e-07,,,,4,cuda,torch,400,8,,11.7641,0.120782,15.0828,0.0675446,6.7115,0.0680842,11.5137,0.0726314,30,2.557,2.549,2026-08-01T02:21:40,9124b27,2.13.0+cu130,gonzalo
17,0.2,inf,n3,dr,fixed30,75,1e-07,,,,4,cuda,torch,400,8,,2.54363,0.0256597,4.52768,0.00280336,0.970156,0.00974537,3.90114,0.00269,30,2.547,2.549,2026-08-01T02:21:40,9124b27,2.13.0+cu130,gonzalo
17,0.2,40,n3,dr,fixed30,75,1e-07,,,,4,cuda,torch,400,8,,2.99066,0.0304566,4.52768,0.00280336,1.3235,0.01335,3.90114,0.00269,30,2.521,2.549,2026-08-01T02:21:40,9124b27,2.13.0+cu130,gonzalo
17,0.2,20,n3,dr,fixed30,75,1e-07,,,,4,cuda,torch,400,8,,5.31945,0.0538118,4.52768,0.00280336,3.22752,0.0324324,3.90114,0.00269,30,2.604,2.549,2026-08-01T02:21:40,9124b27,2.13.0+cu130,gonzalo
17,0.4,inf,n3,dr,fixed30,75,1e-07,,,,4,cuda,torch,400,8,,5.60351,0.057744,9.08495,0.00610093,2.37538,0.0241782,7.84108,0.00587901,30,2.588,2.549,2026-08-01T02:21:40,9124b27,2.13.0+cu130,gonzalo
17,0.4,40,n3,dr,fixed30,75,1e-07,,,,4,cuda,torch,400,8,,6.0885,0.0629034,9.08495,0.00610093,2.82689,0.0287579,7.84108,0.00587901,30,2.656,2.549,2026-08-01T02:21:40,9124b27,2.13.0+cu130,gonzalo
17,0.4,20,n3,dr,fixed30,75,1e-07,,,,4,cuda,torch,400,8,,7.21526,0.0743249,9.08495,0.00610093,3.95982,0.0400957,7.84108,0.00587901,30,2.658,2.549,2026-08-01T02:21:40,9124b27,2.13.0+cu130,gonzalo
17,0.8,inf,n3,dr,fixed30,75,1e-07,,,,4,cuda,torch,400,8,,10.8323,0.113126,18.2849,0.0144151,5.81506,0.0603726,15.8389,0.0138501,30,2.593,2.549,2026-08-01T02:21:40,9124b27,2.13.0+cu130,gonzalo
17,0.8,40,n3,dr,fixed30,75,1e-07,,,,4,cuda,torch,400,8,,11.1554,0.116509,18.2849,0.0144151,6.1408,0.0637956,15.8389,0.0138501,30,2.576,2.549,2026-08-01T02:21:40,9124b27,2.13.0+cu130,gonzalo
17,0.8,20,n3,dr,fixed30,75,1e-07,,,,4,cuda,torch,400,8,,11.2441,0.117315,18.2849,0.0144151,6.42428,0.0666878,15.8389,0.0138501,30,2.57,2.549,2026-08-01T02:21:40,9124b27,2.13.0+cu130,gonzalo
18,0.2,inf,n3,dr,fixed30,75,1e-07,,,,4,cuda,torch,400,8,,2.65528,0.0269633,5.15763,0.00307719,1.37717,0.0139501,4.52636,0.00241444,30,2.577,2.549,2026-08-01T02:21:40,9124b27,2.13.0+cu130,gonzalo
18,0.2,40,n3,dr,fixed30,75,1e-07,,,,4,cuda,torch,400,8,,3.4514,0.035323,5.15763,0.00307719,2.04129,0.020772,4.52636,0.00241444,30,2.633,2.549,2026-08-01T02:21:40,9124b27,2.13.0+cu130,gonzalo
18,0.2,20,n3,dr,fixed30,75,1e-07,,,,4,cuda,torch,400,8,,5.49172,0.0558128,5.15763,0.00307719,3.64946,0.0370535,4.52636,0.00241444,30,2.661,2.549,2026-08-01T02:21:40,9124b27,2.13.0+cu130,gonzalo
18,0.4,inf,n3,dr,fixed30,75,1e-07,,,,4,cuda,torch,400,8,,5.56891,0.0574461,10.3687,0.00724825,3.22269,0.0331302,9.07604,0.00658691,30,2.639,2.549,2026-08-01T02:21:40,9124b27,2.13.0+cu130,gonzalo
18,0.4,40,n3,dr,fixed30,75,1e-07,,,,4,cuda,torch,400,8,,5.95739,0.0616007,10.3687,0.00724825,3.58586,0.0368766,9.07604,0.00658691,30,2.635,2.549,2026-08-01T02:21:40,9124b27,2.13.0+cu130,gonzalo
18,0.4,20,n3,dr,fixed30,75,1e-07,,,,4,cuda,torch,400,8,,6.93825,0.0714853,10.3687,0.00724825,4.46332,0.0457312,9.07604,0.00658691,30,2.726,2.549,2026-08-01T02:21:40,9124b27,2.13.0+cu130,gonzalo
18,0.8,inf,n3,dr,fixed30,75,1e-07,,,,4,cuda,torch,400,8,,10.1055,0.104103,20.9244,0.0206634,5.98661,0.0619261,18.2309,0.0207934,30,2.718,2.549,2026-08-01T02:21:40,9124b27,2.13.0+cu130,gonzalo
18,0.8,40,n3,dr,fixed30,75,1e-07,,,,4,cuda,torch,400,8,,10.3283,0.10667,20.9244,0.0206634,6.23463,0.064541,18.2309,0.0207934,30,2.653,2.549,2026-08-01T02:21:40,9124b27,2.13.0+cu130,gonzalo
18,0.8,20,n3,dr,fixed30,75,1e-07,,,,4,cuda,torch,400,8,,10.6427,0.110014,20.9244,0.0206634,6.74094,0.0697278,18.2309,0.0207934,30,2.655,2.549,2026-08-01T02:21:40,9124b27,2.13.0+cu130,gonzalo
19,0.2,inf,n3,dr,fixed30,75,1e-07,,,,4,cuda,torch,400,8,,2.08705,0.020949,3.8229,0.0022607,0.891956,0.008953,2.77565,0.00157815,30,2.661,2.549,2026-08-01T02:21:40,9124b27,2.13.0+cu130,gonzalo
19,0.2,40,n3,dr,fixed30,75,1e-07,,,,4,cuda,torch,400,8,,2.98556,0.0302103,3.8229,0.0022607,1.56533,0.0157677,2.77565,0.00157815,30,2.666,2.549,2026-08-01T02:21:40,9124b27,2.13.0+cu130,gonzalo
19,0.2,20,n3,dr,fixed30,75,1e-07,,,,4,cuda,torch,400,8,,5.8566,0.0588262,3.8229,0.0022607,3.72534,0.0374683,2.77565,0.00157815,30,2.632,2.549,2026-08-01T02:21:40,9124b27,2.13.0+cu130,gonzalo
19,0.4,inf,n3,dr,fixed30,75,1e-07,,,,4,cuda,torch,400,8,,4.96344,0.0504662,7.67324,0.00451552,2.24785,0.0227442,5.55738,0.00264871,30,2.621,2.549,2026-08-01T02:21:40,9124b27,2.13.0+cu130,gonzalo
19,0.4,40,n3,dr,fixed30,75,1e-07,,,,4,cuda,torch,400,8,,5.88691,0.0600641,7.67324,0.00451552,3.01863,0.0305753,5.55738,0.00264871,30,2.661,2.549,2026-08-01T02:21:40,9124b27,2.13.0+cu130,gonzalo
19,0.4,20,n3,dr,fixed30,75,1e-07,,,,4,cuda,torch,400,8,,7.82372,0.0793678,7.67324,0.00451552,4.71682,0.0475965,5.55738,0.00264871,30,2.613,2.549,2026-08-01T02:21:40,9124b27,2.13.0+cu130,gonzalo
19,0.8,inf,n3,dr,fixed30,75,1e-07,,,,4,cuda,torch,400,8,,10.1265,0.104668,15.4667,0.011094,5.09913,0.052145,11.1436,0.00715677,30,2.675,2.549,2026-08-01T02:21:40,9124b27,2.13.0+cu130,gonzalo
19,0.8,40,n3,dr,fixed30,75,1e-07,,,,4,cuda,torch,400,8,,10.5394,0.108962,15.4667,0.011094,5.47227,0.0559546,11.1436,0.00715677,30,2.674,2.549,2026-08-01T02:21:40,9124b27,2.13.0+cu130,gonzalo
19,0.8,20,n3,dr,fixed30,75,1e-07,,,,4,cuda,torch,400,8,,10.8311,0.111899,15.4667,0.011094,5.94631,0.0606854,11.1436,0.00715677,30,2.691,2.549,2026-08-01T02:21:40,9124b27,2.13.0+cu130,gonzalo
20,0.2,inf,n3,dr,fixed30,75,1e-07,,,,4,cuda,torch,400,8,,1.71703,0.0172516,4.05967,0.00161096,0.792801,0.007908,3.20244,0.00122338,30,2.705,2.549,2026-08-01T02:21:40,9124b27,2.13.0+cu130,gonzalo
20,0.2,40,n3,dr,fixed30,75,1e-07,,,,4,cuda,torch,400,8,,2.17872,0.0221778,4.05967,0.00161096,1.04651,0.0105407,3.20244,0.00122338,30,2.697,2.549,2026-08-01T02:21:40,9124b27,2.13.0+cu130,gonzalo
20,0.2,20,n3,dr,fixed30,75,1e-07,,,,4,cuda,torch,400,8,,4.33809,0.0440222,4.05967,0.00161096,2.78741,0.0280178,3.20244,0.00122338,30,2.663,2.549,2026-08-01T02:21:40,9124b27,2.13.0+cu130,gonzalo
20,0.4,inf,n3,dr,fixed30,75,1e-07,,,,4,cuda,torch,400,8,,3.5995,0.0363638,8.08774,0.00323588,1.60937,0.016052,6.39393,0.00239086,30,2.799,2.549,2026-08-01T02:21:40,9124b27,2.13.0+cu130,gonzalo
20,0.4,40,n3,dr,fixed30,75,1e-07,,,,4,cuda,torch,400,8,,3.8687,0.0395723,8.08774,0.00323588,1.75116,0.0176523,6.39393,0.00239086,30,2.672,2.549,2026-08-01T02:21:40,9124b27,2.13.0+cu130,gonzalo
20,0.4,20,n3,dr,fixed30,75,1e-07,,,,4,cuda,torch,400,8,,5.13755,0.0529824,8.08774,0.00323588,2.90121,0.029337,6.39393,0.00239086,30,2.78,2.549,2026-08-01T02:21:40,9124b27,2.13.0+cu130,gonzalo
20,0.8,inf,n3,dr,fixed30,75,1e-07,,,,4,cuda,torch,400,8,,8.0994,0.0819621,16.0583,0.00740932,3.82736,0.0381266,12.7456,0.00577228,30,2.716,2.549,2026-08-01T02:21:40,9124b27,2.13.0+cu130,gonzalo
20,0.8,40,n3,dr,fixed30,75,1e-07,,,,4,cuda,torch,400,8,,8.35019,0.0851207,16.0583,0.00740932,4.00877,0.0402117,12.7456,0.00577228,30,2.71,2.549,2026-08-01T02:21:40,9124b27,2.13.0+cu130,gonzalo
20,0.8,20,n3,dr,fixed30,75,1e-07,,,,4,cuda,torch,400,8,,8.9557,0.092462,16.0583,0.00740932,4.54005,0.0460226,12.7456,0.00577228,30,2.693,2.549,2026-08-01T02:21:40,9124b27,2.13.0+cu130,gonzalo
21,0.2,inf,n3,dr,fixed30,75,1e-07,,,,4,cuda,torch,400,8,,1.47628,0.0148678,2.99698,0.00354402,0.796728,0.00801874,2.17704,0.00279842,30,2.812,2.549,2026-08-01T02:21:40,9124b27,2.13.0+cu130,gonzalo
21,0.2,40,n3,dr,fixed30,75,1e-07,,,,4,cuda,torch,400,8,,2.32604,0.0234981,2.99698,0.00354402,1.54946,0.0156536,2.17704,0.00279842,30,2.716,2.549,2026-08-01T02:21:40,9124b27,2.13.0+cu130,gonzalo
21,0.2,20,n3,dr,fixed30,75,1e-07,,,,4,cuda,torch,400,8,,5.90557,0.0591234,2.99698,0.00354402,4.02238,0.0405364,2.17704,0.00279842,30,2.744,2.549,2026-08-01T02:21:40,9124b27,2.13.0+cu130,gonzalo
21,0.4,inf,n3,dr,fixed30,75,1e-07,,,,4,cuda,torch,400,8,,3.14377,0.0318373,6.09176,0.00632177,1.78142,0.01806,4.3992,0.00399114,30,2.883,2.549,2026-08-01T02:21:40,9124b27,2.13.0+cu130,gonzalo
21,0.4,40,n3,dr,fixed30,75,1e-07,,,,4,cuda,torch,400,8,,4.40671,0.0446951,6.09176,0.00632177,2.7689,0.0281601,4.3992,0.00399114,30,2.967,2.549,2026-08-01T02:21:40,9124b27,2.13.0+cu130,gonzalo
21,0.4,20,n3,dr,fixed30,75,1e-07,,,,4,cuda,torch,400,8,,7.15543,0.0720102,6.09176,0.00632177,4.65735,0.0471214,4.3992,0.00399114,30,2.841,2.549,2026-08-01T02:21:40,9124b27,2.13.0+cu130,gonzalo
21,0.8,inf,n3,dr,fixed30,75,1e-07,,,,4,cuda,torch,400,8,,7.55147,0.0776148,12.6107,0.0246048,4.16913,0.0427734,8.99035,0.0232216,30,2.704,2.549,2026-08-01T02:21:40,9124b27,2.13.0+cu130,gonzalo
21,0.8,40,n3,dr,fixed30,75,1e-07,,,,4,cuda,torch,400,8,,8.23986,0.0846972,12.6107,0.0246048,4.70265,0.0481904,8.99035,0.0232216,30,2.79,2.549,2026-08-01T02:21:40,9124b27,2.13.0+cu130,gonzalo
21,0.8,20,n3,dr,fixed30,75,1e-07,,,,4,cuda,torch,400,8,,9.17668,0.0939606,12.6107,0.0246048,5.58848,0.0569842,8.99035,0.0232216,30,2.687,2.549,2026-08-01T02:21:40,9124b27,2.13.0+cu130,gonzalo
22,0.2,inf,n3,dr,fixed30,75,1e-07,,,,4,cuda,torch,400,8,,1.72409,0.0173699,3.23231,0.0019604,0.852436,0.00860561,2.40248,0.00166794,30,2.95,2.549,2026-08-01T02:21:40,9124b27,2.13.0+cu130,gonzalo
22,0.2,40,n3,dr,fixed30,75,1e-07,,,,4,cuda,torch,400,8,,2.37586,0.0241919,3.23231,0.0019604,1.44497,0.0146593,2.40248,0.00166794,30,2.688,2.549,2026-08-01T02:21:40,9124b27,2.13.0+cu130,gonzalo
22,0.2,20,n3,dr,fixed30,75,1e-07,,,,4,cuda,torch,400,8,,5.74401,0.0578898,3.23231,0.0019604,3.81904,0.0385714,2.40248,0.00166794,30,2.718,2.549,2026-08-01T02:21:40,9124b27,2.13.0+cu130,gonzalo
22,0.4,inf,n3,dr,fixed30,75,1e-07,,,,4,cuda,torch,400,8,,3.68268,0.0377887,6.56999,0.00387989,1.90805,0.0195314,4.853,0.00319601,30,2.82,2.549,2026-08-01T02:21:40,9124b27,2.13.0+cu130,gonzalo
22,0.4,40,n3,dr,fixed30,75,1e-07,,,,4,cuda,torch,400,8,,4.20084,0.0432849,6.56999,0.00387989,2.44703,0.0250801,4.853,0.00319601,30,2.718,2.549,2026-08-01T02:21:40,9124b27,2.13.0+cu130,gonzalo
22,0.4,20,n3,dr,fixed30,75,1e-07,,,,4,cuda,torch,400,8,,6.06421,0.0616962,6.56999,0.00387989,3.97183,0.0404029,4.853,0.00319601,30,2.678,2.549,2026-08-01T02:21:40,9124b27,2.13.0+cu130,gonzalo
22,0.8,inf,n3,dr,fixed30,75,1e-07,,,,4,cuda,torch,400,8,,6.59386,0.0678738,13.5922,0.00800466,3.45731,0.0356424,9.90884,0.00624201,30,2.922,2.549,2026-08-01T02:21:40,9124b27,2.13.0+cu130,gonzalo
22,0.8,40,n3,dr,fixed30,75,1e-07,,,,4,cuda,torch,400,8,,7.03082,0.0727589,13.5922,0.00800466,3.90907,0.04035,9.90884,0.00624201,30,2.943,2.549,2026-08-01T02:21:40,9124b27,2.13.0+cu130,gonzalo
22,0.8,20,n3,dr,fixed30,75,1e-07,,,,4,cuda,torch,400,8,,7.95917,0.0825253,13.5922,0.00800466,4.81751,0.0495849,9.90884,0.00624201,30,2.863,2.549,2026-08-01T02:21:40,9124b27,2.13.0+cu130,gonzalo
23,0.2,inf,n3,dr,fixed30,75,1e-07,,,,4,cuda,torch,400,8,,2.47885,0.0248629,4.45267,0.00142494,1.01947,0.0102319,3.63387,0.000984382,30,2.859,2.549,2026-08-01T02:21:40,9124b27,2.13.0+cu130,gonzalo
23,0.2,40,n3,dr,fixed30,75,1e-07,,,,4,cuda,torch,400,8,,3.25507,0.0330161,4.45267,0.00142494,1.65961,0.0167403,3.63387,0.000984382,30,2.923,2.549,2026-08-01T02:21:40,9124b27,2.13.0+cu130,gonzalo
23,0.2,20,n3,dr,fixed30,75,1e-07,,,,4,cuda,torch,400,8,,5.69592,0.0573761,4.45267,0.00142494,3.5737,0.035956,3.63387,0.000984382,30,2.752,2.549,2026-08-01T02:21:40,9124b27,2.13.0+cu130,gonzalo
23,0.4,inf,n3,dr,fixed30,75,1e-07,,,,4,cuda,torch,400,8,,5.9444,0.0607374,8.909,0.00317018,2.72954,0.0277011,7.26901,0.00242193,30,2.787,2.549,2026-08-01T02:21:40,9124b27,2.13.0+cu130,gonzalo
23,0.4,40,n3,dr,fixed30,75,1e-07,,,,4,cuda,torch,400,8,,6.44498,0.0660413,8.909,0.00317018,3.24606,0.0329599,7.26901,0.00242193,30,2.766,2.549,2026-08-01T02:21:40,9124b27,2.13.0+cu130,gonzalo
23,0.4,20,n3,dr,fixed30,75,1e-07,,,,4,cuda,torch,400,8,,7.38505,0.0755297,8.909,0.00317018,4.28646,0.0433962,7.26901,0.00242193,30,2.757,2.549,2026-08-01T02:21:40,9124b27,2.13.0+cu130,gonzalo
23,0.8,inf,n3,dr,fixed30,75,1e-07,,,,4,cuda,torch,400,8,,10.4827,0.107665,17.8293,0.00865756,5.16752,0.0528846,14.5424,0.00789459,30,2.749,2.549,2026-08-01T02:21:40,9124b27,2.13.0+cu130,gonzalo
23,0.8,40,n3,dr,fixed30,75,1e-07,,,,4,cuda,torch,400,8,,10.7747,0.110891,17.8293,0.00865756,5.44791,0.0557669,14.5424,0.00789459,30,2.643,2.549,2026-08-01T02:21:40,9124b27,2.13.0+cu130,gonzalo
23,0.8,20,n3,dr,fixed30,75,1e-07,,,,4,cuda,torch,400,8,,11.0582,0.113866,17.8293,0.00865756,5.98268,0.0611958,14.5424,0.00789459,30,2.666,2.549,2026-08-01T02:21:40,9124b27,2.13.0+cu130,gonzalo
24,0.2,inf,n3,dr,fixed30,75,1e-07,,,,4,cuda,torch,400,8,,2.21329,0.0223003,4.09319,0.0015522,1.08514,0.0108251,3.49858,0.00108856,30,2.685,2.549,2026-08-01T02:21:40,9124b27,2.13.0+cu130,gonzalo
24,0.2,40,n3,dr,fixed30,75,1e-07,,,,4,cuda,torch,400,8,,2.45289,0.0250109,4.09319,0.0015522,1.13447,0.011431,3.49858,0.00108856,30,2.755,2.549,2026-08-01T02:21:40,9124b27,2.13.0+cu130,gonzalo
24,0.2,20,n3,dr,fixed30,75,1e-07,,,,4,cuda,torch,400,8,,4.7421,0.0481076,4.09319,0.0015522,2.92106,0.0293385,3.49858,0.00108856,30,2.727,2.549,2026-08-01T02:21:40,9124b27,2.13.0+cu130,gonzalo
24,0.4,inf,n3,dr,fixed30,75,1e-07,,,,4,cuda,torch,400,8,,4.40093,0.0444824,8.21065,0.00315183,2.30183,0.0229122,6.99524,0.0022412,30,2.8,2.549,2026-08-01T02:21:40,9124b27,2.13.0+cu130,gonzalo
24,0.4,40,n3,dr,fixed30,75,1e-07,,,,4,cuda,torch,400,8,,4.49211,0.0459371,8.21065,0.00315183,2.18928,0.0220579,6.99524,0.0022412,30,2.661,2.549,2026-08-01T02:21:40,9124b27,2.13.0+cu130,gonzalo
24,0.4,20,n3,dr,fixed30,75,1e-07,,,,4,cuda,torch,400,8,,5.97895,0.0618432,8.21065,0.00315183,3.29328,0.0333925,6.99524,0.0022412,30,2.628,2.549,2026-08-01T02:21:40,9124b27,2.13.0+cu130,gonzalo
24,0.8,inf,n3,dr,fixed30,75,1e-07,,,,4,cuda,torch,400,8,,8.912,0.0924534,16.5234,0.00707051,5.07912,0.0509977,13.9835,0.00517041,30,2.737,2.549,2026-08-01T02:21:40,9124b27,2.13.0+cu130,gonzalo
24,0.8,40,n3,dr,fixed30,75,1e-07,,,,4,cuda,torch,400,8,,9.0034,0.0941669,16.5234,0.00707051,4.95554,0.0502126,13.9835,0.00517041,30,2.647,2.549,2026-08-01T02:21:40,9124b27,2.13.0+cu130,gonzalo
24,0.8,20,n3,dr,fixed30,75,1e-07,,,,4,cuda,torch,400,8,,9.31309,0.0983543,16.5234,0.00707051,5.10873,0.0524193,13.9835,0.00517041,30,2.774,2.549,2026-08-01T02:21:40,9124b27,2.13.0+cu130,gonzalo
25,0.2,inf,n3,dr,fixed30,75,1e-07,,,,4,cuda,torch,400,8,,2.45332,0.0251993,4.60232,0.005527,1.05413,0.0106501,3.76495,0.00482561,30,2.724,2.549,2026-08-01T02:21:40,9124b27,2.13.0+cu130,gonzalo
25,0.2,40,n3,dr,fixed30,75,1e-07,,,,4,cuda,torch,400,8,,3.20391,0.0328695,4.60232,0.005527,1.64324,0.016614,3.76495,0.00482561,30,2.82,2.549,2026-08-01T02:21:40,9124b27,2.13.0+cu130,gonzalo
25,0.2,20,n3,dr,fixed30,75,1e-07,,,,4,cuda,torch,400,8,,5.84737,0.0592631,4.60232,0.005527,3.66752,0.0369225,3.76495,0.00482561,30,2.841,2.549,2026-08-01T02:21:40,9124b27,2.13.0+cu130,gonzalo
25,0.4,inf,n3,dr,fixed30,75,1e-07,,,,4,cuda,torch,400,8,,4.93814,0.0511797,9.22679,0.0116042,2.28993,0.0232809,7.54506,0.00962142,30,2.777,2.549,2026-08-01T02:21:40,9124b27,2.13.0+cu130,gonzalo
25,0.4,40,n3,dr,fixed30,75,1e-07,,,,4,cuda,torch,400,8,,5.98386,0.0619065,9.22679,0.0116042,3.13964,0.0319007,7.54506,0.00962142,30,2.73,2.549,2026-08-01T02:21:40,9124b27,2.13.0+cu130,gonzalo
25,0.4,20,n3,dr,fixed30,75,1e-07,,,,4,cuda,torch,400,8,,7.88297,0.0809663,9.22679,0.0116042,4.70463,0.0475336,7.54506,0.00962142,30,2.72,2.549,2026-08-01T02:21:40,9124b27,2.13.0+cu130,gonzalo
25,0.8,inf,n3,dr,fixed30,75,1e-07,,,,4,cuda,torch,400,8,,11.0617,0.117117,18.5363,0.0314152,5.70056,0.0585553,15.1497,0.0286051,30,2.788,2.549,2026-08-01T02:21:40,9124b27,2.13.0+cu130,gonzalo
25,0.8,40,n3,dr,fixed30,75,1e-07,,,,4,cuda,torch,400,8,,11.326,0.119769,18.5363,0.0314152,6.0007,0.0616095,15.1497,0.0286051,30,2.731,2.549,2026-08-01T02:21:40,9124b27,2.13.0+cu130,gonzalo
25,0.8,20,n3,dr,fixed30,75,1e-07,,,,4,cuda,torch,400,8,,11.6045,0.122327,18.5363,0.0314152,6.5263,0.0669032,15.1497,0.0286051,30,2.739,2.549,2026-08-01T02:21:40,9124b27,2.13.0+cu130,gonzalo
26,0.2,inf,n3,dr,fixed30,75,1e-07,,,,4,cuda,torch,400,8,,2.73084,0.027688,4.8888,0.00266175,1.03936,0.010463,3.92603,0.00246923,30,2.692,2.549,2026-08-01T02:21:40,9124b27,2.13.0+cu130,gonzalo
26,0.2,40,n3,dr,fixed30,75,1e-07,,,,4,cuda,torch,400,8,,3.36955,0.0343403,4.8888,0.00266175,1.52627,0.0153741,3.92603,0.00246923,30,2.569,2.549,2026-08-01T02:21:40,9124b27,2.13.0+cu130,gonzalo
26,0.2,20,n3,dr,fixed30,75,1e-07,,,,4,cuda,torch,400,8,,5.74324,0.0580314,4.8888,0.00266175,3.47235,0.0348887,3.92603,0.00246923,30,2.571,2.549,2026-08-01T02:21:40,9124b27,2.13.0+cu130,gonzalo
26,0.4,inf,n3,dr,fixed30,75,1e-07,,,,4,cuda,torch,400,8,,6.56037,0.0681249,9.8941,0.00627185,3.01918,0.0307744,7.942,0.00602147,30,2.567,2.549,2026-08-01T02:21:40,9124b27,2.13.0+cu130,gonzalo
26,0.4,40,n3,dr,fixed30,75,1e-07,,,,4,cuda,torch,400,8,,7.14521,0.0741759,9.8941,0.00627185,3.56271,0.0362027,7.942,0.00602147,30,2.569,2.549,2026-08-01T02:21:40,9124b27,2.13.0+cu130,gonzalo
26,0.4,20,n3,dr,fixed30,75,1e-07,,,,4,cuda,torch,400,8,,7.99128,0.0824703,9.8941,0.00627185,4.53958,0.045933,7.942,0.00602147,30,2.577,2.549,2026-08-01T02:21:40,9124b27,2.13.0+cu130,gonzalo
26,0.8,inf,n3,dr,fixed30,75,1e-07,,,,4,cuda,torch,400,8,,11.306,0.119992,20.2417,0.015415,5.97465,0.0624005,16.2476,0.014669,30,2.563,2.549,2026-08-01T02:21:40,9124b27,2.13.0+cu130,gonzalo
26,0.8,40,n3,dr,fixed30,75,1e-07,,,,4,cuda,torch,400,8,,11.5363,0.122538,20.2417,0.015415,6.28925,0.0656571,16.2476,0.014669,30,2.563,2.549,2026-08-01T02:21:40,9124b27,2.13.0+cu130,gonzalo
26,0.8,20,n3,dr,fixed30,75,1e-07,,,,4,cuda,torch,400,8,,11.724,0.124483,20.2417,0.015415,6.65476,0.0693762,16.2476,0.014669,30,2.575,2.549,2026-08-01T02:21:40,9124b27,2.13.0+cu130,gonzalo
27,0.2,inf,n3,dr,fixed30,75,1e-07,,,,4,cuda,torch,400,8,,2.16225,0.0219342,4.2001,0.00139402,0.927946,0.00933847,3.44453,0.0012916,30,2.602,2.549,2026-08-01T02:21:40,9124b27,2.13.0+cu130,gonzalo
27,0.2,40,n3,dr,fixed30,75,1e-07,,,,4,cuda,torch,400,8,,3.10839,0.0317124,4.2001,0.00139402,1.52426,0.0153993,3.44453,0.0012916,30,2.565,2.549,2026-08-01T02:21:40,9124b27,2.13.0+cu130,gonzalo
27,0.2,20,n3,dr,fixed30,75,1e-07,,,,4,cuda,torch,400,8,,5.853,0.0592095,4.2001,0.00139402,3.52391,0.0354239,3.44453,0.0012916,30,2.575,2.549,2026-08-01T02:21:40,9124b27,2.13.0+cu130,gonzalo
27,0.4,inf,n3,dr,fixed30,75,1e-07,,,,4,cuda,torch,400,8,,4.79181,0.0493898,8.42177,0.00280927,2.05811,0.0208977,6.90956,0.00246695,30,2.57,2.549,2026-08-01T02:21:40,9124b27,2.13.0+cu130,gonzalo
27,0.4,40,n3,dr,fixed30,75,1e-07,,,,4,cuda,torch,400,8,,5.43929,0.0561938,8.42177,0.00280927,2.52674,0.0256855,6.90956,0.00246695,30,2.569,2.549,2026-08-01T02:21:40,9124b27,2.13.0+cu130,gonzalo
27,0.4,20,n3,dr,fixed30,75,1e-07,,,,4,cuda,torch,400,8,,6.86549,0.0705909,8.42177,0.00280927,3.75935,0.0380363,6.90956,0.00246695,30,2.58,2.549,2026-08-01T02:21:40,9124b27,2.13.0+cu130,gonzalo
27,0.8,inf,n3,dr,fixed30,75,1e-07,,,,4,cuda,torch,400,8,,9.54433,0.100582,16.9327,0.00654447,4.49848,0.0462666,13.903,0.00523319,30,2.548,2.549,2026-08-01T02:21:40,9124b27,2.13.0+cu130,gonzalo
27,0.8,40,n3,dr,fixed30,75,1e-07,,,,4,cuda,torch,400,8,,9.8039,0.103341,16.9327,0.00654447,4.81248,0.0494777,13.903,0.00523319,30,2.548,2.549,2026-08-01T02:21:40,9124b27,2.13.0+cu130,gonzalo
27,0.8,20,n3,dr,fixed30,75,1e-07,,,,4,cuda,torch,400,8,,10.179,0.107148,16.9327,0.00654447,5.43032,0.0558224,13.903,0.00523319,30,2.573,2.549,2026-08-01T02:21:40,9124b27,2.13.0+cu130,gonzalo
28,0.2,inf,n3,dr,fixed30,75,1e-07,,,,4,cuda,torch,400,8,,2.29617,0.0232242,4.45045,0.0025675,0.945338,0.00951903,3.46673,0.0019458,30,2.585,2.549,2026-08-01T02:21:40,9124b27,2.13.0+cu130,gonzalo
28,0.2,40,n3,dr,fixed30,75,1e-07,,,,4,cuda,torch,400,8,,3.19332,0.0324536,4.45045,0.0025675,1.58436,0.0159688,3.46673,0.0019458,30,2.547,2.549,2026-08-01T02:21:40,9124b27,2.13.0+cu130,gonzalo
28,0.2,20,n3,dr,fixed30,75,1e-07,,,,4,cuda,torch,400,8,,6.38106,0.0639905,4.45045,0.0025675,4.14785,0.0416802,3.46673,0.0019458,30,2.548,2.549,2026-08-01T02:21:40,9124b27,2.13.0+cu130,gonzalo
28,0.4,inf,n3,dr,fixed30,75,1e-07,,,,4,cuda,torch,400,8,,5.05949,0.0519684,8.96917,0.00585954,2.31952,0.0235808,6.96572,0.00501558,30,2.541,2.549,2026-08-01T02:21:40,9124b27,2.13.0+cu130,gonzalo
28,0.4,40,n3,dr,fixed30,75,1e-07,,,,4,cuda,torch,400,8,,5.89556,0.0605492,8.96917,0.00585954,2.99127,0.0303619,6.96572,0.00501558,30,2.549,2.549,2026-08-01T02:21:40,9124b27,2.13.0+cu130,gonzalo
28,0.4,20,n3,dr,fixed30,75,1e-07,,,,4,cuda,torch,400,8,,7.59842,0.0774008,8.96917,0.00585954,4.57048,0.0461071,6.96572,0.00501558,30,2.548,2.549,2026-08-01T02:21:40,9124b27,2.13.0+cu130,gonzalo
28,0.8,inf,n3,dr,fixed30,75,1e-07,,,,4,cuda,torch,400,8,,10.1824,0.107459,18.2099,0.0156079,5.28744,0.0545188,14.0586,0.0150193,30,2.543,2.549,2026-08-01T02:21:40,9124b27,2.13.0+cu130,gonzalo
28,0.8,40,n3,dr,fixed30,75,1e-07,,,,4,cuda,torch,400,8,,10.5407,0.111203,18.2099,0.0156079,5.61301,0.0578631,14.0586,0.0150193,30,2.545,2.549,2026-08-01T02:21:40,9124b27,2.13.0+cu130,gonzalo
28,0.8,20,n3,dr,fixed30,75,1e-07,,,,4,cuda,torch,400,8,,10.8493,0.114078,18.2099,0.0156079,6.10585,0.0628268,14.0586,0.0150193,30,2.557,2.549,2026-08-01T02:21:40,9124b27,2.13.0+cu130,gonzalo
29,0.2,inf,n3,dr,fixed30,75,1e-07,,,,4,cuda,torch,400,8,,2.53584,0.0257006,5.02272,0.00213037,1.10665,0.0111448,4.23346,0.00181367,30,2.541,2.549,2026-08-01T02:21:40,9124b27,2.13.0+cu130,gonzalo
29,0.2,40,n3,dr,fixed30,75,1e-07,,,,4,cuda,torch,400,8,,3.26776,0.0334958,5.02272,0.00213037,1.71018,0.0173373,4.23346,0.00181367,30,2.541,2.549,2026-08-01T02:21:40,9124b27,2.13.0+cu130,gonzalo
29,0.2,20,n3,dr,fixed30,75,1e-07,,,,4,cuda,torch,400,8,,5.27773,0.0539157,5.02272,0.00213037,3.3175,0.0336088,4.23346,0.00181367,30,2.549,2.549,2026-08-01T02:21:40,9124b27,2.13.0+cu130,gonzalo
29,0.4,inf,n3,dr,fixed30,75,1e-07,,,,4,cuda,torch,400,8,,5.225,0.0538976,10.0979,0.0055558,2.62766,0.0268131,8.48476,0.00526672,30,2.543,2.549,2026-08-01T02:21:40,9124b27,2.13.0+cu130,gonzalo
29,0.4,40,n3,dr,fixed30,75,1e-07,,,,4,cuda,torch,400,8,,5.72367,0.0592785,10.0979,0.0055558,3.0924,0.0316208,8.48476,0.00526672,30,2.548,2.549,2026-08-01T02:21:40,9124b27,2.13.0+cu130,gonzalo
29,0.4,20,n3,dr,fixed30,75,1e-07,,,,4,cuda,torch,400,8,,6.73608,0.0697427,10.0979,0.0055558,4.03238,0.0411661,8.48476,0.00526672,30,2.547,2.549,2026-08-01T02:21:40,9124b27,2.13.0+cu130,gonzalo
29,0.8,inf,n3,dr,fixed30,75,1e-07,,,,4,cuda,torch,400,8,,9.85857,0.102422,20.387,0.0163171,5.56473,0.0574036,17.0358,0.0161435,30,2.521,2.549,2026-08-01T02:21:40,9124b27,2.13.0+cu130,gonzalo
29,0.8,40,n3,dr,fixed30,75,1e-07,,,,4,cuda,torch,400,8,,10.1835,0.105729,20.387,0.0163171,5.8561,0.0603885,17.0358,0.0161435,30,2.524,2.549,2026-08-01T02:21:40,9124b27,2.13.0+cu130,gonzalo
29,0.8,20,n3,dr,fixed30,75,1e-07,,,,4,cuda,torch,400,8,,10.5575,0.109372,20.387,0.0163171,6.38723,0.0657959,17.0358,0.0161435,30,2.564,2.549,2026-08-01T02:21:40,9124b27,2.13.0+cu130,gonzalo
30,0.2,inf,n3,dr,fixed30,75,1e-07,,,,4,cuda,torch,400,8,,2.66929,0.0268561,4.59402,0.00238317,1.15582,0.0116187,3.53346,0.00159495,30,2.613,2.549,2026-08-01T02:21:40,9124b27,2.13.0+cu130,gonzalo
30,0.2,40,n3,dr,fixed30,75,1e-07,,,,4,cuda,torch,400,8,,3.5582,0.0361071,4.59402,0.00238317,1.83315,0.0184958,3.53346,0.00159495,30,2.565,2.549,2026-08-01T02:21:40,9124b27,2.13.0+cu130,gonzalo
30,0.2,20,n3,dr,fixed30,75,1e-07,,,,4,cuda,torch,400,8,,6.67983,0.0668915,4.59402,0.00238317,4.3967,0.0442092,3.53346,0.00159495,30,2.569,2.549,2026-08-01T02:21:40,9124b27,2.13.0+cu130,gonzalo
30,0.4,inf,n3,dr,fixed30,75,1e-07,,,,4,cuda,torch,400,8,,6.05369,0.0618662,9.22654,0.00499569,2.94411,0.0298727,7.08863,0.00351989,30,2.57,2.549,2026-08-01T02:21:40,9124b27,2.13.0+cu130,gonzalo
30,0.4,40,n3,dr,fixed30,75,1e-07,,,,4,cuda,torch,400,8,,6.86275,0.0702301,9.22654,0.00499569,3.65472,0.0370626,7.08863,0.00351989,30,2.57,2.549,2026-08-01T02:21:40,9124b27,2.13.0+cu130,gonzalo
30,0.4,20,n3,dr,fixed30,75,1e-07,,,,4,cuda,torch,400,8,,8.09216,0.082401,9.22654,0.00499569,4.86334,0.0491202,7.08863,0.00351989,30,2.565,2.549,2026-08-01T02:21:40,9124b27,2.13.0+cu130,gonzalo
30,0.8,inf,n3,dr,fixed30,75,1e-07,,,,4,cuda,torch,400,8,,11.12,0.115696,18.5984,0.0117064,5.94108,0.0610909,14.2638,0.00901962,30,2.571,2.549,2026-08-01T02:21:40,9124b27,2.13.0+cu130,gonzalo
30,0.8,40,n3,dr,fixed30,75,1e-07,,,,4,cuda,torch,400,8,,11.3429,0.117965,18.5984,0.0117064,6.1726,0.0634152,14.2638,0.00901962,30,2.563,2.549,2026-08-01T02:21:40,9124b27,2.13.0+cu130,gonzalo
30,0.8,20,n3,dr,fixed30,75,1e-07,,,,4,cuda,torch,400,8,,11.4998,0.119421,18.5984,0.0117064,6.55065,0.0671023,14.2638,0.00901962,30,2.565,2.549,2026-08-01T02:21:40,9124b27,2.13.0+cu130,gonzalo
31,0.2,inf,n3,dr,fixed30,75,1e-07,,,,4,cuda,torch,400,8,,2.21583,0.022062,4.31386,0.00215592,1.05273,0.0105634,3.77272,0.00204547,30,2.567,2.549,2026-08-01T02:21:40,9124b27,2.13.0+cu130,gonzalo
31,0.2,40,n3,dr,fixed30,75,1e-07,,,,4,cuda,torch,400,8,,2.84637,0.0289456,4.31386,0.00215592,1.78711,0.018126,3.77272,0.00204547,30,2.577,2.549,2026-08-01T02:21:40,9124b27,2.13.0+cu130,gonzalo
31,0.2,20,n3,dr,fixed30,75,1e-07,,,,4,cuda,torch,400,8,,5.38409,0.0542226,4.31386,0.00215592,3.77299,0.0382181,3.77272,0.00204547,30,2.574,2.549,2026-08-01T02:21:40,9124b27,2.13.0+cu130,gonzalo
31,0.4,inf,n3,dr,fixed30,75,1e-07,,,,4,cuda,torch,400,8,,4.69309,0.0472806,8.62918,0.00434515,2.60975,0.0266071,7.54182,0.00409376,30,2.57,2.549,2026-08-01T02:21:40,9124b27,2.13.0+cu130,gonzalo
31,0.4,40,n3,dr,fixed30,75,1e-07,,,,4,cuda,torch,400,8,,5.21999,0.0532656,8.62918,0.00434515,3.28496,0.0337363,7.54182,0.00409376,30,2.6,2.549,2026-08-01T02:21:40,9124b27,2.13.0+cu130,gonzalo
31,0.4,20,n3,dr,fixed30,75,1e-07,,,,4,cuda,torch,400,8,,6.5099,0.0661875,8.62918,0.00434515,4.43245,0.045302,7.54182,0.00409376,30,2.6,2.549,2026-08-01T02:21:40,9124b27,2.13.0+cu130,gonzalo
31,0.8,inf,n3,dr,fixed30,75,1e-07,,,,4,cuda,torch,400,8,,9.32351,0.0938503,17.266,0.00897464,5.11382,0.0526874,15.0664,0.00821814,30,2.549,2.549,2026-08-01T02:21:40,9124b27,2.13.0+cu130,gonzalo
31,0.8,40,n3,dr,fixed30,75,1e-07,,,,4,cuda,torch,400,8,,9.61565,0.0973099,17.266,0.00897464,5.40313,0.0557921,15.0664,0.00821814,30,2.573,2.549,2026-08-01T02:21:40,9124b27,2.13.0+cu130,gonzalo
31,0.8,20,n3,dr,fixed30,75,1e-07,,,,4,cuda,torch,400,8,,9.95333,0.101265,17.266,0.00897464,5.96341,0.0615111,15.0664,0.00821814,30,2.575,2.549,2026-08-01T02:21:40,9124b27,2.13.0+cu130,gonzalo
32,0.2,inf,n3,dr,fixed30,75,1e-07,,,,4,cuda,torch,400,8,,2.01448,0.0198541,3.85757,0.00769746,1.1689,0.0115356,2.91914,0.00804553,30,2.635,2.549,2026-08-01T02:21:40,9124b27,2.13.0+cu130,gonzalo
32,0.2,40,n3,dr,fixed30,75,1e-07,,,,4,cuda,torch,400,8,,1.82821,0.0182518,3.85757,0.00769746,0.906044,0.00902975,2.91914,0.00804553,30,2.709,2.549,2026-08-01T02:21:40,9124b27,2.13.0+cu130,gonzalo
32,0.2,20,n3,dr,fixed30,75,1e-07,,,,4,cuda,torch,400,8,,3.51991,0.0356208,3.85757,0.00769746,2.1016,0.021087,2.91914,0.00804553,30,2.599,2.549,2026-08-01T02:21:40,9124b27,2.13.0+cu130,gonzalo
32,0.4,inf,n3,dr,fixed30,75,1e-07,,,,4,cuda,torch,400,8,,4.09411,0.0399368,7.63011,0.0182317,2.72229,0.0265006,5.78325,0.0194967,30,2.648,2.549,2026-08-01T02:21:40,9124b27,2.13.0+cu130,gonzalo
32,0.4,40,n3,dr,fixed30,75,1e-07,,,,4,cuda,torch,400,8,,3.8119,0.0374353,7.63011,0.0182317,2.22903,0.0218609,5.78325,0.0194967,30,2.646,2.549,2026-08-01T02:21:40,9124b27,2.13.0+cu130,gonzalo
32,0.4,20,n3,dr,fixed30,75,1e-07,,,,4,cuda,torch,400,8,,4.18484,0.0423664,7.63011,0.0182317,2.13374,0.0214889,5.78325,0.0194967,30,2.724,2.549,2026-08-01T02:21:40,9124b27,2.13.0+cu130,gonzalo
32,0.8,inf,n3,dr,fixed30,75,1e-07,,,,4,cuda,torch,400,8,,9.68379,0.0915397,14.9354,0.0484334,7.38013,0.0693213,11.3544,0.0525508,30,2.703,2.549,2026-08-01T02:21:40,9124b27,2.13.0+cu130,gonzalo
32,0.8,40,n3,dr,fixed30,75,1e-07,,,,4,cuda,torch,400,8,,9.26841,0.0876362,14.9354,0.0484334,6.6479,0.0627297,11.3544,0.0525508,30,2.735,2.549,2026-08-01T02:21:40,9124b27,2.13.0+cu130,gonzalo
32,0.8,20,n3,dr,fixed30,75,1e-07,,,,4,cuda,torch,400,8,,8.48066,0.081376,14.9354,0.0484334,4.94133,0.0475737,11.3544,0.0525508,30,2.717,2.549,2026-08-01T02:21:40,9124b27,2.13.0+cu130,gonzalo
33,0.2,inf,n3,dr,fixed30,75,1e-07,,,,4,cuda,torch,400,8,,2.26105,0.0227776,4.18554,0.00396929,1.00191,0.0100107,3.59227,0.00306178,30,2.639,2.549,2026-08-01T02:21:40,9124b27,2.13.0+cu130,gonzalo
33,0.2,40,n3,dr,fixed30,75,1e-07,,,,4,cuda,torch,400,8,,2.65737,0.0270558,4.18554,0.00396929,1.19372,0.0120309,3.59227,0.00306178,30,2.656,2.549,2026-08-01T02:21:40,9124b27,2.13.0+cu130,gonzalo
33,0.2,20,n3,dr,fixed30,75,1e-07,,,,4,cuda,torch,400,8,,4.96854,0.050436,4.18554,0.00396929,2.95915,0.0297325,3.59227,0.00306178,30,2.659,2.549,2026-08-01T02:21:40,9124b27,2.13.0+cu130,gonzalo
33,0.4,inf,n3,dr,fixed30,75,1e-07,,,,4,cuda,torch,400,8,,4.60059,0.0465876,8.27676,0.00862777,2.09615,0.0209757,7.12415,0.00698787,30,2.711,2.549,2026-08-01T02:21:40,9124b27,2.13.0+cu130,gonzalo
33,0.4,40,n3,dr,fixed30,75,1e-07,,,,4,cuda,torch,400,8,,4.90486,0.0501543,8.27676,0.00862777,2.20899,0.0223215,7.12415,0.00698787,30,2.643,2.549,2026-08-01T02:21:40,9124b27,2.13.0+cu130,gonzalo
33,0.4,20,n3,dr,fixed30,75,1e-07,,,,4,cuda,torch,400,8,,6.40901,0.0660961,8.27676,0.00862777,3.37054,0.0341722,7.12415,0.00698787,30,2.655,2.549,2026-08-01T02:21:40,9124b27,2.13.0+cu130,gonzalo
33,0.8,inf,n3,dr,fixed30,75,1e-07,,,,4,cuda,torch,400,8,,9.77561,0.100196,16.1857,0.0222432,5.00497,0.050464,14.0094,0.019923,30,2.657,2.549,2026-08-01T02:21:40,9124b27,2.13.0+cu130,gonzalo
33,0.8,40,n3,dr,fixed30,75,1e-07,,,,4,cuda,torch,400,8,,10.1375,0.104184,16.1857,0.0222432,5.16194,0.0521723,14.0094,0.019923,30,2.67,2.549,2026-08-01T02:21:40,9124b27,2.13.0+cu130,gonzalo
33,0.8,20,n3,dr,fixed30,75,1e-07,,,,4,cuda,torch,400,8,,10.7126,0.110558,16.1857,0.0222432,5.67762,0.057667,14.0094,0.019923,30,2.644,2.549,2026-08-01T02:21:40,9124b27,2.13.0+cu130,gonzalo
34,0.2,inf,n3,dr,fixed30,75,1e-07,,,,4,cuda,torch,400,8,,2.22899,0.0223289,4.26157,0.00363443,1.14264,0.0113581,3.65604,0.00258226,30,2.709,2.549,2026-08-01T02:21:40,9124b27,2.13.0+cu130,gonzalo
34,0.2,40,n3,dr,fixed30,75,1e-07,,,,4,cuda,torch,400,8,,2.52192,0.0255938,4.26157,0.00363443,1.15919,0.0116543,3.65604,0.00258226,30,2.727,2.549,2026-08-01T02:21:40,9124b27,2.13.0+cu130,gonzalo
34,0.2,20,n3,dr,fixed30,75,1e-07,,,,4,cuda,torch,400,8,,4.58541,0.0465431,4.26157,0.00363443,2.65627,0.0266962,3.65604,0.00258226,30,2.741,2.549,2026-08-01T02:21:40,9124b27,2.13.0+cu130,gonzalo
34,0.4,inf,n3,dr,fixed30,75,1e-07,,,,4,cuda,torch,400,8,,4.53668,0.045282,8.45832,0.00805037,2.59198,0.0256029,7.26207,0.00606404,30,2.615,2.549,2026-08-01T02:21:40,9124b27,2.13.0+cu130,gonzalo
34,0.4,40,n3,dr,fixed30,75,1e-07,,,,4,cuda,torch,400,8,,4.6635,0.0471725,8.45832,0.00805037,2.42748,0.0242886,7.26207,0.00606404,30,2.648,2.549,2026-08-01T02:21:40,9124b27,2.13.0+cu130,gonzalo
34,0.4,20,n3,dr,fixed30,75,1e-07,,,,4,cuda,torch,400,8,,5.70437,0.0585071,8.45832,0.00805037,2.95747,0.0299769,7.26207,0.00606404,30,2.617,2.549,2026-08-01T02:21:40,9124b27,2.13.0+cu130,gonzalo
34,0.8,inf,n3,dr,fixed30,75,1e-07,,,,4,cuda,torch,400,8,,9.49951,0.0942738,16.66,0.0210272,6.51635,0.063459,14.324,0.0173276,30,2.856,2.549,2026-08-01T02:21:40,9124b27,2.13.0+cu130,gonzalo
34,0.8,40,n3,dr,fixed30,75,1e-07,,,,4,cuda,torch,400,8,,9.58997,0.0955234,16.66,0.0210272,6.16183,0.060224,14.324,0.0173276,30,2.74,2.549,2026-08-01T02:21:40,9124b27,2.13.0+cu130,gonzalo
34,0.8,20,n3,dr,fixed30,75,1e-07,,,,4,cuda,torch,400,8,,9.85369,0.0999317,16.66,0.0210272,5.70595,0.0568651,14.324,0.0173276,30,2.709,2.549,2026-08-01T02:21:40,9124b27,2.13.0+cu130,gonzalo
35,0.2,inf,n3,dr,fixed30,75,1e-07,,,,4,cuda,torch,400,8,,2.10522,0.0209987,4.35394,0.00869767,0.850292,0.00848877,3.77532,0.00903084,30,2.738,2.549,2026-08-01T02:21:40,9124b27,2.13.0+cu130,gonzalo
35,0.2,40,n3,dr,fixed30,75,1e-07,,,,4,cuda,torch,400,8,,2.31736,0.0234348,4.35394,0.00869767,1.00934,0.0101603,3.77532,0.00903084,30,2.813,2.549,2026-08-01T02:21:40,9124b27,2.13.0+cu130,gonzalo
35,0.2,20,n3,dr,fixed30,75,1e-07,,,,4,cuda,torch,400,8,,4.60435,0.0465976,4.35394,0.00869767,2.89357,0.0290802,3.77532,0.00903084,30,2.678,2.549,2026-08-01T02:21:40,9124b27,2.13.0+cu130,gonzalo
35,0.4,inf,n3,dr,fixed30,75,1e-07,,,,4,cuda,torch,400,8,,4.28342,0.0434651,8.73989,0.0202876,1.74614,0.0176199,7.57785,0.0210221,30,2.715,2.549,2026-08-01T02:21:40,9124b27,2.13.0+cu130,gonzalo
35,0.4,40,n3,dr,fixed30,75,1e-07,,,,4,cuda,torch,400,8,,4.68188,0.0479254,8.73989,0.0202876,2.04169,0.0207061,7.57785,0.0210221,30,2.68,2.549,2026-08-01T02:21:40,9124b27,2.13.0+cu130,gonzalo
35,0.4,20,n3,dr,fixed30,75,1e-07,,,,4,cuda,torch,400,8,,6.23683,0.0642513,8.73989,0.0202876,3.52937,0.0357196,7.57785,0.0210221,30,2.72,2.549,2026-08-01T02:21:40,9124b27,2.13.0+cu130,gonzalo
35,0.8,inf,n3,dr,fixed30,75,1e-07,,,,4,cuda,torch,400,8,,9.55617,0.0999186,17.6069,0.0548449,4.74931,0.0489234,15.263,0.0562895,30,2.842,2.549,2026-08-01T02:21:40,9124b27,2.13.0+cu130,gonzalo
35,0.8,40,n3,dr,fixed30,75,1e-07,,,,4,cuda,torch,400,8,,9.85602,0.103025,17.6069,0.0548449,5.05635,0.0520502,15.263,0.0562895,30,2.656,2.549,2026-08-01T02:21:40,9124b27,2.13.0+cu130,gonzalo
35,0.8,20,n3,dr,fixed30,75,1e-07,,,,4,cuda,torch,400,8,,10.0994,0.105328,17.6069,0.0548449,5.60154,0.057594,15.263,0.0562895,30,2.621,2.549,2026-08-01T02:21:40,9124b27,2.13.0+cu130,gonzalo
36,0.2,inf,n3,dr,fixed30,75,1e-07,,,,4,cuda,torch,400,8,,2.43266,0.024401,4.79511,0.0036944,1.20121,0.0120925,4.08666,0.00296145,30,2.781,2.549,2026-08-01T02:21:40,9124b27,2.13.0+cu130,gonzalo
36,0.2,40,n3,dr,fixed30,75,1e-07,,,,4,cuda,torch,400,8,,3.10274,0.0314971,4.79511,0.0036944,1.83676,0.0186385,4.08666,0.00296145,30,2.745,2.549,2026-08-01T02:21:40,9124b27,2.13.0+cu130,gonzalo
36,0.2,20,n3,dr,fixed30,75,1e-07,,,,4,cuda,torch,400,8,,5.46118,0.0553397,4.79511,0.0036944,3.69346,0.0374634,4.08666,0.00296145,30,2.724,2.549,2026-08-01T02:21:40,9124b27,2.13.0+cu130,gonzalo
36,0.4,inf,n3,dr,fixed30,75,1e-07,,,,4,cuda,torch,400,8,,5.4057,0.0550829,9.54161,0.00799077,3.02869,0.0309558,8.12703,0.00666619,30,2.613,2.549,2026-08-01T02:21:40,9124b27,2.13.0+cu130,gonzalo
36,0.4,40,n3,dr,fixed30,75,1e-07,,,,4,cuda,torch,400,8,,5.90104,0.0604258,9.54161,0.00799077,3.51355,0.0360276,8.12703,0.00666619,30,2.631,2.549,2026-08-01T02:21:40,9124b27,2.13.0+cu130,gonzalo
36,0.4,20,n3,dr,fixed30,75,1e-07,,,,4,cuda,torch,400,8,,6.86018,0.0702865,9.54161,0.00799077,4.37055,0.0447024,8.12703,0.00666619,30,2.736,2.549,2026-08-01T02:21:40,9124b27,2.13.0+cu130,gonzalo
36,0.8,inf,n3,dr,fixed30,75,1e-07,,,,4,cuda,torch,400,8,,10.1423,0.101345,18.878,0.0254174,5.42589,0.0554038,16.0661,0.0243799,30,2.789,2.549,2026-08-01T02:21:40,9124b27,2.13.0+cu130,gonzalo
36,0.8,40,n3,dr,fixed30,75,1e-07,,,,4,cuda,torch,400,8,,10.4175,0.104176,18.878,0.0254174,5.66006,0.0577718,16.0661,0.0243799,30,2.618,2.549,2026-08-01T02:21:40,9124b27,2.13.0+cu130,gonzalo
36,0.8,20,n3,dr,fixed30,75,1e-07,,,,4,cuda,torch,400,8,,10.8058,0.108312,18.878,0.0254174,6.2144,0.0633411,16.0661,0.0243799,30,2.631,2.549,2026-08-01T02:21:40,9124b27,2.13.0+cu130,gonzalo
37,0.2,inf,n3,dr,fixed30,75,1e-07,,,,4,cuda,torch,400,8,,2.488,0.0251867,4.56338,0.00350426,1.16709,0.0117894,3.91621,0.00210109,30,2.716,2.549,2026-08-01T02:21:40,9124b27,2.13.0+cu130,gonzalo
37,0.2,40,n3,dr,fixed30,75,1e-07,,,,4,cuda,torch,400,8,,3.34391,0.0341159,4.56338,0.00350426,1.87887,0.0190394,3.91621,0.00210109,30,2.625,2.549,2026-08-01T02:21:40,9124b27,2.13.0+cu130,gonzalo
37,0.2,20,n3,dr,fixed30,75,1e-07,,,,4,cuda,torch,400,8,,5.73949,0.0578751,4.56338,0.00350426,3.70241,0.0373552,3.91621,0.00210109,30,2.62,2.549,2026-08-01T02:21:40,9124b27,2.13.0+cu130,gonzalo
37,0.4,inf,n3,dr,fixed30,75,1e-07,,,,4,cuda,torch,400,8,,5.69822,0.0582536,9.08809,0.00746009,2.80765,0.0286055,7.81297,0.00509427,30,2.696,2.549,2026-08-01T02:21:40,9124b27,2.13.0+cu130,gonzalo
37,0.4,40,n3,dr,fixed30,75,1e-07,,,,4,cuda,torch,400,8,,6.17089,0.0632527,9.08809,0.00746009,3.27039,0.0333659,7.81297,0.00509427,30,2.769,2.549,2026-08-01T02:21:40,9124b27,2.13.0+cu130,gonzalo
37,0.4,20,n3,dr,fixed30,75,1e-07,,,,4,cuda,torch,400,8,,7.38068,0.0753008,9.08809,0.00746009,4.46831,0.0454042,7.81297,0.00509427,30,2.776,2.549,2026-08-01T02:21:40,9124b27,2.13.0+cu130,gonzalo
37,0.8,inf,n3,dr,fixed30,75,1e-07,,,,4,cuda,torch,400,8,,10.2484,0.104286,18.0083,0.0188599,5.08925,0.0520457,15.5413,0.0161456,30,2.665,2.549,2026-08-01T02:21:40,9124b27,2.13.0+cu130,gonzalo
37,0.8,40,n3,dr,fixed30,75,1e-07,,,,4,cuda,torch,400,8,,10.6247,0.108385,18.0083,0.0188599,5.47146,0.0560241,15.5413,0.0161456,30,2.605,2.549,2026-08-01T02:21:40,9124b27,2.13.0+cu130,gonzalo
37,0.8,20,n3,dr,fixed30,75,1e-07,,,,4,cuda,torch,400,8,,10.9641,0.112042,18.0083,0.0188599,6.13971,0.0628777,15.5413,0.0161456,30,2.646,2.549,2026-08-01T02:21:40,9124b27,2.13.0+cu130,gonzalo
38,0.2,inf,n3,dr,fixed30,75,1e-07,,,,4,cuda,torch,400,8,,2.08661,0.0212558,3.656,0.00387088,0.992676,0.00994837,3.02932,0.00307665,30,2.626,2.549,2026-08-01T02:21:40,9124b27,2.13.0+cu130,gonzalo
38,0.2,40,n3,dr,fixed30,75,1e-07,,,,4,cuda,torch,400,8,,2.65847,0.0271526,3.656,0.00387088,1.32351,0.0133195,3.02932,0.00307665,30,2.696,2.549,2026-08-01T02:21:40,9124b27,2.13.0+cu130,gonzalo
38,0.2,20,n3,dr,fixed30,75,1e-07,,,,4,cuda,torch,400,8,,5.22887,0.0529296,3.656,0.00387088,3.24136,0.0325808,3.02932,0.00307665,30,2.647,2.549,2026-08-01T02:21:40,9124b27,2.13.0+cu130,gonzalo
38,0.4,inf,n3,dr,fixed30,75,1e-07,,,,4,cuda,torch,400,8,,3.90051,0.040064,7.36944,0.00747703,2.04714,0.0204644,6.0864,0.0051858,30,2.593,2.549,2026-08-01T02:21:40,9124b27,2.13.0+cu130,gonzalo
38,0.4,40,n3,dr,fixed30,75,1e-07,,,,4,cuda,torch,400,8,,4.45297,0.0459681,7.36944,0.00747703,2.29568,0.0231419,6.0864,0.0051858,30,2.587,2.549,2026-08-01T02:21:40,9124b27,2.13.0+cu130,gonzalo
38,0.4,20,n3,dr,fixed30,75,1e-07,,,,4,cuda,torch,400,8,,6.67672,0.0685954,7.36944,0.00747703,3.94615,0.0398053,6.0864,0.0051858,30,2.591,2.549,2026-08-01T02:21:40,9124b27,2.13.0+cu130,gonzalo
38,0.8,inf,n3,dr,fixed30,75,1e-07,,,,4,cuda,torch,400,8,,8.24792,0.0872778,14.9954,0.0226606,4.15752,0.0423393,12.2935,0.0203505,30,2.589,2.549,2026-08-01T02:21:40,9124b27,2.13.0+cu130,gonzalo
38,0.8,40,n3,dr,fixed30,75,1e-07,,,,4,cuda,torch,400,8,,8.75843,0.0926857,14.9954,0.0226606,4.6054,0.0470181,12.2935,0.0203505,30,2.574,2.549,2026-08-01T02:21:40,9124b27,2.13.0+cu130,gonzalo
38,0.8,20,n3,dr,fixed30,75,1e-07,,,,4,cuda,torch,400,8,,9.66362,0.101778,14.9954,0.0226606,5.52695,0.0563799,12.2935,0.0203505,30,2.579,2.549,2026-08-01T02:21:40,9124b27,2.13.0+cu130,gonzalo
39,0.2,inf,n3,dr,fixed30,75,1e-07,,,,4,cuda,torch,400,8,,2.62352,0.026181,4.41665,0.00430162,1.22819,0.0123578,3.70136,0.00328311,30,2.573,2.549,2026-08-01T02:21:40,9124b27,2.13.0+cu130,gonzalo
39,0.2,40,n3,dr,fixed30,75,1e-07,,,,4,cuda,torch,400,8,,3.27218,0.0332189,4.41665,0.00430162,1.93949,0.0196914,3.70136,0.00328311,30,2.579,2.549,2026-08-01T02:21:40,9124b27,2.13.0+cu130,gonzalo
39,0.2,20,n3,dr,fixed30,75,1e-07,,,,4,cuda,torch,400,8,,5.76102,0.0577961,4.41665,0.00430162,3.93687,0.0398055,3.70136,0.00328311,30,2.576,2.549,2026-08-01T02:21:40,9124b27,2.13.0+cu130,gonzalo
39,0.4,inf,n3,dr,fixed30,75,1e-07,,,,4,cuda,torch,400,8,,5.29558,0.0532272,8.78367,0.00929594,2.74492,0.0279497,7.37835,0.00779028,30,2.582,2.549,2026-08-01T02:21:40,9124b27,2.13.0+cu130,gonzalo
39,0.4,40,n3,dr,fixed30,75,1e-07,,,,4,cuda,torch,400,8,,5.69341,0.0576055,8.78367,0.00929594,3.27516,0.0334836,7.37835,0.00779028,30,2.57,2.549,2026-08-01T02:21:40,9124b27,2.13.0+cu130,gonzalo
39,0.4,20,n3,dr,fixed30,75,1e-07,,,,4,cuda,torch,400,8,,6.9894,0.0706883,8.78367,0.00929594,4.52175,0.0460648,7.37835,0.00779028,30,2.57,2.549,2026-08-01T02:21:40,9124b27,2.13.0+cu130,gonzalo
39,0.8,inf,n3,dr,fixed30,75,1e-07,,,,4,cuda,torch,400,8,,10.4262,0.104279,17.3703,0.0221732,5.40701,0.0554247,14.6581,0.0207595,30,2.575,2.549,2026-08-01T02:21:40,9124b27,2.13.0+cu130,gonzalo
39,0.8,40,n3,dr,fixed30,75,1e-07,,,,4,cuda,torch,400,8,,10.6434,0.106971,17.3703,0.0221732,5.66772,0.0582066,14.6581,0.0207595,30,2.577,2.549,2026-08-01T02:21:40,9124b27,2.13.0+cu130,gonzalo
39,0.8,20,n3,dr,fixed30,75,1e-07,,,,4,cuda,torch,400,8,,10.848,0.109242,17.3703,0.0221732,6.15164,0.0630704,14.6581,0.0207595,30,2.581,2.549,2026-08-01T02:21:40,9124b27,2.13.0+cu130,gonzalo
40,0.2,inf,n3,dr,fixed30,75,1e-07,,,,4,cuda,torch,400,8,,2.44133,0.0246499,4.3436,0.00209822,1.08922,0.0109014,3.81288,0.00165616,30,2.573,2.549,2026-08-01T02:21:40,9124b27,2.13.0+cu130,gonzalo
40,0.2,40,n3,dr,fixed30,75,1e-07,,,,4,cuda,torch,400,8,,2.92201,0.0298103,4.3436,0.00209822,1.28152,0.0129297,3.81288,0.00165616,30,2.572,2.549,2026-08-01T02:21:40,9124b27,2.13.0+cu130,gonzalo
40,0.2,20,n3,dr,fixed30,75,1e-07,,,,4,cuda,torch,400,8,,5.20951,0.0529066,4.3436,0.00209822,2.99389,0.0300727,3.81288,0.00165616,30,2.581,2.549,2026-08-01T02:21:40,9124b27,2.13.0+cu130,gonzalo
40,0.4,inf,n3,dr,fixed30,75,1e-07,,,,4,cuda,torch,400,8,,5.03393,0.0514376,8.67211,0.0047098,2.25624,0.0227103,7.62176,0.00389977,30,2.573,2.549,2026-08-01T02:21:40,9124b27,2.13.0+cu130,gonzalo
40,0.4,40,n3,dr,fixed30,75,1e-07,,,,4,cuda,torch,400,8,,5.42461,0.0560412,8.67211,0.0047098,2.39603,0.0243553,7.62176,0.00389977,30,2.59,2.549,2026-08-01T02:21:40,9124b27,2.13.0+cu130,gonzalo
40,0.4,20,n3,dr,fixed30,75,1e-07,,,,4,cuda,torch,400,8,,6.9642,0.0721466,8.67211,0.0047098,3.63432,0.036864,7.62176,0.00389977,30,2.584,2.549,2026-08-01T02:21:40,9124b27,2.13.0+cu130,gonzalo
40,0.8,inf,n3,dr,fixed30,75,1e-07,,,,4,cuda,torch,400,8,,10.3002,0.107355,17.2847,0.0123412,5.07391,0.0517399,15.2236,0.0110395,30,2.571,2.549,2026-08-01T02:21:40,9124b27,2.13.0+cu130,gonzalo
40,0.8,40,n3,dr,fixed30,75,1e-07,,,,4,cuda,torch,400,8,,10.5362,0.109975,17.2847,0.0123412,5.30201,0.0542158,15.2236,0.0110395,30,2.58,2.549,2026-08-01T02:21:40,9124b27,2.13.0+cu130,gonzalo
40,0.8,20,n3,dr,fixed30,75,1e-07,,,,4,cuda,torch,400,8,,10.9368,0.11405,17.2847,0.0123412,5.85738,0.060032,15.2236,0.0110395,30,2.584,2.549,2026-08-01T02:21:40,9124b27,2.13.0+cu130,gonzalo
41,0.2,inf,n3,dr,fixed30,75,1e-07,,,,4,cuda,torch,400,8,,2.12997,0.0216808,4.45575,0.00261584,0.906634,0.00912729,3.84915,0.00222962,30,2.575,2.549,2026-08-01T02:21:40,9124b27,2.13.0+cu130,gonzalo
41,0.2,40,n3,dr,fixed30,75,1e-07,,,,4,cuda,torch,400,8,,2.86384,0.029296,4.45575,0.00261584,1.45444,0.0146968,3.84915,0.00222962,30,2.574,2.549,2026-08-01T02:21:40,9124b27,2.13.0+cu130,gonzalo
41,0.2,20,n3,dr,fixed30,75,1e-07,,,,4,cuda,torch,400,8,,5.16415,0.0525188,4.45575,0.00261584,3.29854,0.0332687,3.84915,0.00222962,30,2.583,2.549,2026-08-01T02:21:40,9124b27,2.13.0+cu130,gonzalo
41,0.4,inf,n3,dr,fixed30,75,1e-07,,,,4,cuda,torch,400,8,,4.67076,0.0482801,8.94923,0.00508371,2.1472,0.0218003,7.71337,0.00428663,30,2.583,2.549,2026-08-01T02:21:40,9124b27,2.13.0+cu130,gonzalo
41,0.4,40,n3,dr,fixed30,75,1e-07,,,,4,cuda,torch,400,8,,5.25674,0.0543966,8.94923,0.00508371,2.71813,0.0276661,7.71337,0.00428663,30,2.609,2.549,2026-08-01T02:21:40,9124b27,2.13.0+cu130,gonzalo
41,0.4,20,n3,dr,fixed30,75,1e-07,,,,4,cuda,torch,400,8,,6.51082,0.0671329,8.94923,0.00508371,3.91064,0.0397131,7.71337,0.00428663,30,2.581,2.549,2026-08-01T02:21:40,9124b27,2.13.0+cu130,gonzalo
41,0.8,inf,n3,dr,fixed30,75,1e-07,,,,4,cuda,torch,400,8,,9.07872,0.0951733,18.0516,0.0109207,4.81905,0.0494479,15.488,0.00936781,30,2.567,2.549,2026-08-01T02:21:40,9124b27,2.13.0+cu130,gonzalo
41,0.8,40,n3,dr,fixed30,75,1e-07,,,,4,cuda,torch,400,8,,9.32394,0.0977723,18.0516,0.0109207,5.08565,0.0522054,15.488,0.00936781,30,2.575,2.549,2026-08-01T02:21:40,9124b27,2.13.0+cu130,gonzalo
41,0.8,20,n3,dr,fixed30,75,1e-07,,,,4,cuda,torch,400,8,,9.76621,0.102267,18.0516,0.0109207,5.66384,0.058139,15.488,0.00936781,30,2.594,2.549,2026-08-01T02:21:40,9124b27,2.13.0+cu130,gonzalo
42,0.2,inf,n3,dr,fixed30,75,1e-07,,,,4,cuda,torch,400,8,,2.55564,0.0259068,4.4968,0.00391422,1.02033,0.0102744,3.9526,0.00322913,30,2.578,2.549,2026-08-01T02:21:40,9124b27,2.13.0+cu130,gonzalo
42,0.2,40,n3,dr,fixed30,75,1e-07,,,,4,cuda,torch,400,8,,3.18911,0.0325037,4.4968,0.00391422,1.55983,0.0157403,3.9526,0.00322913,30,2.621,2.549,2026-08-01T02:21:40,9124b27,2.13.0+cu130,gonzalo
42,0.2,20,n3,dr,fixed30,75,1e-07,,,,4,cuda,torch,400,8,,5.76593,0.0581779,4.4968,0.00391422,3.62173,0.0363984,3.9526,0.00322913,30,2.661,2.549,2026-08-01T02:21:40,9124b27,2.13.0+cu130,gonzalo
42,0.4,inf,n3,dr,fixed30,75,1e-07,,,,4,cuda,torch,400,8,,6.00212,0.0618568,9.02058,0.00801147,2.81615,0.0286402,7.9398,0.00625831,30,2.67,2.549,2026-08-01T02:21:40,9124b27,2.13.0+cu130,gonzalo
42,0.4,40,n3,dr,fixed30,75,1e-07,,,,4,cuda,torch,400,8,,6.58871,0.0679718,9.02058,0.00801147,3.32707,0.033808,7.9398,0.00625831,30,2.654,2.549,2026-08-01T02:21:40,9124b27,2.13.0+cu130,gonzalo
42,0.4,20,n3,dr,fixed30,75,1e-07,,,,4,cuda,torch,400,8,,7.6613,0.0787125,9.02058,0.00801147,4.43027,0.04484,7.9398,0.00625831,30,2.696,2.549,2026-08-01T02:21:40,9124b27,2.13.0+cu130,gonzalo
42,0.8,inf,n3,dr,fixed30,75,1e-07,,,,4,cuda,torch,400,8,,10.8921,0.113555,18.1535,0.0182566,6.25564,0.0648713,16.0246,0.0136784,30,2.629,2.549,2026-08-01T02:21:40,9124b27,2.13.0+cu130,gonzalo
42,0.8,40,n3,dr,fixed30,75,1e-07,,,,4,cuda,torch,400,8,,11.2059,0.116737,18.1535,0.0182566,6.54673,0.0678719,16.0246,0.0136784,30,2.661,2.549,2026-08-01T02:21:40,9124b27,2.13.0+cu130,gonzalo
42,0.8,20,n3,dr,fixed30,75,1e-07,,,,4,cuda,torch,400,8,,11.3397,0.117885,18.1535,0.0182566,6.84235,0.0707933,16.0246,0.0136784,30,2.639,2.549,2026-08-01T02:21:40,9124b27,2.13.0+cu130,gonzalo
43,0.2,inf,n3,dr,fixed30,75,1e-07,,,,4,cuda,torch,400,8,,2.14203,0.021663,3.785,0.003126,1.03897,0.0104221,2.91869,0.00254605,30,2.648,2.549,2026-08-01T02:21:40,9124b27,2.13.0+cu130,gonzalo
43,0.2,40,n3,dr,fixed30,75,1e-07,,,,4,cuda,torch,400,8,,2.99296,0.0304726,3.785,0.003126,1.58265,0.0159855,2.91869,0.00254605,30,2.605,2.549,2026-08-01T02:21:40,9124b27,2.13.0+cu130,gonzalo
43,0.2,20,n3,dr,fixed30,75,1e-07,,,,4,cuda,torch,400,8,,5.74654,0.058157,3.785,0.003126,3.56245,0.0359055,2.91869,0.00254605,30,2.591,2.549,2026-08-01T02:21:40,9124b27,2.13.0+cu130,gonzalo
43,0.4,inf,n3,dr,fixed30,75,1e-07,,,,4,cuda,torch,400,8,,4.43731,0.0452272,7.56247,0.00624932,2.30482,0.023145,5.82068,0.00426351,30,2.597,2.549,2026-08-01T02:21:40,9124b27,2.13.0+cu130,gonzalo
43,0.4,40,n3,dr,fixed30,75,1e-07,,,,4,cuda,torch,400,8,,5.27433,0.0542065,7.56247,0.00624932,2.76616,0.0280909,5.82068,0.00426351,30,2.594,2.549,2026-08-01T02:21:40,9124b27,2.13.0+cu130,gonzalo
43,0.4,20,n3,dr,fixed30,75,1e-07,,,,4,cuda,torch,400,8,,7.42628,0.0760324,7.56247,0.00624932,4.38686,0.0444299,5.82068,0.00426351,30,2.628,2.549,2026-08-01T02:21:40,9124b27,2.13.0+cu130,gonzalo
43,0.8,inf,n3,dr,fixed30,75,1e-07,,,,4,cuda,torch,400,8,,9.01735,0.0934015,15.105,0.0168554,4.72154,0.0479072,11.5793,0.0115866,30,2.642,2.549,2026-08-01T02:21:40,9124b27,2.13.0+cu130,gonzalo
43,0.8,40,n3,dr,fixed30,75,1e-07,,,,4,cuda,torch,400,8,,9.55572,0.0993911,15.105,0.0168554,5.05441,0.0516195,11.5793,0.0115866,30,2.619,2.549,2026-08-01T02:21:40,9124b27,2.13.0+cu130,gonzalo
43,0.8,20,n3,dr,fixed30,75,1e-07,,,,4,cuda,torch,400,8,,10.4113,0.108506,15.105,0.0168554,5.79958,0.0593716,11.5793,0.0115866,30,2.65,2.549,2026-08-01T02:21:40,9124b27,2.13.0+cu130,gonzalo
44,0.2,inf,n3,dr,fixed30,75,1e-07,,,,4,cuda,torch,400,8,,2.129,0.0213973,4.50777,0.00132028,0.935393,0.00935227,3.37794,0.000813472,30,2.688,2.549,2026-08-01T02:21:40,9124b27,2.13.0+cu130,gonzalo
44,0.2,40,n3,dr,fixed30,75,1e-07,,,,4,cuda,torch,400,8,,2.6348,0.0267232,4.50777,0.00132028,1.25176,0.0126031,3.37794,0.000813472,30,2.69,2.549,2026-08-01T02:21:40,9124b27,2.13.0+cu130,gonzalo
44,0.2,20,n3,dr,fixed30,75,1e-07,,,,4,cuda,torch,400,8,,4.71471,0.048029,4.50777,0.00132028,2.95783,0.0298423,3.37794,0.000813472,30,2.664,2.549,2026-08-01T02:21:40,9124b27,2.13.0+cu130,gonzalo
44,0.4,inf,n3,dr,fixed30,75,1e-07,,,,4,cuda,torch,400,8,,4.37393,0.0440738,8.95706,0.00298618,1.94771,0.0194783,6.73641,0.00193499,30,2.736,2.549,2026-08-01T02:21:40,9124b27,2.13.0+cu130,gonzalo
44,0.4,40,n3,dr,fixed30,75,1e-07,,,,4,cuda,torch,400,8,,4.67457,0.0474649,8.95706,0.00298618,2.09595,0.0211404,6.73641,0.00193499,30,3.106,2.549,2026-08-01T02:21:40,9124b27,2.13.0+cu130,gonzalo
44,0.4,20,n3,dr,fixed30,75,1e-07,,,,4,cuda,torch,400,8,,5.92569,0.0609567,8.95706,0.00298618,3.32653,0.0337285,6.73641,0.00193499,30,3.057,2.549,2026-08-01T02:21:40,9124b27,2.13.0+cu130,gonzalo
44,0.8,inf,n3,dr,fixed30,75,1e-07,,,,4,cuda,torch,400,8,,10.0674,0.100342,17.6807,0.00903249,4.78423,0.0476828,13.3939,0.00741987,30,2.774,2.549,2026-08-01T02:21:40,9124b27,2.13.0+cu130,gonzalo
44,0.8,40,n3,dr,fixed30,75,1e-07,,,,4,cuda,torch,400,8,,10.2196,0.102479,17.6807,0.00903249,4.87577,0.0489029,13.3939,0.00741987,30,2.868,2.549,2026-08-01T02:21:40,9124b27,2.13.0+cu130,gonzalo
44,0.8,20,n3,dr,fixed30,75,1e-07,,,,4,cuda,torch,400,8,,10.6699,0.10806,17.6807,0.00903249,5.33757,0.053962,13.3939,0.00741987,30,3.089,2.549,2026-08-01T02:21:40,9124b27,2.13.0+cu130,gonzalo
45,0.2,inf,n3,dr,fixed30,75,1e-07,,,,4,cuda,torch,400,8,,2.81771,0.0286198,4.04669,0.0063691,1.51822,0.0153688,2.64661,0.00459715,30,2.74,2.549,2026-08-01T02:21:40,9124b27,2.13.0+cu130,gonzalo
45,0.2,40,n3,dr,fixed30,75,1e-07,,,,4,cuda,torch,400,8,,3.96819,0.040169,4.04669,0.0063691,2.36668,0.0240124,2.64661,0.00459715,30,2.778,2.549,2026-08-01T02:21:40,9124b27,2.13.0+cu130,gonzalo
45,0.2,20,n3,dr,fixed30,75,1e-07,,,,4,cuda,torch,400,8,,6.61247,0.0662732,4.04669,0.0063691,4.26681,0.0431151,2.64661,0.00459715,30,3.028,2.549,2026-08-01T02:21:40,9124b27,2.13.0+cu130,gonzalo
45,0.4,inf,n3,dr,fixed30,75,1e-07,,,,4,cuda,torch,400,8,,5.34788,0.0544603,8.24789,0.0168787,3.01826,0.0308557,5.37812,0.0148678,30,2.988,2.549,2026-08-01T02:21:40,9124b27,2.13.0+cu130,gonzalo
45,0.4,40,n3,dr,fixed30,75,1e-07,,,,4,cuda,torch,400,8,,6.41852,0.06509,8.24789,0.0168787,3.76055,0.0384061,5.37812,0.0148678,30,2.685,2.549,2026-08-01T02:21:40,9124b27,2.13.0+cu130,gonzalo
45,0.4,20,n3,dr,fixed30,75,1e-07,,,,4,cuda,torch,400,8,,8.69601,0.0875424,8.24789,0.0168787,5.30751,0.0538283,5.37812,0.0148678,30,2.757,2.549,2026-08-01T02:21:40,9124b27,2.13.0+cu130,gonzalo
45,0.8,inf,n3,dr,fixed30,75,1e-07,,,,4,cuda,torch,400,8,,10.12,0.104187,17.147,0.0882447,5.2882,0.0542989,11.1144,0.0981605,30,2.809,2.549,2026-08-01T02:21:40,9124b27,2.13.0+cu130,gonzalo
45,0.8,40,n3,dr,fixed30,75,1e-07,,,,4,cuda,torch,400,8,,10.883,0.111841,17.147,0.0882447,5.83737,0.0598123,11.1144,0.0981605,30,2.755,2.549,2026-08-01T02:21:40,9124b27,2.13.0+cu130,gonzalo
45,0.8,20,n3,dr,fixed30,75,1e-07,,,,4,cuda,torch,400,8,,11.6517,0.119234,17.147,0.0882447,6.58115,0.0670645,11.1144,0.0981605,30,2.686,2.549,2026-08-01T02:21:40,9124b27,2.13.0+cu130,gonzalo
46,0.2,inf,n3,dr,fixed30,75,1e-07,,,,4,cuda,torch,400,8,,2.53211,0.0251358,4.3072,0.00275237,1.24264,0.0124982,3.68074,0.00243744,30,2.718,2.549,2026-08-01T02:21:40,9124b27,2.13.0+cu130,gonzalo
46,0.2,40,n3,dr,fixed30,75,1e-07,,,,4,cuda,torch,400,8,,3.04262,0.0309133,4.3072,0.00275237,1.89924,0.0193133,3.68074,0.00243744,30,2.816,2.549,2026-08-01T02:21:40,9124b27,2.13.0+cu130,gonzalo
46,0.2,20,n3,dr,fixed30,75,1e-07,,,,4,cuda,torch,400,8,,5.12552,0.0516122,4.3072,0.00275237,3.61905,0.0367242,3.68074,0.00243744,30,2.66,2.549,2026-08-01T02:21:40,9124b27,2.13.0+cu130,gonzalo
46,0.4,inf,n3,dr,fixed30,75,1e-07,,,,4,cuda,torch,400,8,,5.11058,0.0513917,8.61703,0.00623034,2.80095,0.0286535,7.38038,0.00589358,30,2.633,2.549,2026-08-01T02:21:40,9124b27,2.13.0+cu130,gonzalo
46,0.4,40,n3,dr,fixed30,75,1e-07,,,,4,cuda,torch,400,8,,5.29303,0.0537613,8.61703,0.00623034,3.22274,0.0331483,7.38038,0.00589358,30,2.577,2.549,2026-08-01T02:21:40,9124b27,2.13.0+cu130,gonzalo
46,0.4,20,n3,dr,fixed30,75,1e-07,,,,4,cuda,torch,400,8,,6.28972,0.0639555,8.61703,0.00623034,4.24912,0.0435537,7.38038,0.00589358,30,2.577,2.549,2026-08-01T02:21:40,9124b27,2.13.0+cu130,gonzalo
46,0.8,inf,n3,dr,fixed30,75,1e-07,,,,4,cuda,torch,400,8,,9.40598,0.0933522,17.2483,0.0149582,4.92225,0.0507188,14.8374,0.014944,30,2.643,2.549,2026-08-01T02:21:40,9124b27,2.13.0+cu130,gonzalo
46,0.8,40,n3,dr,fixed30,75,1e-07,,,,4,cuda,torch,400,8,,9.63858,0.0964953,17.2483,0.0149582,5.18639,0.0536514,14.8374,0.014944,30,2.645,2.549,2026-08-01T02:21:40,9124b27,2.13.0+cu130,gonzalo
46,0.8,20,n3,dr,fixed30,75,1e-07,,,,4,cuda,torch,400,8,,10.0108,0.101233,17.2483,0.0149582,5.81236,0.0601702,14.8374,0.014944,30,2.642,2.549,2026-08-01T02:21:40,9124b27,2.13.0+cu130,gonzalo
47,0.2,inf,n3,dr,fixed30,75,1e-07,,,,4,cuda,torch,400,8,,2.80491,0.0284199,4.72858,0.00197282,1.09739,0.0110483,4.12257,0.00177876,30,2.573,2.549,2026-08-01T02:21:40,9124b27,2.13.0+cu130,gonzalo
47,0.2,40,n3,dr,fixed30,75,1e-07,,,,4,cuda,torch,400,8,,3.34062,0.0341098,4.72858,0.00197282,1.46759,0.0148359,4.12257,0.00177876,30,2.575,2.549,2026-08-01T02:21:40,9124b27,2.13.0+cu130,gonzalo
47,0.2,20,n3,dr,fixed30,75,1e-07,,,,4,cuda,torch,400,8,,5.68976,0.0577056,4.72858,0.00197282,3.35227,0.0336954,4.12257,0.00177876,30,2.574,2.549,2026-08-01T02:21:40,9124b27,2.13.0+cu130,gonzalo
47,0.4,inf,n3,dr,fixed30,75,1e-07,,,,4,cuda,torch,400,8,,6.05946,0.0625243,9.44689,0.00431821,2.53291,0.0257997,8.26273,0.00405887,30,2.577,2.549,2026-08-01T02:21:40,9124b27,2.13.0+cu130,gonzalo
47,0.4,40,n3,dr,fixed30,75,1e-07,,,,4,cuda,torch,400,8,,6.54108,0.067727,9.44689,0.00431821,2.93623,0.0299191,8.26273,0.00405887,30,2.575,2.549,2026-08-01T02:21:40,9124b27,2.13.0+cu130,gonzalo
47,0.4,20,n3,dr,fixed30,75,1e-07,,,,4,cuda,torch,400,8,,7.68793,0.0794437,9.44689,0.00431821,4.0683,0.0412479,8.26273,0.00405887,30,2.584,2.549,2026-08-01T02:21:40,9124b27,2.13.0+cu130,gonzalo
47,0.8,inf,n3,dr,fixed30,75,1e-07,,,,4,cuda,torch,400,8,,11.7708,0.12298,18.8436,0.0104026,6.31334,0.0654658,16.5911,0.0102983,30,2.58,2.549,2026-08-01T02:21:40,9124b27,2.13.0+cu130,gonzalo
47,0.8,40,n3,dr,fixed30,75,1e-07,,,,4,cuda,torch,400,8,,11.9961,0.125153,18.8436,0.0104026,6.54407,0.0678022,16.5911,0.0102983,30,2.57,2.549,2026-08-01T02:21:40,9124b27,2.13.0+cu130,gonzalo
47,0.8,20,n3,dr,fixed30,75,1e-07,,,,4,cuda,torch,400,8,,12.0885,0.125776,18.8436,0.0104026,6.81315,0.0704382,16.5911,0.0102983,30,2.595,2.549,2026-08-01T02:21:40,9124b27,2.13.0+cu130,gonzalo
48,0.2,inf,n3,dr,fixed30,75,1e-07,,,,4,cuda,torch,400,8,,1.43023,0.0143507,4.07237,0.00147086,0.550051,0.0055028,3.16706,0.000992605,30,2.631,2.549,2026-08-01T02:21:40,9124b27,2.13.0+cu130,gonzalo
48,0.2,40,n3,dr,fixed30,75,1e-07,,,,4,cuda,torch,400,8,,1.98518,0.0201317,4.07237,0.00147086,1.04758,0.010561,3.16706,0.000992605,30,2.634,2.549,2026-08-01T02:21:40,9124b27,2.13.0+cu130,gonzalo
48,0.2,20,n3,dr,fixed30,75,1e-07,,,,4,cuda,torch,400,8,,4.58245,0.0461533,4.07237,0.00147086,3.04727,0.0306329,3.16706,0.000992605,30,2.606,2.549,2026-08-01T02:21:40,9124b27,2.13.0+cu130,gonzalo
48,0.4,inf,n3,dr,fixed30,75,1e-07,,,,4,cuda,torch,400,8,,3.52703,0.0358431,8.13322,0.00355238,1.44811,0.0146317,6.32722,0.00272656,30,2.569,2.549,2026-08-01T02:21:40,9124b27,2.13.0+cu130,gonzalo
48,0.4,40,n3,dr,fixed30,75,1e-07,,,,4,cuda,torch,400,8,,4.16638,0.0427001,8.13322,0.00355238,2.00648,0.0203678,6.32722,0.00272656,30,2.568,2.549,2026-08-01T02:21:40,9124b27,2.13.0+cu130,gonzalo
48,0.4,20,n3,dr,fixed30,75,1e-07,,,,4,cuda,torch,400,8,,6.20381,0.063419,8.13322,0.00355238,3.78048,0.0382077,6.32722,0.00272656,30,2.572,2.549,2026-08-01T02:21:40,9124b27,2.13.0+cu130,gonzalo
48,0.8,inf,n3,dr,fixed30,75,1e-07,,,,4,cuda,torch,400,8,,8.77289,0.0911692,16.2274,0.0111524,4.16661,0.0427631,12.6273,0.00987981,30,2.63,2.549,2026-08-01T02:21:40,9124b27,2.13.0+cu130,gonzalo
48,0.8,40,n3,dr,fixed30,75,1e-07,,,,4,cuda,torch,400,8,,9.12593,0.0950343,16.2274,0.0111524,4.53848,0.0466235,12.6273,0.00987981,30,2.631,2.549,2026-08-01T02:21:40,9124b27,2.13.0+cu130,gonzalo
48,0.8,20,n3,dr,fixed30,75,1e-07,,,,4,cuda,torch,400,8,,9.61691,0.100241,16.2274,0.0111524,5.19225,0.0532742,12.6273,0.00987981,30,2.635,2.549,2026-08-01T02:21:40,9124b27,2.13.0+cu130,gonzalo
49,0.2,inf,n3,dr,fixed30,75,1e-07,,,,4,cuda,torch,400,8,,1.96209,0.0199777,3.88045,0.00343063,1.17048,0.0118789,2.94913,0.0026433,30,2.58,2.549,2026-08-01T02:21:40,9124b27,2.13.0+cu130,gonzalo
49,0.2,40,n3,dr,fixed30,75,1e-07,,,,4,cuda,torch,400,8,,2.8643,0.0291634,3.88045,0.00343063,1.90541,0.01939,2.94913,0.0026433,30,2.565,2.549,2026-08-01T02:21:40,9124b27,2.13.0+cu130,gonzalo
49,0.2,20,n3,dr,fixed30,75,1e-07,,,,4,cuda,torch,400,8,,5.53345,0.0555574,3.88045,0.00343063,3.82748,0.0387913,2.94913,0.0026433,30,2.562,2.549,2026-08-01T02:21:40,9124b27,2.13.0+cu130,gonzalo
49,0.4,inf,n3,dr,fixed30,75,1e-07,,,,4,cuda,torch,400,8,,4.15976,0.0428996,7.95542,0.0063492,2.65025,0.0273359,6.01722,0.00406846,30,2.566,2.549,2026-08-01T02:21:40,9124b27,2.13.0+cu130,gonzalo
49,0.4,40,n3,dr,fixed30,75,1e-07,,,,4,cuda,torch,400,8,,4.72624,0.0485395,7.95542,0.0063492,3.12152,0.0321827,6.01722,0.00406846,30,2.559,2.549,2026-08-01T02:21:40,9124b27,2.13.0+cu130,gonzalo
49,0.4,20,n3,dr,fixed30,75,1e-07,,,,4,cuda,torch,400,8,,6.81201,0.0687841,7.95542,0.0063492,4.55923,0.046539,6.01722,0.00406846,30,2.57,2.549,2026-08-01T02:21:40,9124b27,2.13.0+cu130,gonzalo
49,0.8,inf,n3,dr,fixed30,75,1e-07,,,,4,cuda,torch,400,8,,7.00438,0.0732313,16.736,0.0223604,4.13116,0.0432812,12.5314,0.0212916,30,2.569,2.549,2026-08-01T02:21:40,9124b27,2.13.0+cu130,gonzalo
49,0.8,40,n3,dr,fixed30,75,1e-07,,,,4,cuda,torch,400,8,,7.50387,0.0783931,16.736,0.0223604,4.45578,0.046566,12.5314,0.0212916,30,2.566,2.549,2026-08-01T02:21:40,9124b27,2.13.0+cu130,gonzalo
49,0.8,20,n3,dr,fixed30,75,1e-07,,,,4,cuda,torch,400,8,,8.74901,0.0907123,16.736,0.0223604,5.34685,0.0553485,12.5314,0.0212916,30,2.566,2.549,2026-08-01T02:21:40,9124b27,2.13.0+cu130,gonzalo
50,0.2,inf,n3,dr,fixed30,75,1e-07,,,,4,cuda,torch,400,8,,2.01057,0.0199965,4.0376,0.00252961,0.870456,0.00870516,3.21733,0.00224777,30,2.619,2.549,2026-08-01T02:21:40,9124b27,2.13.0+cu130,gonzalo
50,0.2,40,n3,dr,fixed30,75,1e-07,,,,4,cuda,torch,400,8,,2.31943,0.0234829,4.0376,0.00252961,1.32227,0.0133814,3.21733,0.00224777,30,2.569,2.549,2026-08-01T02:21:40,9124b27,2.13.0+cu130,gonzalo
50,0.2,20,n3,dr,fixed30,75,1e-07,,,,4,cuda,torch,400,8,,4.23021,0.042924,4.0376,0.00252961,2.95397,0.0299425,3.21733,0.00224777,30,2.563,2.549,2026-08-01T02:21:40,9124b27,2.13.0+cu130,gonzalo
50,0.4,inf,n3,dr,fixed30,75,1e-07,,,,4,cuda,torch,400,8,,3.87537,0.0387267,8.05919,0.00581902,1.90108,0.019204,6.42421,0.0056145,30,2.565,2.549,2026-08-01T02:21:40,9124b27,2.13.0+cu130,gonzalo
50,0.4,40,n3,dr,fixed30,75,1e-07,,,,4,cuda,torch,400,8,,4.2609,0.0432892,8.05919,0.00581902,2.48531,0.0254174,6.42421,0.0056145,30,2.616,2.549,2026-08-01T02:21:40,9124b27,2.13.0+cu130,gonzalo
50,0.4,20,n3,dr,fixed30,75,1e-07,,,,4,cuda,torch,400,8,,5.29925,0.0543362,8.05919,0.00581902,3.50748,0.0358891,6.42421,0.0056145,30,2.637,2.549,2026-08-01T02:21:40,9124b27,2.13.0+cu130,gonzalo
50,0.8,inf,n3,dr,fixed30,75,1e-07,,,,4,cuda,torch,400,8,,7.88538,0.0786827,16.0593,0.0150088,4.24459,0.0434107,12.8079,0.0155459,30,2.569,2.549,2026-08-01T02:21:40,9124b27,2.13.0+cu130,gonzalo
50,0.8,40,n3,dr,fixed30,75,1e-07,,,,4,cuda,torch,400,8,,8.04477,0.0806165,16.0593,0.0150088,4.39105,0.0450125,12.8079,0.0155459,30,2.58,2.549,2026-08-01T02:21:40,9124b27,2.13.0+cu130,gonzalo
50,0.8,20,n3,dr,fixed30,75,1e-07,,,,4,cuda,torch,400,8,,8.33963,0.0841995,16.0593,0.0150088,4.75271,0.0488071,12.8079,0.0155459,30,2.59,2.549,2026-08-01T02:21:40,9124b27,2.13.0+cu130,gonzalo
1,0.2,inf,n3,dr,default,75,1e-07,,,,4,cuda,torch,400,8,,1.78978,0.0182607,3.9497,0.00479213,0.83701,0.00845012,2.80681,0.00448657,50,4.237,4.266,2026-08-01T02:21:40,9124b27,2.13.0+cu130,gonzalo
1,0.2,40,n3,dr,default,75,1e-07,,,,4,cuda,torch,400,8,,3.31598,0.033484,3.9497,0.00479213,2.06373,0.0208341,2.80681,0.00448657,50,4.271,4.266,2026-08-01T02:21:40,9124b27,2.13.0+cu130,gonzalo
1,0.2,20,n3,dr,default,75,1e-07,,,,4,cuda,torch,400,8,,7.77777,0.0782409,3.9497,0.00479213,4.94072,0.0498903,2.80681,0.00448657,50,4.271,4.266,2026-08-01T02:21:40,9124b27,2.13.0+cu130,gonzalo
1,0.4,inf,n3,dr,default,75,1e-07,,,,4,cuda,torch,400,8,,3.46572,0.0352468,8.01912,0.0083344,1.83105,0.0185322,5.66111,0.00736837,50,4.23,4.266,2026-08-01T02:21:40,9124b27,2.13.0+cu130,gonzalo
1,0.4,40,n3,dr,default,75,1e-07,,,,4,cuda,torch,400,8,,5.15297,0.0521316,8.01912,0.0083344,3.0755,0.0311376,5.66111,0.00736837,50,4.236,4.266,2026-08-01T02:21:40,9124b27,2.13.0+cu130,gonzalo
1,0.4,20,n3,dr,default,75,1e-07,,,,4,cuda,torch,400,8,,9.02939,0.0908735,8.01912,0.0083344,5.58444,0.0563764,5.66111,0.00736837,50,4.232,4.266,2026-08-01T02:21:40,9124b27,2.13.0+cu130,gonzalo
1,0.8,inf,n3,dr,default,75,1e-07,,,,4,cuda,torch,400,8,,7.19579,0.0740542,16.5439,0.014373,3.72528,0.0378925,11.5177,0.0107413,50,4.23,4.266,2026-08-01T02:21:40,9124b27,2.13.0+cu130,gonzalo
1,0.8,40,n3,dr,default,75,1e-07,,,,4,cuda,torch,400,8,,8.53682,0.0877152,16.5439,0.014373,4.71347,0.0479048,11.5177,0.0107413,50,4.241,4.266,2026-08-01T02:21:40,9124b27,2.13.0+cu130,gonzalo
1,0.8,20,n3,dr,default,75,1e-07,,,,4,cuda,torch,400,8,,10.2802,0.105102,16.5439,0.014373,6.0314,0.061054,11.5177,0.0107413,50,4.262,4.266,2026-08-01T02:21:40,9124b27,2.13.0+cu130,gonzalo
2,0.2,inf,n3,dr,default,75,1e-07,,,,4,cuda,torch,400,8,,1.72568,0.0171483,3.87511,0.00273464,0.729421,0.00730254,3.28263,0.00185466,50,4.321,4.266,2026-08-01T02:21:40,9124b27,2.13.0+cu130,gonzalo
2,0.2,40,n3,dr,default,75,1e-07,,,,4,cuda,torch,400,8,,2.73599,0.0277277,3.87511,0.00273464,1.69407,0.0171075,3.28263,0.00185466,50,4.326,4.266,2026-08-01T02:21:40,9124b27,2.13.0+cu130,gonzalo
2,0.2,20,n3,dr,default,75,1e-07,,,,4,cuda,torch,400,8,,7.40606,0.0744842,3.87511,0.00273464,4.78717,0.0483524,3.28263,0.00185466,50,4.34,4.266,2026-08-01T02:21:40,9124b27,2.13.0+cu130,gonzalo
2,0.4,inf,n3,dr,default,75,1e-07,,,,4,cuda,torch,400,8,,3.86286,0.0384606,7.6336,0.00623601,1.77088,0.0178177,6.49394,0.00474227,50,4.361,4.266,2026-08-01T02:21:40,9124b27,2.13.0+cu130,gonzalo
2,0.4,40,n3,dr,default,75,1e-07,,,,4,cuda,torch,400,8,,4.76453,0.0481621,7.6336,0.00623601,2.6727,0.0270867,6.49394,0.00474227,50,4.243,4.266,2026-08-01T02:21:40,9124b27,2.13.0+cu130,gonzalo
2,0.4,20,n3,dr,default,75,1e-07,,,,4,cuda,torch,400,8,,7.76898,0.0787634,7.6336,0.00623601,4.9561,0.0502484,6.49394,0.00474227,50,4.249,4.266,2026-08-01T02:21:40,9124b27,2.13.0+cu130,gonzalo
2,0.8,inf,n3,dr,default,75,1e-07,,,,4,cuda,torch,400,8,,7.67739,0.0770302,14.8258,0.0188542,3.86598,0.0392104,12.7108,0.0174539,50,4.265,4.266,2026-08-01T02:21:40,9124b27,2.13.0+cu130,gonzalo
2,0.8,40,n3,dr,default,75,1e-07,,,,4,cuda,torch,400,8,,8.33589,0.0842678,14.8258,0.0188542,4.45461,0.0453449,12.7108,0.0174539,50,4.24,4.266,2026-08-01T02:21:40,9124b27,2.13.0+cu130,gonzalo
2,0.8,20,n3,dr,default,75,1e-07,,,,4,cuda,torch,400,8,,9.34711,0.0953374,14.8258,0.0188542,5.44926,0.0555178,12.7108,0.0174539,50,4.259,4.266,2026-08-01T02:21:40,9124b27,2.13.0+cu130,gonzalo
3,0.2,inf,n3,dr,default,75,1e-07,,,,4,cuda,torch,400,8,,1.66451,0.0167655,3.96223,0.001591,0.702574,0.0070606,2.92538,0.00121479,50,4.252,4.266,2026-08-01T02:21:40,9124b27,2.13.0+cu130,gonzalo
3,0.2,40,n3,dr,default,75,1e-07,,,,4,cuda,torch,400,8,,2.67478,0.0271007,3.96223,0.001591,1.63154,0.0164669,2.92538,0.00121479,50,4.251,4.266,2026-08-01T02:21:40,9124b27,2.13.0+cu130,gonzalo
3,0.2,20,n3,dr,default,75,1e-07,,,,4,cuda,torch,400,8,,7.14403,0.071804,3.96223,0.001591,4.62972,0.0467883,2.92538,0.00121479,50,4.252,4.266,2026-08-01T02:21:40,9124b27,2.13.0+cu130,gonzalo
3,0.4,inf,n3,dr,default,75,1e-07,,,,4,cuda,torch,400,8,,3.16709,0.0321377,8.00337,0.00308768,1.51311,0.0153218,5.87492,0.00213631,50,4.248,4.266,2026-08-01T02:21:40,9124b27,2.13.0+cu130,gonzalo
3,0.4,40,n3,dr,default,75,1e-07,,,,4,cuda,torch,400,8,,3.99822,0.0406463,8.00337,0.00308768,2.39745,0.0243212,5.87492,0.00213631,50,4.286,4.266,2026-08-01T02:21:40,9124b27,2.13.0+cu130,gonzalo
3,0.4,20,n3,dr,default,75,1e-07,,,,4,cuda,torch,400,8,,7.76989,0.0781518,8.00337,0.00308768,5.00609,0.0506283,5.87492,0.00213631,50,4.274,4.266,2026-08-01T02:21:40,9124b27,2.13.0+cu130,gonzalo
3,0.8,inf,n3,dr,default,75,1e-07,,,,4,cuda,torch,400,8,,6.11307,0.06252,16.3393,0.00715361,3.028,0.0308645,11.8498,0.00503285,50,4.234,4.266,2026-08-01T02:21:40,9124b27,2.13.0+cu130,gonzalo
3,0.8,40,n3,dr,default,75,1e-07,,,,4,cuda,torch,400,8,,7.07106,0.0728869,16.3393,0.00715361,3.88564,0.0397386,11.8498,0.00503285,50,4.248,4.266,2026-08-01T02:21:40,9124b27,2.13.0+cu130,gonzalo
3,0.8,20,n3,dr,default,75,1e-07,,,,4,cuda,torch,400,8,,8.87879,0.0913109,16.3393,0.00715361,5.32717,0.0542171,11.8498,0.00503285,50,4.253,4.266,2026-08-01T02:21:40,9124b27,2.13.0+cu130,gonzalo
4,0.2,inf,n3,dr,default,75,1e-07,,,,4,cuda,torch,400,8,,1.86022,0.0188114,4.78204,0.00301097,0.874719,0.00873634,3.64935,0.00229466,50,4.34,4.266,2026-08-01T02:21:40,9124b27,2.13.0+cu130,gonzalo
4,0.2,40,n3,dr,default,75,1e-07,,,,4,cuda,torch,400,8,,2.74827,0.02803,4.78204,0.00301097,1.3447,0.0135444,3.64935,0.00229466,50,4.25,4.266,2026-08-01T02:21:40,9124b27,2.13.0+cu130,gonzalo
4,0.2,20,n3,dr,default,75,1e-07,,,,4,cuda,torch,400,8,,7.03321,0.071692,4.78204,0.00301097,4.35698,0.0439565,3.64935,0.00229466,50,4.252,4.266,2026-08-01T02:21:40,9124b27,2.13.0+cu130,gonzalo
4,0.4,inf,n3,dr,default,75,1e-07,,,,4,cuda,torch,400,8,,3.47113,0.035082,9.53594,0.00774396,1.92952,0.019063,7.282,0.00671299,50,4.249,4.266,2026-08-01T02:21:40,9124b27,2.13.0+cu130,gonzalo
4,0.4,40,n3,dr,default,75,1e-07,,,,4,cuda,torch,400,8,,4.09442,0.042001,9.53594,0.00774396,2.01844,0.0203101,7.282,0.00671299,50,4.243,4.266,2026-08-01T02:21:40,9124b27,2.13.0+cu130,gonzalo
4,0.4,20,n3,dr,default,75,1e-07,,,,4,cuda,torch,400,8,,7.81125,0.0806461,9.53594,0.00774396,4.64427,0.0469488,7.282,0.00671299,50,4.25,4.266,2026-08-01T02:21:40,9124b27,2.13.0+cu130,gonzalo
4,0.8,inf,n3,dr,default,75,1e-07,,,,4,cuda,torch,400,8,,7.72723,0.078496,18.9441,0.0310387,4.59005,0.0448703,14.4923,0.0302869,50,4.233,4.266,2026-08-01T02:21:40,9124b27,2.13.0+cu130,gonzalo
4,0.8,40,n3,dr,default,75,1e-07,,,,4,cuda,torch,400,8,,8.22391,0.0848917,18.9441,0.0310387,4.2079,0.0421383,14.4923,0.0302869,50,4.24,4.266,2026-08-01T02:21:40,9124b27,2.13.0+cu130,gonzalo
4,0.8,20,n3,dr,default,75,1e-07,,,,4,cuda,torch,400,8,,9.73512,0.103037,18.9441,0.0310387,5.11446,0.0522104,14.4923,0.0302869,50,4.248,4.266,2026-08-01T02:21:40,9124b27,2.13.0+cu130,gonzalo
5,0.2,inf,n3,dr,default,75,1e-07,,,,4,cuda,torch,400,8,,2.18987,0.0220238,3.59851,0.0129451,0.899989,0.00904512,2.63017,0.0134565,50,4.272,4.266,2026-08-01T02:21:40,9124b27,2.13.0+cu130,gonzalo
5,0.2,40,n3,dr,default,75,1e-07,,,,4,cuda,torch,400,8,,2.30966,0.0235686,3.59851,0.0129451,1.43342,0.0144889,2.63017,0.0134565,50,4.254,4.266,2026-08-01T02:21:40,9124b27,2.13.0+cu130,gonzalo
5,0.2,20,n3,dr,default,75,1e-07,,,,4,cuda,torch,400,8,,6.7387,0.0675328,3.59851,0.0129451,4.48505,0.0452983,2.63017,0.0134565,50,4.251,4.266,2026-08-01T02:21:40,9124b27,2.13.0+cu130,gonzalo
5,0.4,inf,n3,dr,default,75,1e-07,,,,4,cuda,torch,400,8,,3.72009,0.0371881,7.25264,0.0289317,1.54555,0.0155567,5.28404,0.0299439,50,4.208,4.266,2026-08-01T02:21:40,9124b27,2.13.0+cu130,gonzalo
5,0.4,40,n3,dr,default,75,1e-07,,,,4,cuda,torch,400,8,,3.54969,0.0361887,7.25264,0.0289317,1.92255,0.0195237,5.28404,0.0299439,50,4.24,4.266,2026-08-01T02:21:40,9124b27,2.13.0+cu130,gonzalo
5,0.4,20,n3,dr,default,75,1e-07,,,,4,cuda,torch,400,8,,6.33943,0.0635898,7.25264,0.0289317,4.3266,0.0438,5.28404,0.0299439,50,4.225,4.266,2026-08-01T02:21:40,9124b27,2.13.0+cu130,gonzalo
5,0.8,inf,n3,dr,default,75,1e-07,,,,4,cuda,torch,400,8,,5.99469,0.0597404,14.7383,0.0709379,2.60826,0.0263957,10.6651,0.0724598,50,4.262,4.266,2026-08-01T02:21:40,9124b27,2.13.0+cu130,gonzalo
5,0.8,40,n3,dr,default,75,1e-07,,,,4,cuda,torch,400,8,,6.0824,0.0618178,14.7383,0.0709379,3.08527,0.0315458,10.6651,0.0724598,50,4.272,4.266,2026-08-01T02:21:40,9124b27,2.13.0+cu130,gonzalo
5,0.8,20,n3,dr,default,75,1e-07,,,,4,cuda,torch,400,8,,7.13599,0.0731668,14.7383,0.0709379,4.52919,0.0462483,10.6651,0.0724598,50,4.268,4.266,2026-08-01T02:21:40,9124b27,2.13.0+cu130,gonzalo
6,0.2,inf,n3,dr,default,75,1e-07,,,,4,cuda,torch,400,8,,1.71083,0.0173309,4.06629,0.00236199,0.732828,0.00735531,3.49629,0.00192267,50,4.208,4.266,2026-08-01T02:21:40,9124b27,2.13.0+cu130,gonzalo
6,0.2,40,n3,dr,default,75,1e-07,,,,4,cuda,torch,400,8,,2.78681,0.0284123,4.06629,0.00236199,1.39678,0.0140689,3.49629,0.00192267,50,4.278,4.266,2026-08-01T02:21:40,9124b27,2.13.0+cu130,gonzalo
6,0.2,20,n3,dr,default,75,1e-07,,,,4,cuda,torch,400,8,,6.91508,0.0701655,4.06629,0.00236199,4.21726,0.0425223,3.49629,0.00192267,50,4.278,4.266,2026-08-01T02:21:40,9124b27,2.13.0+cu130,gonzalo
6,0.4,inf,n3,dr,default,75,1e-07,,,,4,cuda,torch,400,8,,3.59427,0.0368453,8.07184,0.00492231,1.5189,0.015323,6.96086,0.00401434,50,4.342,4.266,2026-08-01T02:21:40,9124b27,2.13.0+cu130,gonzalo
6,0.4,40,n3,dr,default,75,1e-07,,,,4,cuda,torch,400,8,,4.54825,0.0469768,8.07184,0.00492231,2.05642,0.02085,6.96086,0.00401434,50,4.241,4.266,2026-08-01T02:21:40,9124b27,2.13.0+cu130,gonzalo
6,0.4,20,n3,dr,default,75,1e-07,,,,4,cuda,torch,400,8,,8.52003,0.0875415,8.07184,0.00492231,4.94014,0.0498428,6.96086,0.00401434,50,4.286,4.266,2026-08-01T02:21:40,9124b27,2.13.0+cu130,gonzalo
6,0.8,inf,n3,dr,default,75,1e-07,,,,4,cuda,torch,400,8,,8.26372,0.0869858,15.9113,0.011515,3.67991,0.0377072,13.797,0.00987448,50,4.236,4.266,2026-08-01T02:21:40,9124b27,2.13.0+cu130,gonzalo
6,0.8,40,n3,dr,default,75,1e-07,,,,4,cuda,torch,400,8,,9.30486,0.0982028,15.9113,0.011515,4.40103,0.0450777,13.797,0.00987448,50,4.318,4.266,2026-08-01T02:21:40,9124b27,2.13.0+cu130,gonzalo
6,0.8,20,n3,dr,default,75,1e-07,,,,4,cuda,torch,400,8,,10.9105,0.114888,15.9113,0.011515,5.75255,0.0585876,13.797,0.00987448,50,4.317,4.266,2026-08-01T02:21:40,9124b27,2.13.0+cu130,gonzalo
7,0.2,inf,n3,dr,default,75,1e-07,,,,4,cuda,torch,400,8,,1.76605,0.0180022,5.05801,0.00312917,0.761345,0.00766201,4.27706,0.00246918,50,4.275,4.266,2026-08-01T02:21:40,9124b27,2.13.0+cu130,gonzalo
7,0.2,40,n3,dr,default,75,1e-07,,,,4,cuda,torch,400,8,,3.06648,0.0313573,5.05801,0.00312917,1.66906,0.0168588,4.27706,0.00246918,50,4.383,4.266,2026-08-01T02:21:40,9124b27,2.13.0+cu130,gonzalo
7,0.2,20,n3,dr,default,75,1e-07,,,,4,cuda,torch,400,8,,7.368,0.0748797,5.05801,0.00312917,4.56313,0.0461351,4.27706,0.00246918,50,4.58,4.266,2026-08-01T02:21:40,9124b27,2.13.0+cu130,gonzalo
7,0.4,inf,n3,dr,default,75,1e-07,,,,4,cuda,torch,400,8,,3.59156,0.0371676,10.1879,0.00663565,1.57558,0.0159644,8.59942,0.00565098,50,4.265,4.266,2026-08-01T02:21:40,9124b27,2.13.0+cu130,gonzalo
7,0.4,40,n3,dr,default,75,1e-07,,,,4,cuda,torch,400,8,,4.69586,0.0486338,10.1879,0.00663565,2.43751,0.0247499,8.59942,0.00565098,50,4.279,4.266,2026-08-01T02:21:40,9124b27,2.13.0+cu130,gonzalo
7,0.4,20,n3,dr,default,75,1e-07,,,,4,cuda,torch,400,8,,8.28947,0.0849019,10.1879,0.00663565,5.00494,0.0506813,8.59942,0.00565098,50,4.289,4.266,2026-08-01T02:21:40,9124b27,2.13.0+cu130,gonzalo
7,0.8,inf,n3,dr,default,75,1e-07,,,,4,cuda,torch,400,8,,7.67941,0.081232,20.6432,0.0154814,3.9112,0.0401136,17.3717,0.0139716,50,4.291,4.266,2026-08-01T02:21:40,9124b27,2.13.0+cu130,gonzalo
7,0.8,40,n3,dr,default,75,1e-07,,,,4,cuda,torch,400,8,,8.50745,0.0898264,20.6432,0.0154814,4.59757,0.0471195,17.3717,0.0139716,50,4.277,4.266,2026-08-01T02:21:40,9124b27,2.13.0+cu130,gonzalo
7,0.8,20,n3,dr,default,75,1e-07,,,,4,cuda,torch,400,8,,9.68733,0.101859,20.6432,0.0154814,5.62296,0.0574071,17.3717,0.0139716,50,4.3,4.266,2026-08-01T02:21:40,9124b27,2.13.0+cu130,gonzalo
8,0.2,inf,n3,dr,default,75,1e-07,,,,4,cuda,torch,400,8,,1.67412,0.017028,4.18503,0.00217594,0.754834,0.00756932,3.35071,0.00130623,50,4.231,4.266,2026-08-01T02:21:40,9124b27,2.13.0+cu130,gonzalo
8,0.2,40,n3,dr,default,75,1e-07,,,,4,cuda,torch,400,8,,2.78224,0.028433,4.18503,0.00217594,1.41043,0.0142278,3.35071,0.00130623,50,4.273,4.266,2026-08-01T02:21:40,9124b27,2.13.0+cu130,gonzalo
8,0.2,20,n3,dr,default,75,1e-07,,,,4,cuda,torch,400,8,,7.55264,0.076834,4.18503,0.00217594,4.59597,0.0463798,3.35071,0.00130623,50,4.281,4.266,2026-08-01T02:21:40,9124b27,2.13.0+cu130,gonzalo
8,0.4,inf,n3,dr,default,75,1e-07,,,,4,cuda,torch,400,8,,3.06698,0.0313733,8.39204,0.00468117,1.42769,0.0143019,6.70955,0.00318396,50,4.285,4.266,2026-08-01T02:21:40,9124b27,2.13.0+cu130,gonzalo
8,0.4,40,n3,dr,default,75,1e-07,,,,4,cuda,torch,400,8,,4.14303,0.0428386,8.39204,0.00468117,2.01501,0.020404,6.70955,0.00318396,50,4.42,4.266,2026-08-01T02:21:40,9124b27,2.13.0+cu130,gonzalo
8,0.4,20,n3,dr,default,75,1e-07,,,,4,cuda,torch,400,8,,8.21531,0.0840134,8.39204,0.00468117,4.87007,0.0491975,6.70955,0.00318396,50,4.357,4.266,2026-08-01T02:21:40,9124b27,2.13.0+cu130,gonzalo
8,0.8,inf,n3,dr,default,75,1e-07,,,,4,cuda,torch,400,8,,6.28512,0.0650683,16.8781,0.0116011,3.1382,0.0313965,13.4553,0.00958733,50,4.223,4.266,2026-08-01T02:21:40,9124b27,2.13.0+cu130,gonzalo
8,0.8,40,n3,dr,default,75,1e-07,,,,4,cuda,torch,400,8,,6.8185,0.0712523,16.8781,0.0116011,3.33876,0.0338144,13.4553,0.00958733,50,4.476,4.266,2026-08-01T02:21:40,9124b27,2.13.0+cu130,gonzalo
8,0.8,20,n3,dr,default,75,1e-07,,,,4,cuda,torch,400,8,,8.46281,0.089087,16.8781,0.0116011,4.55464,0.0464351,13.4553,0.00958733,50,4.547,4.266,2026-08-01T02:21:40,9124b27,2.13.0+cu130,gonzalo
9,0.2,inf,n3,dr,default,75,1e-07,,,,4,cuda,torch,400,8,,2.22134,0.0225369,5.10647,0.00625156,0.915547,0.00922314,4.26559,0.00622246,50,4.431,4.266,2026-08-01T02:21:40,9124b27,2.13.0+cu130,gonzalo
9,0.2,40,n3,dr,default,75,1e-07,,,,4,cuda,torch,400,8,,3.46591,0.0352797,5.10647,0.00625156,1.87358,0.0188982,4.26559,0.00622246,50,4.32,4.266,2026-08-01T02:21:40,9124b27,2.13.0+cu130,gonzalo
9,0.2,20,n3,dr,default,75,1e-07,,,,4,cuda,torch,400,8,,8.02861,0.0810915,5.10647,0.00625156,4.98007,0.0502317,4.26559,0.00622246,50,4.306,4.266,2026-08-01T02:21:40,9124b27,2.13.0+cu130,gonzalo
9,0.4,inf,n3,dr,default,75,1e-07,,,,4,cuda,torch,400,8,,5.72089,0.0591916,10.3212,0.0156022,2.90521,0.0295052,8.62854,0.0160915,50,4.274,4.266,2026-08-01T02:21:40,9124b27,2.13.0+cu130,gonzalo
9,0.4,40,n3,dr,default,75,1e-07,,,,4,cuda,torch,400,8,,7.27774,0.0749973,10.3212,0.0156022,4.08083,0.0413708,8.62854,0.0160915,50,4.291,4.266,2026-08-01T02:21:40,9124b27,2.13.0+cu130,gonzalo
9,0.4,20,n3,dr,default,75,1e-07,,,,4,cuda,torch,400,8,,9.59279,0.0981634,10.3212,0.0156022,5.77571,0.0583591,8.62854,0.0160915,50,4.278,4.266,2026-08-01T02:21:40,9124b27,2.13.0+cu130,gonzalo
9,0.8,inf,n3,dr,default,75,1e-07,,,,4,cuda,torch,400,8,,10.0828,0.107485,21.0496,0.0420231,5.17271,0.0530523,17.644,0.04379,50,4.397,4.266,2026-08-01T02:21:40,9124b27,2.13.0+cu130,gonzalo
9,0.8,40,n3,dr,default,75,1e-07,,,,4,cuda,torch,400,8,,10.7307,0.114103,21.0496,0.0420231,5.78092,0.0591803,17.644,0.04379,50,4.564,4.266,2026-08-01T02:21:40,9124b27,2.13.0+cu130,gonzalo
9,0.8,20,n3,dr,default,75,1e-07,,,,4,cuda,torch,400,8,,11.1049,0.117634,21.0496,0.0420231,6.36197,0.0649575,17.644,0.04379,50,4.531,4.266,2026-08-01T02:21:40,9124b27,2.13.0+cu130,gonzalo
10,0.2,inf,n3,dr,default,75,1e-07,,,,4,cuda,torch,400,8,,1.68131,0.0165419,4.29961,0.00355008,0.740806,0.00736723,3.72893,0.0032509,50,4.277,4.266,2026-08-01T02:21:40,9124b27,2.13.0+cu130,gonzalo
10,0.2,40,n3,dr,default,75,1e-07,,,,4,cuda,torch,400,8,,2.37975,0.0241065,4.29961,0.00355008,1.56783,0.015837,3.72893,0.0032509,50,4.286,4.266,2026-08-01T02:21:40,9124b27,2.13.0+cu130,gonzalo
10,0.2,20,n3,dr,default,75,1e-07,,,,4,cuda,torch,400,8,,6.66106,0.0671862,4.29961,0.00355008,4.38931,0.044424,3.72893,0.0032509,50,4.262,4.266,2026-08-01T02:21:40,9124b27,2.13.0+cu130,gonzalo
10,0.4,inf,n3,dr,default,75,1e-07,,,,4,cuda,torch,400,8,,3.17364,0.0318735,8.6009,0.00686183,1.64835,0.0166357,7.43999,0.00585708,50,4.453,4.266,2026-08-01T02:21:40,9124b27,2.13.0+cu130,gonzalo
10,0.4,40,n3,dr,default,75,1e-07,,,,4,cuda,torch,400,8,,4.082,0.0415677,8.6009,0.00686183,2.6521,0.0269835,7.43999,0.00585708,50,4.293,4.266,2026-08-01T02:21:40,9124b27,2.13.0+cu130,gonzalo
10,0.4,20,n3,dr,default,75,1e-07,,,,4,cuda,torch,400,8,,7.00613,0.0708321,8.6009,0.00686183,4.64685,0.0471518,7.43999,0.00585708,50,4.221,4.266,2026-08-01T02:21:40,9124b27,2.13.0+cu130,gonzalo
10,0.8,inf,n3,dr,default,75,1e-07,,,,4,cuda,torch,400,8,,6.26619,0.0631635,17.2108,0.0134552,3.51029,0.0358513,14.8099,0.00995171,50,4.206,4.266,2026-08-01T02:21:40,9124b27,2.13.0+cu130,gonzalo
10,0.8,40,n3,dr,default,75,1e-07,,,,4,cuda,torch,400,8,,6.86418,0.069808,17.2108,0.0134552,4.05127,0.041508,14.8099,0.00995171,50,4.207,4.266,2026-08-01T02:21:40,9124b27,2.13.0+cu130,gonzalo
10,0.8,20,n3,dr,default,75,1e-07,,,,4,cuda,torch,400,8,,8.16469,0.0834189,17.2108,0.0134552,5.2026,0.0531744,14.8099,0.00995171,50,4.201,4.266,2026-08-01T02:21:40,9124b27,2.13.0+cu130,gonzalo
11,0.2,inf,n3,dr,default,75,1e-07,,,,4,cuda,torch,400,8,,0.932675,0.00927117,4.13092,0.00249512,0.379453,0.00378229,3.25046,0.00198902,50,4.2,4.266,2026-08-01T02:21:40,9124b27,2.13.0+cu130,gonzalo
11,0.2,40,n3,dr,default,75,1e-07,,,,4,cuda,torch,400,8,,1.73297,0.017487,4.13092,0.00249512,1.08777,0.0109319,3.25046,0.00198902,50,4.197,4.266,2026-08-01T02:21:40,9124b27,2.13.0+cu130,gonzalo
11,0.2,20,n3,dr,default,75,1e-07,,,,4,cuda,torch,400,8,,6.26991,0.0633688,4.13092,0.00249512,4.02913,0.0406771,3.25046,0.00198902,50,4.207,4.266,2026-08-01T02:21:40,9124b27,2.13.0+cu130,gonzalo
11,0.4,inf,n3,dr,default,75,1e-07,,,,4,cuda,torch,400,8,,2.13178,0.0211563,8.14426,0.00511966,0.834725,0.00832872,6.441,0.00393651,50,4.202,4.266,2026-08-01T02:21:40,9124b27,2.13.0+cu130,gonzalo
11,0.4,40,n3,dr,default,75,1e-07,,,,4,cuda,torch,400,8,,3.04117,0.030861,8.14426,0.00511966,1.63133,0.0164798,6.441,0.00393651,50,4.202,4.266,2026-08-01T02:21:40,9124b27,2.13.0+cu130,gonzalo
11,0.4,20,n3,dr,default,75,1e-07,,,,4,cuda,torch,400,8,,7.08798,0.0721206,8.14426,0.00511966,4.45,0.0449698,6.441,0.00393651,50,4.208,4.266,2026-08-01T02:21:40,9124b27,2.13.0+cu130,gonzalo
11,0.8,inf,n3,dr,default,75,1e-07,,,,4,cuda,torch,400,8,,6.17969,0.0629351,15.8344,0.0134185,2.74828,0.0278911,12.6463,0.0103901,50,4.224,4.266,2026-08-01T02:21:40,9124b27,2.13.0+cu130,gonzalo
11,0.8,40,n3,dr,default,75,1e-07,,,,4,cuda,torch,400,8,,7.0619,0.0726066,15.8344,0.0134185,3.54103,0.0361029,12.6463,0.0103901,50,4.203,4.266,2026-08-01T02:21:40,9124b27,2.13.0+cu130,gonzalo
11,0.8,20,n3,dr,default,75,1e-07,,,,4,cuda,torch,400,8,,8.8707,0.0920339,15.8344,0.0134185,5.0018,0.050947,12.6463,0.0103901,50,4.218,4.266,2026-08-01T02:21:40,9124b27,2.13.0+cu130,gonzalo
12,0.2,inf,n3,dr,default,75,1e-07,,,,4,cuda,torch,400,8,,1.73124,0.017632,4.05114,0.00385829,0.808607,0.00814473,3.24863,0.00302982,50,4.199,4.266,2026-08-01T02:21:40,9124b27,2.13.0+cu130,gonzalo
12,0.2,40,n3,dr,default,75,1e-07,,,,4,cuda,torch,400,8,,3.69366,0.0376701,4.05114,0.00385829,2.10567,0.021301,3.24863,0.00302982,50,4.194,4.266,2026-08-01T02:21:40,9124b27,2.13.0+cu130,gonzalo
12,0.2,20,n3,dr,default,75,1e-07,,,,4,cuda,torch,400,8,,7.93324,0.0805816,4.05114,0.00385829,4.90918,0.0496937,3.24863,0.00302982,50,4.233,4.266,2026-08-01T02:21:40,9124b27,2.13.0+cu130,gonzalo
12,0.4,inf,n3,dr,default,75,1e-07,,,,4,cuda,torch,400,8,,3.90795,0.0402988,8.20754,0.00696482,1.91867,0.0194323,6.54936,0.00432617,50,4.233,4.266,2026-08-01T02:21:40,9124b27,2.13.0+cu130,gonzalo
12,0.4,40,n3,dr,default,75,1e-07,,,,4,cuda,torch,400,8,,6.12757,0.0629597,8.20754,0.00696482,3.47729,0.0353382,6.54936,0.00432617,50,4.239,4.266,2026-08-01T02:21:40,9124b27,2.13.0+cu130,gonzalo
12,0.4,20,n3,dr,default,75,1e-07,,,,4,cuda,torch,400,8,,9.25643,0.0944693,8.20754,0.00696482,5.57581,0.0565467,6.54936,0.00432617,50,4.253,4.266,2026-08-01T02:21:40,9124b27,2.13.0+cu130,gonzalo
12,0.8,inf,n3,dr,default,75,1e-07,,,,4,cuda,torch,400,8,,7.60562,0.0789051,16.8609,0.0255927,4.1057,0.0419845,13.3153,0.0231804,50,4.239,4.266,2026-08-01T02:21:40,9124b27,2.13.0+cu130,gonzalo
12,0.8,40,n3,dr,default,75,1e-07,,,,4,cuda,torch,400,8,,8.91123,0.0922387,16.8609,0.0255927,4.94278,0.0505511,13.3153,0.0231804,50,4.241,4.266,2026-08-01T02:21:40,9124b27,2.13.0+cu130,gonzalo
12,0.8,20,n3,dr,default,75,1e-07,,,,4,cuda,torch,400,8,,10.5579,0.108762,16.8609,0.0255927,6.18509,0.0630045,13.3153,0.0231804,50,4.24,4.266,2026-08-01T02:21:40,9124b27,2.13.0+cu130,gonzalo
13,0.2,inf,n3,dr,default,75,1e-07,,,,4,cuda,torch,400,8,,1.27738,0.0129146,4.05033,0.00298108,0.529081,0.00530962,3.34827,0.0022011,50,4.235,4.266,2026-08-01T02:21:40,9124b27,2.13.0+cu130,gonzalo
13,0.2,40,n3,dr,default,75,1e-07,,,,4,cuda,torch,400,8,,2.68949,0.0273214,4.05033,0.00298108,1.53986,0.0155403,3.34827,0.0022011,50,4.236,4.266,2026-08-01T02:21:40,9124b27,2.13.0+cu130,gonzalo
13,0.2,20,n3,dr,default,75,1e-07,,,,4,cuda,torch,400,8,,7.29132,0.0739303,4.05033,0.00298108,4.62357,0.0466885,3.34827,0.0022011,50,4.246,4.266,2026-08-01T02:21:40,9124b27,2.13.0+cu130,gonzalo
13,0.4,inf,n3,dr,default,75,1e-07,,,,4,cuda,torch,400,8,,2.75753,0.0282648,8.10184,0.00584614,1.22987,0.0124375,6.70213,0.00394054,50,4.238,4.266,2026-08-01T02:21:40,9124b27,2.13.0+cu130,gonzalo
13,0.4,40,n3,dr,default,75,1e-07,,,,4,cuda,torch,400,8,,4.36865,0.0449783,8.10184,0.00584614,2.33073,0.0236593,6.70213,0.00394054,50,4.242,4.266,2026-08-01T02:21:40,9124b27,2.13.0+cu130,gonzalo
13,0.4,20,n3,dr,default,75,1e-07,,,,4,cuda,torch,400,8,,7.55271,0.0772121,8.10184,0.00584614,4.66974,0.0472602,6.70213,0.00394054,50,4.242,4.266,2026-08-01T02:21:40,9124b27,2.13.0+cu130,gonzalo
13,0.8,inf,n3,dr,default,75,1e-07,,,,4,cuda,torch,400,8,,6.03015,0.0626377,16.2094,0.0131298,2.93177,0.0299388,13.4247,0.00849386,50,4.247,4.266,2026-08-01T02:21:40,9124b27,2.13.0+cu130,gonzalo
13,0.8,40,n3,dr,default,75,1e-07,,,,4,cuda,torch,400,8,,6.80386,0.0707523,16.2094,0.0131298,3.59305,0.0367487,13.4247,0.00849386,50,4.238,4.266,2026-08-01T02:21:40,9124b27,2.13.0+cu130,gonzalo
13,0.8,20,n3,dr,default,75,1e-07,,,,4,cuda,torch,400,8,,8.42145,0.0874638,16.2094,0.0131298,4.93524,0.0502598,13.4247,0.00849386,50,4.23,4.266,2026-08-01T02:21:40,9124b27,2.13.0+cu130,gonzalo
14,0.2,inf,n3,dr,default,75,1e-07,,,,4,cuda,torch,400,8,,2.36484,0.023318,4.54633,0.00229305,1.00762,0.0100597,3.80653,0.00201862,50,4.244,4.266,2026-08-01T02:21:40,9124b27,2.13.0+cu130,gonzalo
14,0.2,40,n3,dr,default,75,1e-07,,,,4,cuda,torch,400,8,,2.5933,0.026269,4.54633,0.00229305,1.6812,0.0170375,3.80653,0.00201862,50,4.348,4.266,2026-08-01T02:21:40,9124b27,2.13.0+cu130,gonzalo
14,0.2,20,n3,dr,default,75,1e-07,,,,4,cuda,torch,400,8,,6.25332,0.0627797,4.54633,0.00229305,4.27571,0.0432944,3.80653,0.00201862,50,4.445,4.266,2026-08-01T02:21:40,9124b27,2.13.0+cu130,gonzalo
14,0.4,inf,n3,dr,default,75,1e-07,,,,4,cuda,torch,400,8,,4.23969,0.0421075,9.00622,0.00476783,2.08854,0.0211031,7.57758,0.00421876,50,4.422,4.266,2026-08-01T02:21:40,9124b27,2.13.0+cu130,gonzalo
14,0.4,40,n3,dr,default,75,1e-07,,,,4,cuda,torch,400,8,,4.30847,0.0435618,9.00622,0.00476783,2.7187,0.0277899,7.57758,0.00421876,50,4.455,4.266,2026-08-01T02:21:40,9124b27,2.13.0+cu130,gonzalo
14,0.4,20,n3,dr,default,75,1e-07,,,,4,cuda,torch,400,8,,6.4512,0.0650002,9.00622,0.00476783,4.52203,0.0460289,7.57758,0.00421876,50,4.367,4.266,2026-08-01T02:21:40,9124b27,2.13.0+cu130,gonzalo
14,0.8,inf,n3,dr,default,75,1e-07,,,,4,cuda,torch,400,8,,7.53931,0.0732354,17.6734,0.013065,3.79422,0.0384831,15.0144,0.012035,50,4.305,4.266,2026-08-01T02:21:40,9124b27,2.13.0+cu130,gonzalo
14,0.8,40,n3,dr,default,75,1e-07,,,,4,cuda,torch,400,8,,7.67142,0.0756052,17.6734,0.013065,4.14248,0.0424343,15.0144,0.012035,50,4.379,4.266,2026-08-01T02:21:40,9124b27,2.13.0+cu130,gonzalo
14,0.8,20,n3,dr,default,75,1e-07,,,,4,cuda,torch,400,8,,8.26039,0.0831626,17.6734,0.013065,4.99606,0.0513722,15.0144,0.012035,50,4.372,4.266,2026-08-01T02:21:40,9124b27,2.13.0+cu130,gonzalo
15,0.2,inf,n3,dr,default,75,1e-07,,,,4,cuda,torch,400,8,,1.76733,0.0181433,3.96115,0.00276719,0.731793,0.00737865,3.37665,0.00160738,50,4.389,4.266,2026-08-01T02:21:40,9124b27,2.13.0+cu130,gonzalo
15,0.2,40,n3,dr,default,75,1e-07,,,,4,cuda,torch,400,8,,3.22492,0.0329974,3.96115,0.00276719,1.70489,0.0172001,3.37665,0.00160738,50,4.399,4.266,2026-08-01T02:21:40,9124b27,2.13.0+cu130,gonzalo
15,0.2,20,n3,dr,default,75,1e-07,,,,4,cuda,torch,400,8,,7.75906,0.0789636,3.96115,0.00276719,4.6976,0.0474581,3.37665,0.00160738,50,4.378,4.266,2026-08-01T02:21:40,9124b27,2.13.0+cu130,gonzalo
15,0.4,inf,n3,dr,default,75,1e-07,,,,4,cuda,torch,400,8,,3.46222,0.0359604,8.11356,0.00647506,1.51604,0.0153585,6.86777,0.00395029,50,4.324,4.266,2026-08-01T02:21:40,9124b27,2.13.0+cu130,gonzalo
15,0.4,40,n3,dr,default,75,1e-07,,,,4,cuda,torch,400,8,,4.8888,0.0505621,8.11356,0.00647506,2.48087,0.0251484,6.86777,0.00395029,50,4.351,4.266,2026-08-01T02:21:40,9124b27,2.13.0+cu130,gonzalo
15,0.4,20,n3,dr,default,75,1e-07,,,,4,cuda,torch,400,8,,8.66279,0.0886369,8.11356,0.00647506,5.09547,0.0515117,6.86777,0.00395029,50,4.347,4.266,2026-08-01T02:21:40,9124b27,2.13.0+cu130,gonzalo
15,0.8,inf,n3,dr,default,75,1e-07,,,,4,cuda,torch,400,8,,7.44605,0.078228,17.0432,0.0238363,3.61114,0.0367787,14.2117,0.0218891,50,4.343,4.266,2026-08-01T02:21:40,9124b27,2.13.0+cu130,gonzalo
15,0.8,40,n3,dr,default,75,1e-07,,,,4,cuda,torch,400,8,,8.66252,0.0905974,17.0432,0.0238363,4.53243,0.0461217,14.2117,0.0218891,50,4.358,4.266,2026-08-01T02:21:40,9124b27,2.13.0+cu130,gonzalo
15,0.8,20,n3,dr,default,75,1e-07,,,,4,cuda,torch,400,8,,10.4393,0.108432,17.0432,0.0238363,5.98003,0.0605812,14.2117,0.0218891,50,4.385,4.266,2026-08-01T02:21:40,9124b27,2.13.0+cu130,gonzalo
16,0.2,inf,n3,dr,default,75,1e-07,,,,4,cuda,torch,400,8,,1.97914,0.020088,3.66474,0.00796446,1.01047,0.0101666,2.81934,0.00685194,50,4.334,4.266,2026-08-01T02:21:40,9124b27,2.13.0+cu130,gonzalo
16,0.2,40,n3,dr,default,75,1e-07,,,,4,cuda,torch,400,8,,4.31344,0.0438294,3.66474,0.00796446,2.50359,0.0253096,2.81934,0.00685194,50,4.361,4.266,2026-08-01T02:21:40,9124b27,2.13.0+cu130,gonzalo
16,0.2,20,n3,dr,default,75,1e-07,,,,4,cuda,torch,400,8,,8.8846,0.0899066,3.66474,0.00796446,5.40394,0.0545894,2.81934,0.00685194,49,4.265,4.266,2026-08-01T02:21:40,9124b27,2.13.0+cu130,gonzalo
16,0.4,inf,n3,dr,default,75,1e-07,,,,4,cuda,torch,400,8,,5.15741,0.0525777,7.39708,0.0132142,2.716,0.0274751,5.67719,0.00875658,50,4.4,4.266,2026-08-01T02:21:40,9124b27,2.13.0+cu130,gonzalo
16,0.4,40,n3,dr,default,75,1e-07,,,,4,cuda,torch,400,8,,7.47868,0.0760677,7.39708,0.0132142,4.22653,0.0428462,5.67719,0.00875658,50,4.428,4.266,2026-08-01T02:21:40,9124b27,2.13.0+cu130,gonzalo
16,0.4,20,n3,dr,default,75,1e-07,,,,4,cuda,torch,400,8,,10.7903,0.109255,7.39708,0.0132142,6.38054,0.0644394,5.67719,0.00875658,50,4.389,4.266,2026-08-01T02:21:40,9124b27,2.13.0+cu130,gonzalo
16,0.8,inf,n3,dr,default,75,1e-07,,,,4,cuda,torch,400,8,,9.87265,0.101048,15.0828,0.0675446,5.19309,0.0527394,11.5137,0.0726314,50,4.297,4.266,2026-08-01T02:21:40,9124b27,2.13.0+cu130,gonzalo
16,0.8,40,n3,dr,default,75,1e-07,,,,4,cuda,torch,400,8,,11.2142,0.114703,15.0828,0.0675446,6.06044,0.0615542,11.5137,0.0726314,50,4.319,4.266,2026-08-01T02:21:40,9124b27,2.13.0+cu130,gonzalo
16,0.8,20,n3,dr,default,75,1e-07,,,,4,cuda,torch,400,8,,12.501,0.127447,15.0828,0.0675446,7.08671,0.0717437,11.5137,0.0726314,50,4.328,4.266,2026-08-01T02:21:40,9124b27,2.13.0+cu130,gonzalo
17,0.2,inf,n3,dr,default,75,1e-07,,,,4,cuda,torch,400,8,,1.89614,0.0191827,4.52768,0.00280336,0.7302,0.0073473,3.90114,0.00269,50,4.395,4.266,2026-08-01T02:21:40,9124b27,2.13.0+cu130,gonzalo
17,0.2,40,n3,dr,default,75,1e-07,,,,4,cuda,torch,400,8,,3.0317,0.0309448,4.52768,0.00280336,1.53316,0.0154512,3.90114,0.00269,50,4.39,4.266,2026-08-01T02:21:40,9124b27,2.13.0+cu130,gonzalo
17,0.2,20,n3,dr,default,75,1e-07,,,,4,cuda,torch,400,8,,7.32039,0.0741356,4.52768,0.00280336,4.49557,0.0453441,3.90114,0.00269,50,4.412,4.266,2026-08-01T02:21:40,9124b27,2.13.0+cu130,gonzalo
17,0.4,inf,n3,dr,default,75,1e-07,,,,4,cuda,torch,400,8,,4.51897,0.0467321,9.08495,0.00610093,1.93362,0.0196762,7.84108,0.00587901,50,4.416,4.266,2026-08-01T02:21:40,9124b27,2.13.0+cu130,gonzalo
17,0.4,40,n3,dr,default,75,1e-07,,,,4,cuda,torch,400,8,,5.62385,0.0582257,9.08495,0.00610093,2.79034,0.0283175,7.84108,0.00587901,50,4.414,4.266,2026-08-01T02:21:40,9124b27,2.13.0+cu130,gonzalo
17,0.4,20,n3,dr,default,75,1e-07,,,,4,cuda,torch,400,8,,8.26101,0.0846697,9.08495,0.00610093,4.83303,0.0488239,7.84108,0.00587901,50,4.347,4.266,2026-08-01T02:21:40,9124b27,2.13.0+cu130,gonzalo
17,0.8,inf,n3,dr,default,75,1e-07,,,,4,cuda,torch,400,8,,8.76635,0.0926515,18.2849,0.0144151,4.04551,0.0415541,15.8389,0.0138501,50,4.379,4.266,2026-08-01T02:21:40,9124b27,2.13.0+cu130,gonzalo
17,0.8,40,n3,dr,default,75,1e-07,,,,4,cuda,torch,400,8,,9.74204,0.103072,18.2849,0.0144151,4.79177,0.0491454,15.8389,0.0138501,50,4.397,4.266,2026-08-01T02:21:40,9124b27,2.13.0+cu130,gonzalo
17,0.8,20,n3,dr,default,75,1e-07,,,,4,cuda,torch,400,8,,10.4705,0.110447,18.2849,0.0144151,5.63908,0.0576516,15.8389,0.0138501,50,4.278,4.266,2026-08-01T02:21:40,9124b27,2.13.0+cu130,gonzalo
18,0.2,inf,n3,dr,default,75,1e-07,,,,4,cuda,torch,400,8,,1.92079,0.0193861,5.15763,0.00307719,0.999338,0.0100859,4.52636,0.00241444,50,4.326,4.266,2026-08-01T02:21:40,9124b27,2.13.0+cu130,gonzalo
18,0.2,40,n3,dr,default,75,1e-07,,,,4,cuda,torch,400,8,,3.57396,0.0363729,5.15763,0.00307719,2.16136,0.0219214,4.52636,0.00241444,48,4.182,4.266,2026-08-01T02:21:40,9124b27,2.13.0+cu130,gonzalo
18,0.2,20,n3,dr,default,75,1e-07,,,,4,cuda,torch,400,8,,7.14669,0.0724276,5.15763,0.00307719,4.56033,0.0462035,4.52636,0.00241444,49,4.265,4.266,2026-08-01T02:21:40,9124b27,2.13.0+cu130,gonzalo
18,0.4,inf,n3,dr,default,75,1e-07,,,,4,cuda,torch,400,8,,4.42385,0.0454308,10.3687,0.00724825,2.57859,0.0263366,9.07604,0.00658691,50,4.219,4.266,2026-08-01T02:21:40,9124b27,2.13.0+cu130,gonzalo
18,0.4,40,n3,dr,default,75,1e-07,,,,4,cuda,torch,400,8,,5.57212,0.0572884,10.3687,0.00724825,3.37967,0.034528,9.07604,0.00658691,48,4.155,4.266,2026-08-01T02:21:40,9124b27,2.13.0+cu130,gonzalo
18,0.4,20,n3,dr,default,75,1e-07,,,,4,cuda,torch,400,8,,7.77927,0.0793406,10.3687,0.00724825,4.91542,0.049958,9.07604,0.00658691,50,4.227,4.266,2026-08-01T02:21:40,9124b27,2.13.0+cu130,gonzalo
18,0.8,inf,n3,dr,default,75,1e-07,,,,4,cuda,torch,400,8,,7.16776,0.0733812,20.9244,0.0206634,3.92539,0.0403005,18.2309,0.0207934,50,4.216,4.266,2026-08-01T02:21:40,9124b27,2.13.0+cu130,gonzalo
18,0.8,40,n3,dr,default,75,1e-07,,,,4,cuda,torch,400,8,,7.71312,0.079546,20.9244,0.0206634,4.3771,0.0450017,18.2309,0.0207934,50,4.226,4.266,2026-08-01T02:21:40,9124b27,2.13.0+cu130,gonzalo
18,0.8,20,n3,dr,default,75,1e-07,,,,4,cuda,torch,400,8,,8.63904,0.0895093,20.9244,0.0206634,5.27246,0.0541514,18.2309,0.0207934,50,4.22,4.266,2026-08-01T02:21:40,9124b27,2.13.0+cu130,gonzalo
19,0.2,inf,n3,dr,default,75,1e-07,,,,4,cuda,torch,400,8,,1.52083,0.0152613,3.8229,0.0022607,0.671983,0.00674195,2.77565,0.00157815,50,4.239,4.266,2026-08-01T02:21:40,9124b27,2.13.0+cu130,gonzalo
19,0.2,40,n3,dr,default,75,1e-07,,,,4,cuda,torch,400,8,,3.22679,0.0326314,3.8229,0.0022607,1.91096,0.0192772,2.77565,0.00157815,50,4.27,4.266,2026-08-01T02:21:40,9124b27,2.13.0+cu130,gonzalo
19,0.2,20,n3,dr,default,75,1e-07,,,,4,cuda,torch,400,8,,7.70065,0.0776143,3.8229,0.0022607,4.82803,0.0487569,2.77565,0.00157815,50,4.256,4.266,2026-08-01T02:21:40,9124b27,2.13.0+cu130,gonzalo
19,0.4,inf,n3,dr,default,75,1e-07,,,,4,cuda,torch,400,8,,3.69644,0.0375705,7.67324,0.00451552,1.79727,0.0181737,5.55738,0.00264871,50,4.236,4.266,2026-08-01T02:21:40,9124b27,2.13.0+cu130,gonzalo
19,0.4,40,n3,dr,default,75,1e-07,,,,4,cuda,torch,400,8,,5.45805,0.0555775,7.67324,0.00451552,3.07148,0.031111,5.55738,0.00264871,50,4.23,4.266,2026-08-01T02:21:40,9124b27,2.13.0+cu130,gonzalo
19,0.4,20,n3,dr,default,75,1e-07,,,,4,cuda,torch,400,8,,9.1499,0.0926357,7.67324,0.00451552,5.59432,0.0565368,5.55738,0.00264871,50,4.28,4.266,2026-08-01T02:21:40,9124b27,2.13.0+cu130,gonzalo
19,0.8,inf,n3,dr,default,75,1e-07,,,,4,cuda,torch,400,8,,7.98484,0.0821565,15.4667,0.011094,4.05576,0.0412934,11.1436,0.00715677,50,4.196,4.266,2026-08-01T02:21:40,9124b27,2.13.0+cu130,gonzalo
19,0.8,40,n3,dr,default,75,1e-07,,,,4,cuda,torch,400,8,,9.26674,0.0955227,15.4667,0.011094,4.95904,0.0505215,11.1436,0.00715677,50,4.206,4.266,2026-08-01T02:21:40,9124b27,2.13.0+cu130,gonzalo
19,0.8,20,n3,dr,default,75,1e-07,,,,4,cuda,torch,400,8,,10.7174,0.110419,15.4667,0.011094,6.09693,0.0619583,11.1436,0.00715677,50,4.207,4.266,2026-08-01T02:21:40,9124b27,2.13.0+cu130,gonzalo
20,0.2,inf,n3,dr,default,75,1e-07,,,,4,cuda,torch,400,8,,1.22429,0.0123065,4.05967,0.00161096,0.555468,0.00554613,3.20244,0.00122338,50,4.199,4.266,2026-08-01T02:21:40,9124b27,2.13.0+cu130,gonzalo
20,0.2,40,n3,dr,default,75,1e-07,,,,4,cuda,torch,400,8,,2.3383,0.0237687,4.05967,0.00161096,1.28448,0.0129279,3.20244,0.00122338,50,4.194,4.266,2026-08-01T02:21:40,9124b27,2.13.0+cu130,gonzalo
20,0.2,20,n3,dr,default,75,1e-07,,,,4,cuda,torch,400,8,,6.66596,0.0675765,4.05967,0.00161096,4.2447,0.042796,3.20244,0.00122338,50,4.21,4.266,2026-08-01T02:21:40,9124b27,2.13.0+cu130,gonzalo
20,0.4,inf,n3,dr,default,75,1e-07,,,,4,cuda,torch,400,8,,2.54951,0.0258035,8.08774,0.00323588,1.09397,0.0109397,6.39393,0.00239086,50,4.216,4.266,2026-08-01T02:21:40,9124b27,2.13.0+cu130,gonzalo
20,0.4,40,n3,dr,default,75,1e-07,,,,4,cuda,torch,400,8,,3.36816,0.034739,8.08774,0.00323588,1.58679,0.0160624,6.39393,0.00239086,50,4.246,4.266,2026-08-01T02:21:40,9124b27,2.13.0+cu130,gonzalo
20,0.4,20,n3,dr,default,75,1e-07,,,,4,cuda,torch,400,8,,6.74411,0.0691019,8.08774,0.00323588,4.14274,0.0418136,6.39393,0.00239086,50,4.269,4.266,2026-08-01T02:21:40,9124b27,2.13.0+cu130,gonzalo
20,0.8,inf,n3,dr,default,75,1e-07,,,,4,cuda,torch,400,8,,5.44433,0.0555369,16.0583,0.00740932,2.28633,0.0229403,12.7456,0.00577228,50,4.429,4.266,2026-08-01T02:21:40,9124b27,2.13.0+cu130,gonzalo
20,0.8,40,n3,dr,default,75,1e-07,,,,4,cuda,torch,400,8,,6.08952,0.063158,16.0583,0.00740932,2.67959,0.027247,12.7456,0.00577228,50,4.319,4.266,2026-08-01T02:21:40,9124b27,2.13.0+cu130,gonzalo
20,0.8,20,n3,dr,default,75,1e-07,,,,4,cuda,torch,400,8,,8.36066,0.0876542,16.0583,0.00740932,4.58493,0.046601,12.7456,0.00577228,50,4.252,4.266,2026-08-01T02:21:40,9124b27,2.13.0+cu130,gonzalo
21,0.2,inf,n3,dr,default,75,1e-07,,,,4,cuda,torch,400,8,,1.0011,0.0100445,2.99698,0.00354402,0.544049,0.00546162,2.17704,0.00279842,50,4.296,4.266,2026-08-01T02:21:40,9124b27,2.13.0+cu130,gonzalo
21,0.2,40,n3,dr,default,75,1e-07,,,,4,cuda,torch,400,8,,2.71989,0.0274518,2.99698,0.00354402,1.83452,0.0185351,2.17704,0.00279842,50,4.298,4.266,2026-08-01T02:21:40,9124b27,2.13.0+cu130,gonzalo
21,0.2,20,n3,dr,default,75,1e-07,,,,4,cuda,torch,400,8,,8.12707,0.0819007,2.99698,0.00354402,5.15822,0.0521242,2.17704,0.00279842,50,4.304,4.266,2026-08-01T02:21:40,9124b27,2.13.0+cu130,gonzalo
21,0.4,inf,n3,dr,default,75,1e-07,,,,4,cuda,torch,400,8,,2.45213,0.0248876,6.09176,0.00632177,1.38809,0.0140293,4.3992,0.00399114,50,4.294,4.266,2026-08-01T02:21:40,9124b27,2.13.0+cu130,gonzalo
21,0.4,40,n3,dr,default,75,1e-07,,,,4,cuda,torch,400,8,,4.40032,0.0445443,6.09176,0.00632177,2.87425,0.0291794,4.3992,0.00399114,50,4.327,4.266,2026-08-01T02:21:40,9124b27,2.13.0+cu130,gonzalo
21,0.4,20,n3,dr,default,75,1e-07,,,,4,cuda,torch,400,8,,8.90487,0.0897705,6.09176,0.00632177,5.51854,0.0558423,4.3992,0.00399114,50,4.416,4.266,2026-08-01T02:21:40,9124b27,2.13.0+cu130,gonzalo
21,0.8,inf,n3,dr,default,75,1e-07,,,,4,cuda,torch,400,8,,5.94103,0.0603768,12.6107,0.0246048,3.47568,0.035412,8.99035,0.0232216,50,4.329,4.266,2026-08-01T02:21:40,9124b27,2.13.0+cu130,gonzalo
21,0.8,40,n3,dr,default,75,1e-07,,,,4,cuda,torch,400,8,,7.43771,0.0756364,12.6107,0.0246048,4.3801,0.0446501,8.99035,0.0232216,50,4.28,4.266,2026-08-01T02:21:40,9124b27,2.13.0+cu130,gonzalo
21,0.8,20,n3,dr,default,75,1e-07,,,,4,cuda,torch,400,8,,9.95571,0.100832,12.6107,0.0246048,5.98788,0.0607576,8.99035,0.0232216,50,4.422,4.266,2026-08-01T02:21:40,9124b27,2.13.0+cu130,gonzalo
22,0.2,inf,n3,dr,default,75,1e-07,,,,4,cuda,torch,400,8,,1.25563,0.0125923,3.23231,0.0019604,0.631162,0.00635896,2.40248,0.00166794,50,4.297,4.266,2026-08-01T02:21:40,9124b27,2.13.0+cu130,gonzalo
22,0.2,40,n3,dr,default,75,1e-07,,,,4,cuda,torch,400,8,,2.50769,0.0253931,3.23231,0.0019604,1.59672,0.0161558,2.40248,0.00166794,50,4.241,4.266,2026-08-01T02:21:40,9124b27,2.13.0+cu130,gonzalo
22,0.2,20,n3,dr,default,75,1e-07,,,,4,cuda,torch,400,8,,7.87782,0.0795259,3.23231,0.0019604,4.95019,0.0500494,2.40248,0.00166794,50,4.409,4.266,2026-08-01T02:21:40,9124b27,2.13.0+cu130,gonzalo
22,0.4,inf,n3,dr,default,75,1e-07,,,,4,cuda,torch,400,8,,2.62405,0.0267209,6.56999,0.00387989,1.41647,0.0144213,4.853,0.00319601,50,4.501,4.266,2026-08-01T02:21:40,9124b27,2.13.0+cu130,gonzalo
22,0.4,40,n3,dr,default,75,1e-07,,,,4,cuda,torch,400,8,,3.87844,0.0395762,6.56999,0.00387989,2.42131,0.0246508,4.853,0.00319601,50,4.509,4.266,2026-08-01T02:21:40,9124b27,2.13.0+cu130,gonzalo
22,0.4,20,n3,dr,default,75,1e-07,,,,4,cuda,torch,400,8,,7.55431,0.0762676,6.56999,0.00387989,4.81508,0.0487976,4.853,0.00319601,50,4.63,4.266,2026-08-01T02:21:40,9124b27,2.13.0+cu130,gonzalo
22,0.8,inf,n3,dr,default,75,1e-07,,,,4,cuda,torch,400,8,,4.86998,0.0496404,13.5922,0.00800466,2.66554,0.0272661,9.90884,0.00624201,50,4.549,4.266,2026-08-01T02:21:40,9124b27,2.13.0+cu130,gonzalo
22,0.8,40,n3,dr,default,75,1e-07,,,,4,cuda,torch,400,8,,5.78664,0.0593012,13.5922,0.00800466,3.45583,0.0353754,9.90884,0.00624201,50,4.324,4.266,2026-08-01T02:21:40,9124b27,2.13.0+cu130,gonzalo
22,0.8,20,n3,dr,default,75,1e-07,,,,4,cuda,torch,400,8,,8.01439,0.081741,13.5922,0.00800466,5.02299,0.0511744,9.90884,0.00624201,50,4.36,4.266,2026-08-01T02:21:40,9124b27,2.13.0+cu130,gonzalo
23,0.2,inf,n3,dr,default,75,1e-07,,,,4,cuda,torch,400,8,,1.84092,0.0184767,4.45267,0.00142494,0.778489,0.0078181,3.63387,0.000984382,50,4.513,4.266,2026-08-01T02:21:40,9124b27,2.13.0+cu130,gonzalo
23,0.2,40,n3,dr,default,75,1e-07,,,,4,cuda,torch,400,8,,3.24486,0.032884,4.45267,0.00142494,1.89043,0.0190775,3.63387,0.000984382,50,4.517,4.266,2026-08-01T02:21:40,9124b27,2.13.0+cu130,gonzalo
23,0.2,20,n3,dr,default,75,1e-07,,,,4,cuda,torch,400,8,,7.36532,0.0742102,4.45267,0.00142494,4.61569,0.0465901,3.63387,0.000984382,50,4.449,4.266,2026-08-01T02:21:40,9124b27,2.13.0+cu130,gonzalo
23,0.4,inf,n3,dr,default,75,1e-07,,,,4,cuda,torch,400,8,,4.72552,0.0482883,8.909,0.00317018,2.26726,0.0229966,7.26901,0.00242193,50,4.485,4.266,2026-08-01T02:21:40,9124b27,2.13.0+cu130,gonzalo
23,0.4,40,n3,dr,default,75,1e-07,,,,4,cuda,torch,400,8,,5.8221,0.0596094,8.909,0.00317018,3.18093,0.032273,7.26901,0.00242193,50,4.436,4.266,2026-08-01T02:21:40,9124b27,2.13.0+cu130,gonzalo
23,0.4,20,n3,dr,default,75,1e-07,,,,4,cuda,torch,400,8,,8.07644,0.0820958,8.909,0.00317018,4.92713,0.0498431,7.26901,0.00242193,50,4.435,4.266,2026-08-01T02:21:40,9124b27,2.13.0+cu130,gonzalo
23,0.8,inf,n3,dr,default,75,1e-07,,,,4,cuda,torch,400,8,,8.03948,0.0826696,17.8293,0.00865756,3.72665,0.0379488,14.5424,0.00789459,50,4.395,4.266,2026-08-01T02:21:40,9124b27,2.13.0+cu130,gonzalo
23,0.8,40,n3,dr,default,75,1e-07,,,,4,cuda,torch,400,8,,8.8337,0.0914473,17.8293,0.00865756,4.36105,0.0444937,14.5424,0.00789459,50,4.316,4.266,2026-08-01T02:21:40,9124b27,2.13.0+cu130,gonzalo
23,0.8,20,n3,dr,default,75,1e-07,,,,4,cuda,torch,400,8,,9.90755,0.103027,17.8293,0.00865756,5.43054,0.0553739,14.5424,0.00789459,50,4.373,4.266,2026-08-01T02:21:40,9124b27,2.13.0+cu130,gonzalo
24,0.2,inf,n3,dr,default,75,1e-07,,,,4,cuda,torch,400,8,,1.84416,0.0187458,4.09319,0.0015522,0.82309,0.00826011,3.49858,0.00108856,50,4.375,4.266,2026-08-01T02:21:40,9124b27,2.13.0+cu130,gonzalo
24,0.2,40,n3,dr,default,75,1e-07,,,,4,cuda,torch,400,8,,2.60898,0.0267684,4.09319,0.0015522,1.24916,0.0126023,3.49858,0.00108856,50,4.384,4.266,2026-08-01T02:21:40,9124b27,2.13.0+cu130,gonzalo
24,0.2,20,n3,dr,default,75,1e-07,,,,4,cuda,torch,400,8,,7.16207,0.072751,4.09319,0.0015522,4.42406,0.0445867,3.49858,0.00108856,50,4.38,4.266,2026-08-01T02:21:40,9124b27,2.13.0+cu130,gonzalo
24,0.4,inf,n3,dr,default,75,1e-07,,,,4,cuda,torch,400,8,,3.46163,0.0355174,8.21065,0.00315183,1.56756,0.0157493,6.99524,0.0022412,50,4.498,4.266,2026-08-01T02:21:40,9124b27,2.13.0+cu130,gonzalo
24,0.4,40,n3,dr,default,75,1e-07,,,,4,cuda,torch,400,8,,3.9978,0.0416043,8.21065,0.00315183,1.77376,0.0180218,6.99524,0.0022412,50,4.548,4.266,2026-08-01T02:21:40,9124b27,2.13.0+cu130,gonzalo
24,0.4,20,n3,dr,default,75,1e-07,,,,4,cuda,torch,400,8,,7.93214,0.0818836,8.21065,0.00315183,4.66811,0.0470868,6.99524,0.0022412,50,4.336,4.266,2026-08-01T02:21:40,9124b27,2.13.0+cu130,gonzalo
24,0.8,inf,n3,dr,default,75,1e-07,,,,4,cuda,torch,400,8,,6.82818,0.0715458,16.5234,0.00707051,3.16391,0.0321402,13.9835,0.00517041,50,4.275,4.266,2026-08-01T02:21:40,9124b27,2.13.0+cu130,gonzalo
24,0.8,40,n3,dr,default,75,1e-07,,,,4,cuda,torch,400,8,,7.26755,0.0773754,16.5234,0.00707051,3.3753,0.0347161,13.9835,0.00517041,50,4.272,4.266,2026-08-01T02:21:40,9124b27,2.13.0+cu130,gonzalo
24,0.8,20,n3,dr,default,75,1e-07,,,,4,cuda,torch,400,8,,8.98892,0.0961875,16.5234,0.00707051,4.71818,0.0483663,13.9835,0.00517041,50,4.294,4.266,2026-08-01T02:21:40,9124b27,2.13.0+cu130,gonzalo
25,0.2,inf,n3,dr,default,75,1e-07,,,,4,cuda,torch,400,8,,1.9983,0.0204446,4.60232,0.005527,0.87046,0.00877503,3.76495,0.00482561,50,4.299,4.266,2026-08-01T02:21:40,9124b27,2.13.0+cu130,gonzalo
25,0.2,40,n3,dr,default,75,1e-07,,,,4,cuda,torch,400,8,,3.55786,0.0363611,4.60232,0.005527,1.94507,0.019628,3.76495,0.00482561,50,4.432,4.266,2026-08-01T02:21:40,9124b27,2.13.0+cu130,gonzalo
25,0.2,20,n3,dr,default,75,1e-07,,,,4,cuda,torch,400,8,,8.12016,0.0824837,4.60232,0.005527,5.00006,0.0504909,3.76495,0.00482561,50,4.525,4.266,2026-08-01T02:21:40,9124b27,2.13.0+cu130,gonzalo
25,0.4,inf,n3,dr,default,75,1e-07,,,,4,cuda,torch,400,8,,4.2292,0.0437676,9.22679,0.0116042,1.96175,0.0198907,7.54506,0.00962142,50,4.441,4.266,2026-08-01T02:21:40,9124b27,2.13.0+cu130,gonzalo
25,0.4,40,n3,dr,default,75,1e-07,,,,4,cuda,torch,400,8,,6.06752,0.062526,9.22679,0.0116042,3.28779,0.0333258,7.54506,0.00962142,50,4.405,4.266,2026-08-01T02:21:40,9124b27,2.13.0+cu130,gonzalo
25,0.4,20,n3,dr,default,75,1e-07,,,,4,cuda,torch,400,8,,9.75681,0.0997548,9.22679,0.0116042,5.81938,0.0587662,7.54506,0.00962142,50,4.393,4.266,2026-08-01T02:21:40,9124b27,2.13.0+cu130,gonzalo
25,0.8,inf,n3,dr,default,75,1e-07,,,,4,cuda,torch,400,8,,9.51183,0.100132,18.5363,0.0314152,4.8153,0.0491413,15.1497,0.0286051,50,4.337,4.266,2026-08-01T02:21:40,9124b27,2.13.0+cu130,gonzalo
25,0.8,40,n3,dr,default,75,1e-07,,,,4,cuda,torch,400,8,,10.6232,0.111586,18.5363,0.0314152,5.65237,0.0576121,15.1497,0.0286051,50,4.401,4.266,2026-08-01T02:21:40,9124b27,2.13.0+cu130,gonzalo
25,0.8,20,n3,dr,default,75,1e-07,,,,4,cuda,torch,400,8,,11.5701,0.121155,18.5363,0.0314152,6.51937,0.0662329,15.1497,0.0286051,50,4.561,4.266,2026-08-01T02:21:40,9124b27,2.13.0+cu130,gonzalo
26,0.2,inf,n3,dr,default,75,1e-07,,,,4,cuda,torch,400,8,,2.03058,0.0205584,4.8888,0.00266175,0.805609,0.00810737,3.92603,0.00246923,50,4.289,4.266,2026-08-01T02:21:40,9124b27,2.13.0+cu130,gonzalo
26,0.2,40,n3,dr,default,75,1e-07,,,,4,cuda,torch,400,8,,3.23958,0.0329396,4.8888,0.00266175,1.74368,0.0175713,3.92603,0.00246923,50,4.302,4.266,2026-08-01T02:21:40,9124b27,2.13.0+cu130,gonzalo
26,0.2,20,n3,dr,default,75,1e-07,,,,4,cuda,torch,400,8,,7.55838,0.0763367,4.8888,0.00266175,4.65304,0.0469595,3.92603,0.00246923,50,4.334,4.266,2026-08-01T02:21:40,9124b27,2.13.0+cu130,gonzalo
26,0.4,inf,n3,dr,default,75,1e-07,,,,4,cuda,torch,400,8,,5.14587,0.0532718,9.8941,0.00627185,2.37612,0.0241667,7.942,0.00602147,50,4.356,4.266,2026-08-01T02:21:40,9124b27,2.13.0+cu130,gonzalo
26,0.4,40,n3,dr,default,75,1e-07,,,,4,cuda,torch,400,8,,6.41541,0.0662103,9.8941,0.00627185,3.38051,0.0342686,7.942,0.00602147,50,4.388,4.266,2026-08-01T02:21:40,9124b27,2.13.0+cu130,gonzalo
26,0.4,20,n3,dr,default,75,1e-07,,,,4,cuda,torch,400,8,,8.91689,0.0911311,9.8941,0.00627185,5.26462,0.0532023,7.942,0.00602147,50,4.382,4.266,2026-08-01T02:21:40,9124b27,2.13.0+cu130,gonzalo
26,0.8,inf,n3,dr,default,75,1e-07,,,,4,cuda,torch,400,8,,8.92024,0.0947172,20.2417,0.015415,4.09286,0.0420694,16.2476,0.014669,50,4.486,4.266,2026-08-01T02:21:40,9124b27,2.13.0+cu130,gonzalo
26,0.8,40,n3,dr,default,75,1e-07,,,,4,cuda,torch,400,8,,9.79966,0.104128,20.2417,0.015415,4.86634,0.0498832,16.2476,0.014669,50,4.482,4.266,2026-08-01T02:21:40,9124b27,2.13.0+cu130,gonzalo
26,0.8,20,n3,dr,default,75,1e-07,,,,4,cuda,torch,400,8,,10.579,0.112008,20.2417,0.015415,5.76369,0.0588909,16.2476,0.014669,50,4.468,4.266,2026-08-01T02:21:40,9124b27,2.13.0+cu130,gonzalo
27,0.2,inf,n3,dr,default,75,1e-07,,,,4,cuda,torch,400,8,,1.70304,0.0173263,4.2001,0.00139402,0.7038,0.00708744,3.44453,0.0012916,50,4.379,4.266,2026-08-01T02:21:40,9124b27,2.13.0+cu130,gonzalo
27,0.2,40,n3,dr,default,75,1e-07,,,,4,cuda,torch,400,8,,3.35565,0.0342205,4.2001,0.00139402,1.77683,0.0179264,3.44453,0.0012916,50,4.33,4.266,2026-08-01T02:21:40,9124b27,2.13.0+cu130,gonzalo
27,0.2,20,n3,dr,default,75,1e-07,,,,4,cuda,torch,400,8,,8.20366,0.0832112,4.2001,0.00139402,4.91391,0.0495735,3.44453,0.0012916,50,4.253,4.266,2026-08-01T02:21:40,9124b27,2.13.0+cu130,gonzalo
27,0.4,inf,n3,dr,default,75,1e-07,,,,4,cuda,torch,400,8,,4.02195,0.0415869,8.42177,0.00280927,1.7256,0.0175288,6.90956,0.00246695,50,4.218,4.266,2026-08-01T02:21:40,9124b27,2.13.0+cu130,gonzalo
27,0.4,40,n3,dr,default,75,1e-07,,,,4,cuda,torch,400,8,,5.43444,0.0561768,8.42177,0.00280927,2.67259,0.0270951,6.90956,0.00246695,50,4.221,4.266,2026-08-01T02:21:40,9124b27,2.13.0+cu130,gonzalo
27,0.4,20,n3,dr,default,75,1e-07,,,,4,cuda,torch,400,8,,8.49462,0.0870634,8.42177,0.00280927,4.85507,0.0490384,6.90956,0.00246695,50,4.222,4.266,2026-08-01T02:21:40,9124b27,2.13.0+cu130,gonzalo
27,0.8,inf,n3,dr,default,75,1e-07,,,,4,cuda,torch,400,8,,7.49512,0.0789131,16.9327,0.00654447,3.20909,0.0328829,13.903,0.00523319,50,4.234,4.266,2026-08-01T02:21:40,9124b27,2.13.0+cu130,gonzalo
27,0.8,40,n3,dr,default,75,1e-07,,,,4,cuda,torch,400,8,,8.39083,0.0885518,16.9327,0.00654447,3.88837,0.0398378,13.903,0.00523319,50,4.214,4.266,2026-08-01T02:21:40,9124b27,2.13.0+cu130,gonzalo
27,0.8,20,n3,dr,default,75,1e-07,,,,4,cuda,torch,400,8,,10.0639,0.106038,16.9327,0.00654447,5.3247,0.0542923,13.903,0.00523319,50,4.241,4.266,2026-08-01T02:21:40,9124b27,2.13.0+cu130,gonzalo
28,0.2,inf,n3,dr,default,75,1e-07,,,,4,cuda,torch,400,8,,1.959,0.0199595,4.45045,0.0025675,0.843427,0.00851685,3.46673,0.0019458,50,4.209,4.266,2026-08-01T02:21:40,9124b27,2.13.0+cu130,gonzalo
28,0.2,40,n3,dr,default,75,1e-07,,,,4,cuda,torch,400,8,,3.30473,0.0335354,4.45045,0.0025675,1.87181,0.0188675,3.46673,0.0019458,50,4.22,4.266,2026-08-01T02:21:40,9124b27,2.13.0+cu130,gonzalo
28,0.2,20,n3,dr,default,75,1e-07,,,,4,cuda,torch,400,8,,8.6291,0.0868986,4.45045,0.0025675,5.44054,0.0548829,3.46673,0.0019458,50,4.222,4.266,2026-08-01T02:21:40,9124b27,2.13.0+cu130,gonzalo
28,0.4,inf,n3,dr,default,75,1e-07,,,,4,cuda,torch,400,8,,3.75112,0.0383479,8.96917,0.00585954,1.79297,0.0181748,6.96572,0.00501558,50,4.21,4.266,2026-08-01T02:21:40,9124b27,2.13.0+cu130,gonzalo
28,0.4,40,n3,dr,default,75,1e-07,,,,4,cuda,torch,400,8,,5.27287,0.0538679,8.96917,0.00585954,2.87584,0.0291058,6.96572,0.00501558,50,4.211,4.266,2026-08-01T02:21:40,9124b27,2.13.0+cu130,gonzalo
28,0.4,20,n3,dr,default,75,1e-07,,,,4,cuda,torch,400,8,,8.91629,0.090464,8.96917,0.00585954,5.46297,0.0551163,6.96572,0.00501558,50,4.207,4.266,2026-08-01T02:21:40,9124b27,2.13.0+cu130,gonzalo
28,0.8,inf,n3,dr,default,75,1e-07,,,,4,cuda,torch,400,8,,8.06213,0.0843454,18.2099,0.0156079,4.0199,0.0410085,14.0586,0.0150193,50,4.205,4.266,2026-08-01T02:21:40,9124b27,2.13.0+cu130,gonzalo
28,0.8,40,n3,dr,default,75,1e-07,,,,4,cuda,torch,400,8,,9.34762,0.0978001,18.2099,0.0156079,4.95579,0.050502,14.0586,0.0150193,50,4.222,4.266,2026-08-01T02:21:40,9124b27,2.13.0+cu130,gonzalo
28,0.8,20,n3,dr,default,75,1e-07,,,,4,cuda,torch,400,8,,10.5487,0.109971,18.2099,0.0156079,6.0005,0.0609513,14.0586,0.0150193,50,4.228,4.266,2026-08-01T02:21:40,9124b27,2.13.0+cu130,gonzalo
29,0.2,inf,n3,dr,default,75,1e-07,,,,4,cuda,torch,400,8,,1.76852,0.0178237,5.02272,0.00213037,0.774476,0.00777367,4.23346,0.00181367,50,4.243,4.266,2026-08-01T02:21:40,9124b27,2.13.0+cu130,gonzalo
29,0.2,40,n3,dr,default,75,1e-07,,,,4,cuda,torch,400,8,,3.33431,0.0341038,5.02272,0.00213037,1.85004,0.0187197,4.23346,0.00181367,48,4.079,4.266,2026-08-01T02:21:40,9124b27,2.13.0+cu130,gonzalo
29,0.2,20,n3,dr,default,75,1e-07,,,,4,cuda,torch,400,8,,7.13998,0.0727277,5.02272,0.00213037,4.43688,0.0449222,4.23346,0.00181367,50,4.234,4.266,2026-08-01T02:21:40,9124b27,2.13.0+cu130,gonzalo
29,0.4,inf,n3,dr,default,75,1e-07,,,,4,cuda,torch,400,8,,3.99328,0.0410417,10.0979,0.0055558,2.0069,0.0203862,8.48476,0.00526672,50,4.218,4.266,2026-08-01T02:21:40,9124b27,2.13.0+cu130,gonzalo
29,0.4,40,n3,dr,default,75,1e-07,,,,4,cuda,torch,400,8,,5.3963,0.055707,10.0979,0.0055558,3.07234,0.0312841,8.48476,0.00526672,50,4.217,4.266,2026-08-01T02:21:40,9124b27,2.13.0+cu130,gonzalo
29,0.4,20,n3,dr,default,75,1e-07,,,,4,cuda,torch,400,8,,7.74362,0.0794283,10.0979,0.0055558,4.73662,0.0481008,8.48476,0.00526672,50,4.215,4.266,2026-08-01T02:21:40,9124b27,2.13.0+cu130,gonzalo
29,0.8,inf,n3,dr,default,75,1e-07,,,,4,cuda,torch,400,8,,7.10742,0.0736393,20.387,0.0163171,3.77892,0.0387341,17.0358,0.0161435,50,4.208,4.266,2026-08-01T02:21:40,9124b27,2.13.0+cu130,gonzalo
29,0.8,40,n3,dr,default,75,1e-07,,,,4,cuda,torch,400,8,,7.77405,0.0808537,20.387,0.0163171,4.26762,0.0437939,17.0358,0.0161435,50,4.211,4.266,2026-08-01T02:21:40,9124b27,2.13.0+cu130,gonzalo
29,0.8,20,n3,dr,default,75,1e-07,,,,4,cuda,torch,400,8,,8.84838,0.0924069,20.387,0.0163171,5.18561,0.0531125,17.0358,0.0161435,50,4.251,4.266,2026-08-01T02:21:40,9124b27,2.13.0+cu130,gonzalo
30,0.2,inf,n3,dr,default,75,1e-07,,,,4,cuda,torch,400,8,,2.20452,0.0223182,4.59402,0.00238317,0.969298,0.00976809,3.53346,0.00159495,50,4.277,4.266,2026-08-01T02:21:40,9124b27,2.13.0+cu130,gonzalo
30,0.2,40,n3,dr,default,75,1e-07,,,,4,cuda,torch,400,8,,3.50185,0.0354743,4.59402,0.00238317,2.06075,0.0208159,3.53346,0.00159495,50,4.359,4.266,2026-08-01T02:21:40,9124b27,2.13.0+cu130,gonzalo
30,0.2,20,n3,dr,default,75,1e-07,,,,4,cuda,torch,400,8,,8.66262,0.0870272,4.59402,0.00238317,5.53884,0.05588,3.53346,0.00159495,50,4.323,4.266,2026-08-01T02:21:40,9124b27,2.13.0+cu130,gonzalo
30,0.4,inf,n3,dr,default,75,1e-07,,,,4,cuda,torch,400,8,,4.43002,0.0450736,9.22654,0.00499569,2.21199,0.0223955,7.08863,0.00351989,50,4.263,4.266,2026-08-01T02:21:40,9124b27,2.13.0+cu130,gonzalo
30,0.4,40,n3,dr,default,75,1e-07,,,,4,cuda,torch,400,8,,5.99491,0.0611137,9.22654,0.00499569,3.40535,0.0345446,7.08863,0.00351989,50,4.232,4.266,2026-08-01T02:21:40,9124b27,2.13.0+cu130,gonzalo
30,0.4,20,n3,dr,default,75,1e-07,,,,4,cuda,torch,400,8,,9.08017,0.0920463,9.22654,0.00499569,5.51496,0.0557685,7.08863,0.00351989,50,4.243,4.266,2026-08-01T02:21:40,9124b27,2.13.0+cu130,gonzalo
30,0.8,inf,n3,dr,default,75,1e-07,,,,4,cuda,torch,400,8,,8.85289,0.0918486,18.5984,0.0117064,4.50591,0.0459633,14.2638,0.00901962,50,4.249,4.266,2026-08-01T02:21:40,9124b27,2.13.0+cu130,gonzalo
30,0.8,40,n3,dr,default,75,1e-07,,,,4,cuda,torch,400,8,,9.6867,0.100598,18.5984,0.0117064,5.14079,0.0524464,14.2638,0.00901962,50,4.367,4.266,2026-08-01T02:21:40,9124b27,2.13.0+cu130,gonzalo
30,0.8,20,n3,dr,default,75,1e-07,,,,4,cuda,torch,400,8,,10.594,0.109818,18.5984,0.0117064,6.07423,0.0617661,14.2638,0.00901962,50,4.315,4.266,2026-08-01T02:21:40,9124b27,2.13.0+cu130,gonzalo
31,0.2,inf,n3,dr,default,75,1e-07,,,,4,cuda,torch,400,8,,1.76814,0.0174914,4.31386,0.00215592,0.796265,0.00794715,3.77272,0.00204547,50,4.37,4.266,2026-08-01T02:21:40,9124b27,2.13.0+cu130,gonzalo
31,0.2,40,n3,dr,default,75,1e-07,,,,4,cuda,torch,400,8,,3.11968,0.0316391,4.31386,0.00215592,2.06969,0.0209674,3.77272,0.00204547,49,4.286,4.266,2026-08-01T02:21:40,9124b27,2.13.0+cu130,gonzalo
31,0.2,20,n3,dr,default,75,1e-07,,,,4,cuda,torch,400,8,,7.48405,0.0754483,4.31386,0.00215592,4.88745,0.049487,3.77272,0.00204547,50,4.414,4.266,2026-08-01T02:21:40,9124b27,2.13.0+cu130,gonzalo
31,0.4,inf,n3,dr,default,75,1e-07,,,,4,cuda,torch,400,8,,3.44887,0.034763,8.62918,0.00434515,1.89989,0.0192476,7.54182,0.00409376,50,4.454,4.266,2026-08-01T02:21:40,9124b27,2.13.0+cu130,gonzalo
31,0.4,40,n3,dr,default,75,1e-07,,,,4,cuda,torch,400,8,,4.72156,0.0481781,8.62918,0.00434515,3.13711,0.032053,7.54182,0.00409376,49,4.361,4.266,2026-08-01T02:21:40,9124b27,2.13.0+cu130,gonzalo
31,0.4,20,n3,dr,default,75,1e-07,,,,4,cuda,torch,400,8,,7.70841,0.0778375,8.62918,0.00434515,5.07197,0.0515027,7.54182,0.00409376,50,4.217,4.266,2026-08-01T02:21:40,9124b27,2.13.0+cu130,gonzalo
31,0.8,inf,n3,dr,default,75,1e-07,,,,4,cuda,torch,400,8,,6.4883,0.0654475,17.266,0.00897464,3.62929,0.0371838,15.0664,0.00821814,50,4.225,4.266,2026-08-01T02:21:40,9124b27,2.13.0+cu130,gonzalo
31,0.8,40,n3,dr,default,75,1e-07,,,,4,cuda,torch,400,8,,7.2383,0.073812,17.266,0.00897464,4.21119,0.043319,15.0664,0.00821814,50,4.234,4.266,2026-08-01T02:21:40,9124b27,2.13.0+cu130,gonzalo
31,0.8,20,n3,dr,default,75,1e-07,,,,4,cuda,torch,400,8,,8.59913,0.0881841,17.266,0.00897464,5.36112,0.0549585,15.0664,0.00821814,50,4.238,4.266,2026-08-01T02:21:40,9124b27,2.13.0+cu130,gonzalo
32,0.2,inf,n3,dr,default,75,1e-07,,,,4,cuda,torch,400,8,,1.42696,0.0141249,3.85757,0.00769746,0.815375,0.0080781,2.91914,0.00804553,50,4.338,4.266,2026-08-01T02:21:40,9124b27,2.13.0+cu130,gonzalo
32,0.2,40,n3,dr,default,75,1e-07,,,,4,cuda,torch,400,8,,1.74111,0.0176283,3.85757,0.00769746,0.83236,0.00836605,2.91914,0.00804553,50,4.314,4.266,2026-08-01T02:21:40,9124b27,2.13.0+cu130,gonzalo
32,0.2,20,n3,dr,default,75,1e-07,,,,4,cuda,torch,400,8,,5.78951,0.0586409,3.85757,0.00769746,3.59035,0.0361216,2.91914,0.00804553,50,4.242,4.266,2026-08-01T02:21:40,9124b27,2.13.0+cu130,gonzalo
32,0.4,inf,n3,dr,default,75,1e-07,,,,4,cuda,torch,400,8,,2.95325,0.028818,7.63011,0.0182317,1.65455,0.0162132,5.78325,0.0194967,50,4.229,4.266,2026-08-01T02:21:40,9124b27,2.13.0+cu130,gonzalo
32,0.4,40,n3,dr,default,75,1e-07,,,,4,cuda,torch,400,8,,2.66175,0.0266541,7.63011,0.0182317,1.25334,0.0124805,5.78325,0.0194967,50,4.231,4.266,2026-08-01T02:21:40,9124b27,2.13.0+cu130,gonzalo
32,0.4,20,n3,dr,default,75,1e-07,,,,4,cuda,torch,400,8,,5.36594,0.0549209,7.63011,0.0182317,3.08082,0.0309998,5.78325,0.0194967,50,4.232,4.266,2026-08-01T02:21:40,9124b27,2.13.0+cu130,gonzalo
32,0.8,inf,n3,dr,default,75,1e-07,,,,4,cuda,torch,400,8,,6.72475,0.0636865,14.9354,0.0484334,4.3869,0.0417647,11.3544,0.0525508,50,4.239,4.266,2026-08-01T02:21:40,9124b27,2.13.0+cu130,gonzalo
32,0.8,40,n3,dr,default,75,1e-07,,,,4,cuda,torch,400,8,,6.27305,0.0597777,14.9354,0.0484334,3.49794,0.0336368,11.3544,0.0525508,50,4.234,4.266,2026-08-01T02:21:40,9124b27,2.13.0+cu130,gonzalo
32,0.8,20,n3,dr,default,75,1e-07,,,,4,cuda,torch,400,8,,6.26507,0.0631303,14.9354,0.0484334,2.91839,0.0293459,11.3544,0.0525508,50,4.247,4.266,2026-08-01T02:21:40,9124b27,2.13.0+cu130,gonzalo
33,0.2,inf,n3,dr,default,75,1e-07,,,,4,cuda,torch,400,8,,1.77819,0.0180391,4.18554,0.00396929,0.761466,0.00764069,3.59227,0.00306178,50,4.225,4.266,2026-08-01T02:21:40,9124b27,2.13.0+cu130,gonzalo
33,0.2,40,n3,dr,default,75,1e-07,,,,4,cuda,torch,400,8,,2.81438,0.0287607,4.18554,0.00396929,1.38974,0.0139997,3.59227,0.00306178,50,4.229,4.266,2026-08-01T02:21:40,9124b27,2.13.0+cu130,gonzalo
33,0.2,20,n3,dr,default,75,1e-07,,,,4,cuda,torch,400,8,,7.21757,0.0734161,4.18554,0.00396929,4.37795,0.0441301,3.59227,0.00306178,50,4.229,4.266,2026-08-01T02:21:40,9124b27,2.13.0+cu130,gonzalo
33,0.4,inf,n3,dr,default,75,1e-07,,,,4,cuda,torch,400,8,,3.67219,0.0376849,8.27676,0.00862777,1.55442,0.0156711,7.12415,0.00698787,50,4.24,4.266,2026-08-01T02:21:40,9124b27,2.13.0+cu130,gonzalo
33,0.4,40,n3,dr,default,75,1e-07,,,,4,cuda,torch,400,8,,4.50004,0.0465975,8.27676,0.00862777,2.05257,0.0208169,7.12415,0.00698787,50,4.299,4.266,2026-08-01T02:21:40,9124b27,2.13.0+cu130,gonzalo
33,0.4,20,n3,dr,default,75,1e-07,,,,4,cuda,torch,400,8,,7.8558,0.0811346,8.27676,0.00862777,4.44357,0.0449299,7.12415,0.00698787,50,4.419,4.266,2026-08-01T02:21:40,9124b27,2.13.0+cu130,gonzalo
33,0.8,inf,n3,dr,default,75,1e-07,,,,4,cuda,torch,400,8,,7.68398,0.0804872,16.1857,0.0222432,3.34592,0.0341556,14.0094,0.019923,50,4.371,4.266,2026-08-01T02:21:40,9124b27,2.13.0+cu130,gonzalo
33,0.8,40,n3,dr,default,75,1e-07,,,,4,cuda,torch,400,8,,8.6922,0.0916747,16.1857,0.0222432,4.03482,0.0413402,14.0094,0.019923,50,4.313,4.266,2026-08-01T02:21:40,9124b27,2.13.0+cu130,gonzalo
33,0.8,20,n3,dr,default,75,1e-07,,,,4,cuda,torch,400,8,,10.4811,0.110795,16.1857,0.0222432,5.46469,0.0558436,14.0094,0.019923,50,4.274,4.266,2026-08-01T02:21:40,9124b27,2.13.0+cu130,gonzalo
34,0.2,inf,n3,dr,default,75,1e-07,,,,4,cuda,torch,400,8,,1.78458,0.0180721,4.26157,0.00363443,0.820707,0.00821666,3.65604,0.00258226,50,4.338,4.266,2026-08-01T02:21:40,9124b27,2.13.0+cu130,gonzalo
34,0.2,40,n3,dr,default,75,1e-07,,,,4,cuda,torch,400,8,,2.606,0.0267005,4.26157,0.00363443,1.19453,0.012051,3.65604,0.00258226,50,4.341,4.266,2026-08-01T02:21:40,9124b27,2.13.0+cu130,gonzalo
34,0.2,20,n3,dr,default,75,1e-07,,,,4,cuda,torch,400,8,,6.93099,0.0704033,4.26157,0.00363443,4.16614,0.0419726,3.65604,0.00258226,50,4.346,4.266,2026-08-01T02:21:40,9124b27,2.13.0+cu130,gonzalo
34,0.4,inf,n3,dr,default,75,1e-07,,,,4,cuda,torch,400,8,,3.37007,0.0341632,8.45832,0.00805037,1.57449,0.01572,7.26207,0.00606404,50,4.267,4.266,2026-08-01T02:21:40,9124b27,2.13.0+cu130,gonzalo
34,0.4,40,n3,dr,default,75,1e-07,,,,4,cuda,torch,400,8,,3.97557,0.0410663,8.45832,0.00805037,1.78126,0.0180671,7.26207,0.00606404,50,4.265,4.266,2026-08-01T02:21:40,9124b27,2.13.0+cu130,gonzalo
34,0.4,20,n3,dr,default,75,1e-07,,,,4,cuda,torch,400,8,,7.08583,0.072924,8.45832,0.00805037,3.96371,0.0399901,7.26207,0.00606404,50,4.237,4.266,2026-08-01T02:21:40,9124b27,2.13.0+cu130,gonzalo
34,0.8,inf,n3,dr,default,75,1e-07,,,,4,cuda,torch,400,8,,6.97502,0.0708034,16.66,0.0210272,3.48777,0.034689,14.324,0.0173276,50,4.274,4.266,2026-08-01T02:21:40,9124b27,2.13.0+cu130,gonzalo
34,0.8,40,n3,dr,default,75,1e-07,,,,4,cuda,torch,400,8,,7.17115,0.0736462,16.66,0.0210272,3.4451,0.0346446,14.324,0.0173276,50,4.249,4.266,2026-08-01T02:21:40,9124b27,2.13.0+cu130,gonzalo
34,0.8,20,n3,dr,default,75,1e-07,,,,4,cuda,torch,400,8,,8.8601,0.0930292,16.66,0.0210272,4.4509,0.0454043,14.324,0.0173276,50,4.25,4.266,2026-08-01T02:21:40,9124b27,2.13.0+cu130,gonzalo
35,0.2,inf,n3,dr,default,75,1e-07,,,,4,cuda,torch,400,8,,1.55872,0.0155816,4.35394,0.00869767,0.645114,0.00644928,3.77532,0.00903084,50,4.321,4.266,2026-08-01T02:21:40,9124b27,2.13.0+cu130,gonzalo
35,0.2,40,n3,dr,default,75,1e-07,,,,4,cuda,torch,400,8,,2.1359,0.0217133,4.35394,0.00869767,1.08794,0.0109572,3.77532,0.00903084,50,4.333,4.266,2026-08-01T02:21:40,9124b27,2.13.0+cu130,gonzalo
35,0.2,20,n3,dr,default,75,1e-07,,,,4,cuda,torch,400,8,,6.75305,0.0683713,4.35394,0.00869767,4.27226,0.0430828,3.77532,0.00903084,50,4.29,4.266,2026-08-01T02:21:40,9124b27,2.13.0+cu130,gonzalo
35,0.4,inf,n3,dr,default,75,1e-07,,,,4,cuda,torch,400,8,,2.9994,0.0304912,8.73989,0.0202876,1.25584,0.0126636,7.57785,0.0210221,50,4.346,4.266,2026-08-01T02:21:40,9124b27,2.13.0+cu130,gonzalo
35,0.4,40,n3,dr,default,75,1e-07,,,,4,cuda,torch,400,8,,3.91977,0.0402816,8.73989,0.0202876,1.86903,0.0189314,7.57785,0.0210221,50,4.358,4.266,2026-08-01T02:21:40,9124b27,2.13.0+cu130,gonzalo
35,0.4,20,n3,dr,default,75,1e-07,,,,4,cuda,torch,400,8,,7.74872,0.0794869,8.73989,0.0202876,4.69047,0.0474144,7.57785,0.0210221,50,4.361,4.266,2026-08-01T02:21:40,9124b27,2.13.0+cu130,gonzalo
35,0.8,inf,n3,dr,default,75,1e-07,,,,4,cuda,torch,400,8,,7.54862,0.0793125,17.6069,0.0548449,3.47094,0.0355805,15.263,0.0562895,50,4.492,4.266,2026-08-01T02:21:40,9124b27,2.13.0+cu130,gonzalo
35,0.8,40,n3,dr,default,75,1e-07,,,,4,cuda,torch,400,8,,8.4309,0.0888406,17.6069,0.0548449,4.13145,0.042344,15.263,0.0562895,50,4.267,4.266,2026-08-01T02:21:40,9124b27,2.13.0+cu130,gonzalo
35,0.8,20,n3,dr,default,75,1e-07,,,,4,cuda,torch,400,8,,9.91725,0.104356,17.6069,0.0548449,5.51247,0.0562424,15.263,0.0562895,50,4.293,4.266,2026-08-01T02:21:40,9124b27,2.13.0+cu130,gonzalo
36,0.2,inf,n3,dr,default,75,1e-07,,,,4,cuda,torch,400,8,,1.75235,0.0174963,4.79511,0.0036944,0.863588,0.00866345,4.08666,0.00296145,50,4.282,4.266,2026-08-01T02:21:40,9124b27,2.13.0+cu130,gonzalo
36,0.2,40,n3,dr,default,75,1e-07,,,,4,cuda,torch,400,8,,3.07119,0.0311892,4.79511,0.0036944,1.93977,0.0196715,4.08666,0.00296145,49,4.186,4.266,2026-08-01T02:21:40,9124b27,2.13.0+cu130,gonzalo
36,0.2,20,n3,dr,default,75,1e-07,,,,4,cuda,torch,400,8,,7.41959,0.0751063,4.79511,0.0036944,4.7673,0.0482963,4.08666,0.00296145,50,4.288,4.266,2026-08-01T02:21:40,9124b27,2.13.0+cu130,gonzalo
36,0.4,inf,n3,dr,default,75,1e-07,,,,4,cuda,torch,400,8,,4.17896,0.0425954,9.54161,0.00799077,2.38607,0.0242836,8.12703,0.00666619,50,4.267,4.266,2026-08-01T02:21:40,9124b27,2.13.0+cu130,gonzalo
36,0.4,40,n3,dr,default,75,1e-07,,,,4,cuda,torch,400,8,,5.55945,0.0570275,9.54161,0.00799077,3.43396,0.0350825,8.12703,0.00666619,49,4.209,4.266,2026-08-01T02:21:40,9124b27,2.13.0+cu130,gonzalo
36,0.4,20,n3,dr,default,75,1e-07,,,,4,cuda,torch,400,8,,7.74106,0.0789464,9.54161,0.00799077,4.91344,0.0499551,8.12703,0.00666619,50,4.284,4.266,2026-08-01T02:21:40,9124b27,2.13.0+cu130,gonzalo
36,0.8,inf,n3,dr,default,75,1e-07,,,,4,cuda,torch,400,8,,7.20803,0.0728661,18.878,0.0254174,3.86107,0.0394355,16.0661,0.0243799,50,4.256,4.266,2026-08-01T02:21:40,9124b27,2.13.0+cu130,gonzalo
36,0.8,40,n3,dr,default,75,1e-07,,,,4,cuda,torch,400,8,,7.78468,0.0791348,18.878,0.0254174,4.31422,0.0441538,16.0661,0.0243799,50,4.262,4.266,2026-08-01T02:21:40,9124b27,2.13.0+cu130,gonzalo
36,0.8,20,n3,dr,default,75,1e-07,,,,4,cuda,torch,400,8,,8.7893,0.0901777,18.878,0.0254174,5.19928,0.0532004,16.0661,0.0243799,50,4.258,4.266,2026-08-01T02:21:40,9124b27,2.13.0+cu130,gonzalo
37,0.2,inf,n3,dr,default,75,1e-07,,,,4,cuda,torch,400,8,,1.79189,0.0181062,4.56338,0.00350426,0.879199,0.00886707,3.91621,0.00210109,50,4.348,4.266,2026-08-01T02:21:40,9124b27,2.13.0+cu130,gonzalo
37,0.2,40,n3,dr,default,75,1e-07,,,,4,cuda,torch,400,8,,3.4512,0.0350796,4.56338,0.00350426,2.12158,0.0214732,3.91621,0.00210109,50,4.348,4.266,2026-08-01T02:21:40,9124b27,2.13.0+cu130,gonzalo
37,0.2,20,n3,dr,default,75,1e-07,,,,4,cuda,torch,400,8,,7.63192,0.0769759,4.56338,0.00350426,4.79695,0.0484715,3.91621,0.00210109,50,4.321,4.266,2026-08-01T02:21:40,9124b27,2.13.0+cu130,gonzalo
37,0.4,inf,n3,dr,default,75,1e-07,,,,4,cuda,torch,400,8,,4.61235,0.0472363,9.08809,0.00746009,2.33992,0.0237795,7.81297,0.00509427,50,4.44,4.266,2026-08-01T02:21:40,9124b27,2.13.0+cu130,gonzalo
37,0.4,40,n3,dr,default,75,1e-07,,,,4,cuda,torch,400,8,,5.60479,0.0574163,9.08809,0.00746009,3.17836,0.0323233,7.81297,0.00509427,50,4.223,4.266,2026-08-01T02:21:40,9124b27,2.13.0+cu130,gonzalo
37,0.4,20,n3,dr,default,75,1e-07,,,,4,cuda,torch,400,8,,8.38494,0.0850463,9.08809,0.00746009,5.15706,0.0522109,7.81297,0.00509427,50,4.217,4.266,2026-08-01T02:21:40,9124b27,2.13.0+cu130,gonzalo
37,0.8,inf,n3,dr,default,75,1e-07,,,,4,cuda,torch,400,8,,7.83176,0.0797065,18.0083,0.0188599,3.67337,0.0373916,15.5413,0.0161456,50,4.306,4.266,2026-08-01T02:21:40,9124b27,2.13.0+cu130,gonzalo
37,0.8,40,n3,dr,default,75,1e-07,,,,4,cuda,torch,400,8,,8.58909,0.0880302,18.0083,0.0188599,4.27899,0.0436985,15.5413,0.0161456,50,4.288,4.266,2026-08-01T02:21:40,9124b27,2.13.0+cu130,gonzalo
37,0.8,20,n3,dr,default,75,1e-07,,,,4,cuda,torch,400,8,,9.81264,0.101408,18.0083,0.0188599,5.4922,0.0561345,15.5413,0.0161456,50,4.318,4.266,2026-08-01T02:21:40,9124b27,2.13.0+cu130,gonzalo
38,0.2,inf,n3,dr,default,75,1e-07,,,,4,cuda,torch,400,8,,1.92055,0.0196343,3.656,0.00387088,0.813155,0.0081832,3.02932,0.00307665,50,4.285,4.266,2026-08-01T02:21:40,9124b27,2.13.0+cu130,gonzalo
38,0.2,40,n3,dr,default,75,1e-07,,,,4,cuda,torch,400,8,,3.04571,0.0311331,3.656,0.00387088,1.56112,0.0157324,3.02932,0.00307665,50,4.347,4.266,2026-08-01T02:21:40,9124b27,2.13.0+cu130,gonzalo
38,0.2,20,n3,dr,default,75,1e-07,,,,4,cuda,torch,400,8,,7.65088,0.0776829,3.656,0.00387088,4.68703,0.0473103,3.02932,0.00307665,50,4.369,4.266,2026-08-01T02:21:40,9124b27,2.13.0+cu130,gonzalo
38,0.4,inf,n3,dr,default,75,1e-07,,,,4,cuda,torch,400,8,,3.37028,0.0347857,7.36944,0.00747703,1.47215,0.0148492,6.0864,0.0051858,50,4.362,4.266,2026-08-01T02:21:40,9124b27,2.13.0+cu130,gonzalo
38,0.4,40,n3,dr,default,75,1e-07,,,,4,cuda,torch,400,8,,4.48353,0.0463804,7.36944,0.00747703,2.19396,0.0222033,6.0864,0.0051858,50,4.383,4.266,2026-08-01T02:21:40,9124b27,2.13.0+cu130,gonzalo
38,0.4,20,n3,dr,default,75,1e-07,,,,4,cuda,torch,400,8,,8.84165,0.0905423,7.36944,0.00747703,5.2723,0.0532328,6.0864,0.0051858,50,4.376,4.266,2026-08-01T02:21:40,9124b27,2.13.0+cu130,gonzalo
38,0.8,inf,n3,dr,default,75,1e-07,,,,4,cuda,torch,400,8,,6.70082,0.0706753,14.9954,0.0226606,3.04369,0.0310469,12.2935,0.0203505,50,4.38,4.266,2026-08-01T02:21:40,9124b27,2.13.0+cu130,gonzalo
38,0.8,40,n3,dr,default,75,1e-07,,,,4,cuda,torch,400,8,,8.27088,0.0872823,14.9954,0.0226606,4.17836,0.0426179,12.2935,0.0203505,50,4.336,4.266,2026-08-01T02:21:40,9124b27,2.13.0+cu130,gonzalo
38,0.8,20,n3,dr,default,75,1e-07,,,,4,cuda,torch,400,8,,10.7199,0.112217,14.9954,0.0226606,6.11079,0.0619542,12.2935,0.0203505,50,4.335,4.266,2026-08-01T02:21:40,9124b27,2.13.0+cu130,gonzalo
39,0.2,inf,n3,dr,default,75,1e-07,,,,4,cuda,torch,400,8,,2.26312,0.0228643,4.41665,0.00430162,1.02721,0.0103546,3.70136,0.00328311,50,4.234,4.266,2026-08-01T02:21:40,9124b27,2.13.0+cu130,gonzalo
39,0.2,40,n3,dr,default,75,1e-07,,,,4,cuda,torch,400,8,,3.09676,0.0314307,4.41665,0.00430162,2.0425,0.020713,3.70136,0.00328311,50,4.229,4.266,2026-08-01T02:21:40,9124b27,2.13.0+cu130,gonzalo
39,0.2,20,n3,dr,default,75,1e-07,,,,4,cuda,torch,400,8,,7.57644,0.07609,4.41665,0.00430162,4.93446,0.0499208,3.70136,0.00328311,50,4.252,4.266,2026-08-01T02:21:40,9124b27,2.13.0+cu130,gonzalo
39,0.4,inf,n3,dr,default,75,1e-07,,,,4,cuda,torch,400,8,,3.86051,0.0388766,8.78367,0.00929594,2.057,0.0208627,7.37835,0.00779028,50,4.152,4.266,2026-08-01T02:21:40,9124b27,2.13.0+cu130,gonzalo
39,0.4,40,n3,dr,default,75,1e-07,,,,4,cuda,torch,400,8,,4.70345,0.0476489,8.78367,0.00929594,2.99507,0.0305504,7.37835,0.00779028,50,4.18,4.266,2026-08-01T02:21:40,9124b27,2.13.0+cu130,gonzalo
39,0.4,20,n3,dr,default,75,1e-07,,,,4,cuda,torch,400,8,,7.62826,0.07683,8.78367,0.00929594,5.00289,0.0507899,7.37835,0.00779028,50,4.172,4.266,2026-08-01T02:21:40,9124b27,2.13.0+cu130,gonzalo
39,0.8,inf,n3,dr,default,75,1e-07,,,,4,cuda,torch,400,8,,7.34704,0.0732754,17.3703,0.0221732,3.88308,0.0396191,14.6581,0.0207595,50,4.168,4.266,2026-08-01T02:21:40,9124b27,2.13.0+cu130,gonzalo
39,0.8,40,n3,dr,default,75,1e-07,,,,4,cuda,torch,400,8,,8.05504,0.0813592,17.3703,0.0221732,4.4564,0.0456527,14.6581,0.0207595,50,4.175,4.266,2026-08-01T02:21:40,9124b27,2.13.0+cu130,gonzalo
39,0.8,20,n3,dr,default,75,1e-07,,,,4,cuda,torch,400,8,,9.21664,0.0937386,17.3703,0.0221732,5.50823,0.0563251,14.6581,0.0207595,50,4.229,4.266,2026-08-01T02:21:40,9124b27,2.13.0+cu130,gonzalo
40,0.2,inf,n3,dr,default,75,1e-07,,,,4,cuda,torch,400,8,,1.88988,0.0191683,4.3436,0.00209822,0.808474,0.00811787,3.81288,0.00165616,50,4.217,4.266,2026-08-01T02:21:40,9124b27,2.13.0+cu130,gonzalo
40,0.2,40,n3,dr,default,75,1e-07,,,,4,cuda,torch,400,8,,3.0382,0.0310842,4.3436,0.00209822,1.4277,0.0143991,3.81288,0.00165616,50,4.213,4.266,2026-08-01T02:21:40,9124b27,2.13.0+cu130,gonzalo
40,0.2,20,n3,dr,default,75,1e-07,,,,4,cuda,torch,400,8,,7.40982,0.0753647,4.3436,0.00209822,4.42278,0.0445722,3.81288,0.00165616,50,4.216,4.266,2026-08-01T02:21:40,9124b27,2.13.0+cu130,gonzalo
40,0.4,inf,n3,dr,default,75,1e-07,,,,4,cuda,torch,400,8,,4.07877,0.0420482,8.67211,0.0047098,1.7173,0.017367,7.62176,0.00389977,50,4.209,4.266,2026-08-01T02:21:40,9124b27,2.13.0+cu130,gonzalo
40,0.4,40,n3,dr,default,75,1e-07,,,,4,cuda,torch,400,8,,4.94864,0.0515033,8.67211,0.0047098,2.17779,0.0221439,7.62176,0.00389977,50,4.168,4.266,2026-08-01T02:21:40,9124b27,2.13.0+cu130,gonzalo
40,0.4,20,n3,dr,default,75,1e-07,,,,4,cuda,torch,400,8,,8.54959,0.0883163,8.67211,0.0047098,4.80684,0.0485528,7.62176,0.00389977,50,4.206,4.266,2026-08-01T02:21:40,9124b27,2.13.0+cu130,gonzalo
40,0.8,inf,n3,dr,default,75,1e-07,,,,4,cuda,torch,400,8,,8.32028,0.087965,17.2847,0.0123412,3.62089,0.0371531,15.2236,0.0110395,50,4.286,4.266,2026-08-01T02:21:40,9124b27,2.13.0+cu130,gonzalo
40,0.8,40,n3,dr,default,75,1e-07,,,,4,cuda,torch,400,8,,9.15655,0.0973143,17.2847,0.0123412,4.21517,0.0433469,15.2236,0.0110395,50,4.344,4.266,2026-08-01T02:21:40,9124b27,2.13.0+cu130,gonzalo
40,0.8,20,n3,dr,default,75,1e-07,,,,4,cuda,torch,400,8,,10.6653,0.112872,17.2847,0.0123412,5.51683,0.0563236,15.2236,0.0110395,50,4.302,4.266,2026-08-01T02:21:40,9124b27,2.13.0+cu130,gonzalo
41,0.2,inf,n3,dr,default,75,1e-07,,,,4,cuda,torch,400,8,,1.56119,0.0158791,4.45575,0.00261584,0.652081,0.0065595,3.84915,0.00222962,50,4.308,4.266,2026-08-01T02:21:40,9124b27,2.13.0+cu130,gonzalo
41,0.2,40,n3,dr,default,75,1e-07,,,,4,cuda,torch,400,8,,2.94464,0.0300322,4.45575,0.00261584,1.6304,0.0164492,3.84915,0.00222962,50,4.321,4.266,2026-08-01T02:21:40,9124b27,2.13.0+cu130,gonzalo
41,0.2,20,n3,dr,default,75,1e-07,,,,4,cuda,torch,400,8,,7.1679,0.0727752,4.45575,0.00261584,4.50581,0.0455174,3.84915,0.00222962,50,4.345,4.266,2026-08-01T02:21:40,9124b27,2.13.0+cu130,gonzalo
41,0.4,inf,n3,dr,default,75,1e-07,,,,4,cuda,torch,400,8,,3.70557,0.0381879,8.94923,0.00508371,1.6823,0.0170393,7.71337,0.00428663,50,4.315,4.266,2026-08-01T02:21:40,9124b27,2.13.0+cu130,gonzalo
41,0.4,40,n3,dr,default,75,1e-07,,,,4,cuda,torch,400,8,,5.21101,0.0536411,8.94923,0.00508371,2.84693,0.0288923,7.71337,0.00428663,50,4.292,4.266,2026-08-01T02:21:40,9124b27,2.13.0+cu130,gonzalo
41,0.4,20,n3,dr,default,75,1e-07,,,,4,cuda,torch,400,8,,7.79909,0.0797856,8.94923,0.00508371,4.75291,0.0481291,7.71337,0.00428663,50,4.376,4.266,2026-08-01T02:21:40,9124b27,2.13.0+cu130,gonzalo
41,0.8,inf,n3,dr,default,75,1e-07,,,,4,cuda,torch,400,8,,7.01056,0.0730847,18.0516,0.0109207,3.45581,0.0352807,15.488,0.00936781,50,4.246,4.266,2026-08-01T02:21:40,9124b27,2.13.0+cu130,gonzalo
41,0.8,40,n3,dr,default,75,1e-07,,,,4,cuda,torch,400,8,,7.80349,0.0814958,18.0516,0.0109207,4.10913,0.0419959,15.488,0.00936781,50,4.278,4.266,2026-08-01T02:21:40,9124b27,2.13.0+cu130,gonzalo
41,0.8,20,n3,dr,default,75,1e-07,,,,4,cuda,torch,400,8,,9.11304,0.0951275,18.0516,0.0109207,5.22476,0.0532947,15.488,0.00936781,50,4.237,4.266,2026-08-01T02:21:40,9124b27,2.13.0+cu130,gonzalo
42,0.2,inf,n3,dr,default,75,1e-07,,,,4,cuda,torch,400,8,,1.9954,0.0202611,4.4968,0.00391422,0.813517,0.00819426,3.9526,0.00322913,50,4.244,4.266,2026-08-01T02:21:40,9124b27,2.13.0+cu130,gonzalo
42,0.2,40,n3,dr,default,75,1e-07,,,,4,cuda,torch,400,8,,3.32983,0.0339347,4.4968,0.00391422,1.79532,0.0181117,3.9526,0.00322913,50,4.249,4.266,2026-08-01T02:21:40,9124b27,2.13.0+cu130,gonzalo
42,0.2,20,n3,dr,default,75,1e-07,,,,4,cuda,torch,400,8,,7.88422,0.0797289,4.4968,0.00391422,4.90491,0.0494741,3.9526,0.00322913,50,4.254,4.266,2026-08-01T02:21:40,9124b27,2.13.0+cu130,gonzalo
42,0.4,inf,n3,dr,default,75,1e-07,,,,4,cuda,torch,400,8,,5.07227,0.0524169,9.02058,0.00801147,2.37142,0.0240989,7.9398,0.00625831,50,4.245,4.266,2026-08-01T02:21:40,9124b27,2.13.0+cu130,gonzalo
42,0.4,40,n3,dr,default,75,1e-07,,,,4,cuda,torch,400,8,,6.31611,0.0652249,9.02058,0.00801147,3.34479,0.0339431,7.9398,0.00625831,50,4.242,4.266,2026-08-01T02:21:40,9124b27,2.13.0+cu130,gonzalo
42,0.4,20,n3,dr,default,75,1e-07,,,,4,cuda,torch,400,8,,8.85393,0.0907712,9.02058,0.00801147,5.27303,0.0533113,7.9398,0.00625831,50,4.248,4.266,2026-08-01T02:21:40,9124b27,2.13.0+cu130,gonzalo
42,0.8,inf,n3,dr,default,75,1e-07,,,,4,cuda,torch,400,8,,9.26349,0.0976777,18.1535,0.0182566,4.60494,0.0471921,16.0246,0.0136784,50,4.234,4.266,2026-08-01T02:21:40,9124b27,2.13.0+cu130,gonzalo
42,0.8,40,n3,dr,default,75,1e-07,,,,4,cuda,torch,400,8,,10.0482,0.105967,18.1535,0.0182566,5.21956,0.0534681,16.0246,0.0136784,50,4.233,4.266,2026-08-01T02:21:40,9124b27,2.13.0+cu130,gonzalo
42,0.8,20,n3,dr,default,75,1e-07,,,,4,cuda,torch,400,8,,10.6663,0.112179,18.1535,0.0182566,5.96515,0.0609533,16.0246,0.0136784,50,4.242,4.266,2026-08-01T02:21:40,9124b27,2.13.0+cu130,gonzalo
43,0.2,inf,n3,dr,default,75,1e-07,,,,4,cuda,torch,400,8,,1.81701,0.0184564,3.785,0.003126,0.809443,0.00814322,2.91869,0.00254605,50,4.338,4.266,2026-08-01T02:21:40,9124b27,2.13.0+cu130,gonzalo
43,0.2,40,n3,dr,default,75,1e-07,,,,4,cuda,torch,400,8,,3.35531,0.0342632,3.785,0.003126,1.79421,0.0181419,2.91869,0.00254605,50,4.374,4.266,2026-08-01T02:21:40,9124b27,2.13.0+cu130,gonzalo
43,0.2,20,n3,dr,default,75,1e-07,,,,4,cuda,torch,400,8,,8.02082,0.0814607,3.785,0.003126,4.86504,0.0491717,2.91869,0.00254605,50,4.316,4.266,2026-08-01T02:21:40,9124b27,2.13.0+cu130,gonzalo
43,0.4,inf,n3,dr,default,75,1e-07,,,,4,cuda,torch,400,8,,3.62264,0.037196,7.56247,0.00624932,1.6342,0.0165252,5.82068,0.00426351,50,4.323,4.266,2026-08-01T02:21:40,9124b27,2.13.0+cu130,gonzalo
43,0.4,40,n3,dr,default,75,1e-07,,,,4,cuda,torch,400,8,,5.39526,0.0556509,7.56247,0.00624932,2.81615,0.0286088,5.82068,0.00426351,50,4.298,4.266,2026-08-01T02:21:40,9124b27,2.13.0+cu130,gonzalo
43,0.4,20,n3,dr,default,75,1e-07,,,,4,cuda,torch,400,8,,9.34443,0.0955618,7.56247,0.00624932,5.51163,0.055757,5.82068,0.00426351,50,4.241,4.266,2026-08-01T02:21:40,9124b27,2.13.0+cu130,gonzalo
43,0.8,inf,n3,dr,default,75,1e-07,,,,4,cuda,torch,400,8,,7.19707,0.0751329,15.105,0.0168554,3.3485,0.0341704,11.5793,0.0115866,50,4.251,4.266,2026-08-01T02:21:40,9124b27,2.13.0+cu130,gonzalo
43,0.8,40,n3,dr,default,75,1e-07,,,,4,cuda,torch,400,8,,8.4306,0.0883001,15.105,0.0168554,4.22883,0.0432927,11.5793,0.0115866,50,4.243,4.266,2026-08-01T02:21:40,9124b27,2.13.0+cu130,gonzalo
43,0.8,20,n3,dr,default,75,1e-07,,,,4,cuda,torch,400,8,,10.6552,0.111456,15.105,0.0168554,5.90116,0.0601397,11.5793,0.0115866,50,4.247,4.266,2026-08-01T02:21:40,9124b27,2.13.0+cu130,gonzalo
44,0.2,inf,n3,dr,default,75,1e-07,,,,4,cuda,torch,400,8,,1.47034,0.0148327,4.50777,0.00132028,0.601741,0.00602774,3.37794,0.000813472,50,4.236,4.266,2026-08-01T02:21:40,9124b27,2.13.0+cu130,gonzalo
44,0.2,40,n3,dr,default,75,1e-07,,,,4,cuda,torch,400,8,,2.53667,0.0258162,4.50777,0.00132028,1.31152,0.013216,3.37794,0.000813472,50,4.247,4.266,2026-08-01T02:21:40,9124b27,2.13.0+cu130,gonzalo
44,0.2,20,n3,dr,default,75,1e-07,,,,4,cuda,torch,400,8,,6.88767,0.0701206,4.50777,0.00132028,4.30238,0.0434923,3.37794,0.000813472,50,4.254,4.266,2026-08-01T02:21:40,9124b27,2.13.0+cu130,gonzalo
44,0.4,inf,n3,dr,default,75,1e-07,,,,4,cuda,torch,400,8,,2.92451,0.0296614,8.95706,0.00298618,1.19665,0.0120181,6.73641,0.00193499,50,4.269,4.266,2026-08-01T02:21:40,9124b27,2.13.0+cu130,gonzalo
44,0.4,40,n3,dr,default,75,1e-07,,,,4,cuda,torch,400,8,,3.87669,0.0397838,8.95706,0.00298618,1.85169,0.018734,6.73641,0.00193499,50,4.321,4.266,2026-08-01T02:21:40,9124b27,2.13.0+cu130,gonzalo
44,0.4,20,n3,dr,default,75,1e-07,,,,4,cuda,torch,400,8,,7.22632,0.0743514,8.95706,0.00298618,4.36423,0.0442106,6.73641,0.00193499,50,4.3,4.266,2026-08-01T02:21:40,9124b27,2.13.0+cu130,gonzalo
44,0.8,inf,n3,dr,default,75,1e-07,,,,4,cuda,torch,400,8,,6.80173,0.0687524,17.6807,0.00903249,2.75287,0.027748,13.3939,0.00741987,50,4.269,4.266,2026-08-01T02:21:40,9124b27,2.13.0+cu130,gonzalo
44,0.8,40,n3,dr,default,75,1e-07,,,,4,cuda,torch,400,8,,7.46925,0.0764978,17.6807,0.00903249,3.3783,0.0343118,13.3939,0.00741987,50,4.255,4.266,2026-08-01T02:21:40,9124b27,2.13.0+cu130,gonzalo
44,0.8,20,n3,dr,default,75,1e-07,,,,4,cuda,torch,400,8,,9.08651,0.0948604,17.6807,0.00903249,4.86191,0.0495568,13.3939,0.00741987,50,4.267,4.266,2026-08-01T02:21:40,9124b27,2.13.0+cu130,gonzalo
45,0.2,inf,n3,dr,default,75,1e-07,,,,4,cuda,torch,400,8,,2.37487,0.0240491,4.04669,0.0063691,1.27218,0.0128365,2.64661,0.00459715,50,4.288,4.266,2026-08-01T02:21:40,9124b27,2.13.0+cu130,gonzalo
45,0.2,40,n3,dr,default,75,1e-07,,,,4,cuda,torch,400,8,,4.31027,0.043622,4.04669,0.0063691,2.62914,0.0266497,2.64661,0.00459715,50,4.317,4.266,2026-08-01T02:21:40,9124b27,2.13.0+cu130,gonzalo
45,0.2,20,n3,dr,default,75,1e-07,,,,4,cuda,torch,400,8,,8.38193,0.0845482,4.04669,0.0063691,5.22226,0.0528424,2.64661,0.00459715,50,4.313,4.266,2026-08-01T02:21:40,9124b27,2.13.0+cu130,gonzalo
45,0.4,inf,n3,dr,default,75,1e-07,,,,4,cuda,torch,400,8,,4.58455,0.046529,8.24789,0.0168787,2.62396,0.0266541,5.37812,0.0148678,50,4.6,4.266,2026-08-01T02:21:40,9124b27,2.13.0+cu130,gonzalo
45,0.4,40,n3,dr,default,75,1e-07,,,,4,cuda,torch,400,8,,6.3752,0.0646495,8.24789,0.0168787,3.80016,0.0386787,5.37812,0.0148678,50,4.412,4.266,2026-08-01T02:21:40,9124b27,2.13.0+cu130,gonzalo
45,0.4,20,n3,dr,default,75,1e-07,,,,4,cuda,torch,400,8,,9.92458,0.100178,8.24789,0.0168787,5.98302,0.060596,5.37812,0.0148678,50,4.433,4.266,2026-08-01T02:21:40,9124b27,2.13.0+cu130,gonzalo
45,0.8,inf,n3,dr,default,75,1e-07,,,,4,cuda,torch,400,8,,8.47666,0.0863776,17.147,0.0882447,4.53523,0.046256,11.1144,0.0981605,50,4.443,4.266,2026-08-01T02:21:40,9124b27,2.13.0+cu130,gonzalo
45,0.8,40,n3,dr,default,75,1e-07,,,,4,cuda,torch,400,8,,10.2169,0.104241,17.147,0.0882447,5.57767,0.0568929,11.1144,0.0981605,50,4.452,4.266,2026-08-01T02:21:40,9124b27,2.13.0+cu130,gonzalo
45,0.8,20,n3,dr,default,75,1e-07,,,,4,cuda,torch,400,8,,12.1259,0.123417,17.147,0.0882447,6.9091,0.0701337,11.1144,0.0981605,50,4.242,4.266,2026-08-01T02:21:40,9124b27,2.13.0+cu130,gonzalo
46,0.2,inf,n3,dr,default,75,1e-07,,,,4,cuda,torch,400,8,,2.22237,0.0220597,4.3072,0.00275237,1.00937,0.0101072,3.68074,0.00243744,50,4.251,4.266,2026-08-01T02:21:40,9124b27,2.13.0+cu130,gonzalo
46,0.2,40,n3,dr,default,75,1e-07,,,,4,cuda,torch,400,8,,2.9498,0.0299776,4.3072,0.00275237,1.9851,0.0201441,3.68074,0.00243744,49,4.167,4.266,2026-08-01T02:21:40,9124b27,2.13.0+cu130,gonzalo
46,0.2,20,n3,dr,default,75,1e-07,,,,4,cuda,torch,400,8,,6.84784,0.0688504,4.3072,0.00275237,4.55744,0.0461702,3.68074,0.00243744,50,4.252,4.266,2026-08-01T02:21:40,9124b27,2.13.0+cu130,gonzalo
46,0.4,inf,n3,dr,default,75,1e-07,,,,4,cuda,torch,400,8,,3.88165,0.0389416,8.61703,0.00623034,2.10504,0.0213744,7.38038,0.00589358,50,4.23,4.266,2026-08-01T02:21:40,9124b27,2.13.0+cu130,gonzalo
46,0.4,40,n3,dr,default,75,1e-07,,,,4,cuda,torch,400,8,,4.29336,0.0436791,8.61703,0.00623034,2.85526,0.0292261,7.38038,0.00589358,50,4.232,4.266,2026-08-01T02:21:40,9124b27,2.13.0+cu130,gonzalo
46,0.4,20,n3,dr,default,75,1e-07,,,,4,cuda,torch,400,8,,6.89939,0.0694808,8.61703,0.00623034,4.71005,0.0479013,7.38038,0.00589358,50,4.254,4.266,2026-08-01T02:21:40,9124b27,2.13.0+cu130,gonzalo
46,0.8,inf,n3,dr,default,75,1e-07,,,,4,cuda,torch,400,8,,6.48985,0.0644813,17.2483,0.0149582,3.51094,0.0359395,14.8374,0.014944,50,4.231,4.266,2026-08-01T02:21:40,9124b27,2.13.0+cu130,gonzalo
46,0.8,40,n3,dr,default,75,1e-07,,,,4,cuda,torch,400,8,,6.83267,0.0688558,17.2483,0.0149582,3.96063,0.0407828,14.8374,0.014944,50,4.232,4.266,2026-08-01T02:21:40,9124b27,2.13.0+cu130,gonzalo
46,0.8,20,n3,dr,default,75,1e-07,,,,4,cuda,torch,400,8,,7.98639,0.0814348,17.2483,0.0149582,5.06971,0.0521708,14.8374,0.014944,50,4.231,4.266,2026-08-01T02:21:40,9124b27,2.13.0+cu130,gonzalo
47,0.2,inf,n3,dr,default,75,1e-07,,,,4,cuda,torch,400,8,,2.15989,0.0219956,4.72858,0.00197282,0.853727,0.00861168,4.12257,0.00177876,50,4.243,4.266,2026-08-01T02:21:40,9124b27,2.13.0+cu130,gonzalo
47,0.2,40,n3,dr,default,75,1e-07,,,,4,cuda,torch,400,8,,3.29627,0.0337112,4.72858,0.00197282,1.60671,0.0162154,4.12257,0.00177876,50,4.237,4.266,2026-08-01T02:21:40,9124b27,2.13.0+cu130,gonzalo
47,0.2,20,n3,dr,default,75,1e-07,,,,4,cuda,torch,400,8,,7.63446,0.0774334,4.72858,0.00197282,4.6365,0.0467519,4.12257,0.00177876,50,4.237,4.266,2026-08-01T02:21:40,9124b27,2.13.0+cu130,gonzalo
47,0.4,inf,n3,dr,default,75,1e-07,,,,4,cuda,torch,400,8,,4.90788,0.0509257,9.44689,0.00431821,2.07052,0.0210993,8.26273,0.00405887,50,4.347,4.266,2026-08-01T02:21:40,9124b27,2.13.0+cu130,gonzalo
47,0.4,40,n3,dr,default,75,1e-07,,,,4,cuda,torch,400,8,,6.01038,0.0623753,9.44689,0.00431821,2.86727,0.0291407,8.26273,0.00405887,50,4.415,4.266,2026-08-01T02:21:40,9124b27,2.13.0+cu130,gonzalo
47,0.4,20,n3,dr,default,75,1e-07,,,,4,cuda,torch,400,8,,8.7068,0.0895771,9.44689,0.00431821,4.95322,0.0500324,8.26273,0.00405887,50,4.329,4.266,2026-08-01T02:21:40,9124b27,2.13.0+cu130,gonzalo
47,0.8,inf,n3,dr,default,75,1e-07,,,,4,cuda,torch,400,8,,10.0469,0.106658,18.8436,0.0104026,4.6984,0.048312,16.5911,0.0102983,50,4.233,4.266,2026-08-01T02:21:40,9124b27,2.13.0+cu130,gonzalo
47,0.8,40,n3,dr,default,75,1e-07,,,,4,cuda,torch,400,8,,10.5846,0.112304,18.8436,0.0104026,5.10683,0.052462,16.5911,0.0102983,50,4.229,4.266,2026-08-01T02:21:40,9124b27,2.13.0+cu130,gonzalo
47,0.8,20,n3,dr,default,75,1e-07,,,,4,cuda,torch,400,8,,11.1634,0.118017,18.8436,0.0104026,5.80729,0.0594316,16.5911,0.0102983,50,4.239,4.266,2026-08-01T02:21:40,9124b27,2.13.0+cu130,gonzalo
48,0.2,inf,n3,dr,default,75,1e-07,,,,4,cuda,torch,400,8,,0.865239,0.00866895,4.07237,0.00147086,0.367124,0.00367153,3.16706,0.000992605,50,4.226,4.266,2026-08-01T02:21:40,9124b27,2.13.0+cu130,gonzalo
48,0.2,40,n3,dr,default,75,1e-07,,,,4,cuda,torch,400,8,,2.24282,0.0226839,4.07237,0.00147086,1.33972,0.0134861,3.16706,0.000992605,50,4.228,4.266,2026-08-01T02:21:40,9124b27,2.13.0+cu130,gonzalo
48,0.2,20,n3,dr,default,75,1e-07,,,,4,cuda,torch,400,8,,6.65889,0.0672075,4.07237,0.00147086,4.32058,0.0435723,3.16706,0.000992605,50,4.233,4.266,2026-08-01T02:21:40,9124b27,2.13.0+cu130,gonzalo
48,0.4,inf,n3,dr,default,75,1e-07,,,,4,cuda,torch,400,8,,2.40867,0.0245335,8.13322,0.00355238,1.08221,0.0109319,6.32722,0.00272656,50,4.225,4.266,2026-08-01T02:21:40,9124b27,2.13.0+cu130,gonzalo
48,0.4,40,n3,dr,default,75,1e-07,,,,4,cuda,torch,400,8,,3.80468,0.0388988,8.13322,0.00355238,2.07276,0.0209829,6.32722,0.00272656,50,4.23,4.266,2026-08-01T02:21:40,9124b27,2.13.0+cu130,gonzalo
48,0.4,20,n3,dr,default,75,1e-07,,,,4,cuda,torch,400,8,,7.73058,0.0785323,8.13322,0.00355238,4.85371,0.0489856,6.32722,0.00272656,50,4.236,4.266,2026-08-01T02:21:40,9124b27,2.13.0+cu130,gonzalo
48,0.8,inf,n3,dr,default,75,1e-07,,,,4,cuda,torch,400,8,,6.27594,0.0649422,16.2274,0.0111524,2.9093,0.0297019,12.6273,0.00987981,50,4.204,4.266,2026-08-01T02:21:40,9124b27,2.13.0+cu130,gonzalo
48,0.8,40,n3,dr,default,75,1e-07,,,,4,cuda,torch,400,8,,7.40888,0.0770917,16.2274,0.0111524,3.76493,0.0384745,12.6273,0.00987981,50,4.2,4.266,2026-08-01T02:21:40,9124b27,2.13.0+cu130,gonzalo
48,0.8,20,n3,dr,default,75,1e-07,,,,4,cuda,torch,400,8,,9.33796,0.0971921,16.2274,0.0111524,5.3449,0.0543835,12.6273,0.00987981,50,4.2,4.266,2026-08-01T02:21:40,9124b27,2.13.0+cu130,gonzalo
49,0.2,inf,n3,dr,default,75,1e-07,,,,4,cuda,torch,400,8,,1.62024,0.016535,3.88045,0.00343063,0.885085,0.00895473,2.94913,0.0026433,50,4.2,4.266,2026-08-01T02:21:40,9124b27,2.13.0+cu130,gonzalo
49,0.2,40,n3,dr,default,75,1e-07,,,,4,cuda,torch,400,8,,3.02353,0.030648,3.88045,0.00343063,2.00948,0.0203671,2.94913,0.0026433,50,4.188,4.266,2026-08-01T02:21:40,9124b27,2.13.0+cu130,gonzalo
49,0.2,20,n3,dr,default,75,1e-07,,,,4,cuda,torch,400,8,,7.4621,0.0752036,3.88045,0.00343063,4.84176,0.0490255,2.94913,0.0026433,50,4.2,4.266,2026-08-01T02:21:40,9124b27,2.13.0+cu130,gonzalo
49,0.4,inf,n3,dr,default,75,1e-07,,,,4,cuda,torch,400,8,,3.09106,0.0316514,7.95542,0.0063492,2.03321,0.0207687,6.01722,0.00406846,50,4.195,4.266,2026-08-01T02:21:40,9124b27,2.13.0+cu130,gonzalo
49,0.4,40,n3,dr,default,75,1e-07,,,,4,cuda,torch,400,8,,4.2575,0.0432511,7.95542,0.0063492,2.89677,0.0295814,6.01722,0.00406846,50,4.2,4.266,2026-08-01T02:21:40,9124b27,2.13.0+cu130,gonzalo
49,0.4,20,n3,dr,default,75,1e-07,,,,4,cuda,torch,400,8,,8.12151,0.0817399,7.95542,0.0063492,5.245,0.0532208,6.01722,0.00406846,50,4.2,4.266,2026-08-01T02:21:40,9124b27,2.13.0+cu130,gonzalo
49,0.8,inf,n3,dr,default,75,1e-07,,,,4,cuda,torch,400,8,,4.8151,0.0493401,16.736,0.0223604,3.11035,0.0320739,12.5314,0.0212916,50,4.193,4.266,2026-08-01T02:21:40,9124b27,2.13.0+cu130,gonzalo
49,0.8,40,n3,dr,default,75,1e-07,,,,4,cuda,torch,400,8,,5.84549,0.0597034,16.736,0.0223604,3.7593,0.0386801,12.5314,0.0212916,50,4.131,4.266,2026-08-01T02:21:40,9124b27,2.13.0+cu130,gonzalo
49,0.8,20,n3,dr,default,75,1e-07,,,,4,cuda,torch,400,8,,8.77181,0.0887312,16.736,0.0223604,5.49733,0.0561014,12.5314,0.0212916,50,4.26,4.266,2026-08-01T02:21:40,9124b27,2.13.0+cu130,gonzalo
50,0.2,inf,n3,dr,default,75,1e-07,,,,4,cuda,torch,400,8,,1.59374,0.0157548,4.0376,0.00252961,0.687607,0.00685159,3.21733,0.00224777,50,4.211,4.266,2026-08-01T02:21:40,9124b27,2.13.0+cu130,gonzalo
50,0.2,40,n3,dr,default,75,1e-07,,,,4,cuda,torch,400,8,,2.16203,0.0218873,4.0376,0.00252961,1.44417,0.0146147,3.21733,0.00224777,50,4.219,4.266,2026-08-01T02:21:40,9124b27,2.13.0+cu130,gonzalo
50,0.2,20,n3,dr,default,75,1e-07,,,,4,cuda,torch,400,8,,6.19447,0.0626881,4.0376,0.00252961,4.07562,0.0412878,3.21733,0.00224777,50,4.293,4.266,2026-08-01T02:21:40,9124b27,2.13.0+cu130,gonzalo
50,0.4,inf,n3,dr,default,75,1e-07,,,,4,cuda,torch,400,8,,2.72494,0.027094,8.05919,0.00581902,1.33552,0.0134323,6.42421,0.0056145,50,4.266,4.266,2026-08-01T02:21:40,9124b27,2.13.0+cu130,gonzalo
50,0.4,40,n3,dr,default,75,1e-07,,,,4,cuda,torch,400,8,,3.55041,0.0361754,8.05919,0.00581902,2.29103,0.0233894,6.42421,0.0056145,49,4.137,4.266,2026-08-01T02:21:40,9124b27,2.13.0+cu130,gonzalo
50,0.4,20,n3,dr,default,75,1e-07,,,,4,cuda,torch,400,8,,6.4037,0.0652217,8.05919,0.00581902,4.21349,0.0428535,6.42421,0.0056145,50,4.225,4.266,2026-08-01T02:21:40,9124b27,2.13.0+cu130,gonzalo
50,0.8,inf,n3,dr,default,75,1e-07,,,,4,cuda,torch,400,8,,5.29607,0.0530296,16.0593,0.0150088,2.95002,0.0301198,12.8079,0.0155459,50,4.387,4.266,2026-08-01T02:21:40,9124b27,2.13.0+cu130,gonzalo
50,0.8,40,n3,dr,default,75,1e-07,,,,4,cuda,torch,400,8,,5.7992,0.0588621,16.0593,0.0150088,3.4254,0.0351391,12.8079,0.0155459,50,4.222,4.266,2026-08-01T02:21:40,9124b27,2.13.0+cu130,gonzalo
50,0.8,20,n3,dr,default,75,1e-07,,,,4,cuda,torch,400,8,,6.88519,0.070598,16.0593,0.0150088,4.32064,0.0442645,12.8079,0.0155459,50,4.235,4.266,2026-08-01T02:21:40,9124b27,2.13.0+cu130,gonzalo
1,0.2,inf,hoyer,normal,fixed30,75,1e-07,0.001,16384,400,4,cuda,torch,400,8,-0.496309,0.541311,0.00542257,3.9497,0.00479213,0.308103,0.0030824,2.80681,0.00448657,302,2.987,3.57,2026-08-01T05:29:44,9124b27,2.13.0+cu130,gonzalo
1,0.2,40,hoyer,normal,fixed30,75,1e-07,0.001,16384,400,4,cuda,torch,400,8,-0.497172,0.581808,0.00583514,3.9497,0.00479213,0.323925,0.00324349,2.80681,0.00448657,171,2.092,3.57,2026-08-01T05:29:44,9124b27,2.13.0+cu130,gonzalo
1,0.2,20,hoyer,normal,fixed30,75,1e-07,0.001,16384,400,4,cuda,torch,400,8,-0.499519,2.21235,0.0224318,3.9497,0.00479213,1.47709,0.0149766,2.80681,0.00448657,157,2.009,3.57,2026-08-01T05:29:44,9124b27,2.13.0+cu130,gonzalo
1,0.4,inf,hoyer,normal,fixed30,75,1e-07,0.001,16384,400,4,cuda,torch,400,8,-0.496977,1.16555,0.0117279,8.01912,0.0083344,0.657719,0.00659526,5.66111,0.00736837,160,2.042,3.57,2026-08-01T05:29:44,9124b27,2.13.0+cu130,gonzalo
1,0.4,40,hoyer,normal,fixed30,75,1e-07,0.001,16384,400,4,cuda,torch,400,8,-0.497749,1.1267,0.0113314,8.01912,0.0083344,0.635027,0.00636588,5.66111,0.00736837,164,2.113,3.57,2026-08-01T05:29:44,9124b27,2.13.0+cu130,gonzalo
1,0.4,20,hoyer,normal,fixed30,75,1e-07,0.001,16384,400,4,cuda,torch,400,8,-0.499902,1.755,0.0176148,8.01912,0.0083344,1.15612,0.0116275,5.66111,0.00736837,243,3.145,3.57,2026-08-01T05:29:44,9124b27,2.13.0+cu130,gonzalo
1,0.8,inf,hoyer,normal,fixed30,75,1e-07,0.001,16384,400,4,cuda,torch,400,8,-0.498048,2.37059,0.0239553,16.5439,0.014373,1.32903,0.0133497,11.5177,0.0107413,400,3.868,3.57,2026-08-01T05:29:44,9124b27,2.13.0+cu130,gonzalo
1,0.8,40,hoyer,normal,fixed30,75,1e-07,0.001,16384,400,4,cuda,torch,400,8,-0.498831,2.18103,0.0220411,16.5439,0.014373,1.22493,0.0123046,11.5177,0.0107413,174,2.197,3.57,2026-08-01T05:29:44,9124b27,2.13.0+cu130,gonzalo
1,0.8,20,hoyer,normal,fixed30,75,1e-07,0.001,16384,400,4,cuda,torch,400,8,-0.500974,2.27954,0.0229513,16.5439,0.014373,1.42258,0.014315,11.5177,0.0107413,195,2.36,3.57,2026-08-01T05:29:44,9124b27,2.13.0+cu130,gonzalo
2,0.2,inf,hoyer,normal,fixed30,75,1e-07,0.001,16384,400,4,cuda,torch,400,8,-0.495198,0.485718,0.00484152,3.87511,0.00273464,0.25362,0.00253145,3.28263,0.00185466,183,2.27,3.57,2026-08-01T05:29:44,9124b27,2.13.0+cu130,gonzalo
2,0.2,40,hoyer,normal,fixed30,75,1e-07,0.001,16384,400,4,cuda,torch,400,8,-0.495797,0.59363,0.00591686,3.87511,0.00273464,0.283642,0.00283371,3.28263,0.00185466,172,2.245,3.57,2026-08-01T05:29:44,9124b27,2.13.0+cu130,gonzalo
2,0.2,20,hoyer,normal,fixed30,75,1e-07,0.001,16384,400,4,cuda,torch,400,8,-0.500528,2.28861,0.0227623,3.87511,0.00273464,1.50719,0.0150685,3.28263,0.00185466,211,2.571,3.57,2026-08-01T05:29:44,9124b27,2.13.0+cu130,gonzalo
2,0.4,inf,hoyer,normal,fixed30,75,1e-07,0.001,16384,400,4,cuda,torch,400,8,-0.494705,0.997487,0.00990507,7.6336,0.00623601,0.519344,0.00517243,6.49394,0.00474227,181,2.198,3.57,2026-08-01T05:29:44,9124b27,2.13.0+cu130,gonzalo
2,0.4,40,hoyer,normal,fixed30,75,1e-07,0.001,16384,400,4,cuda,torch,400,8,-0.495296,1.07372,0.0106604,7.6336,0.00623601,0.521982,0.00520385,6.49394,0.00474227,160,1.925,3.57,2026-08-01T05:29:44,9124b27,2.13.0+cu130,gonzalo
2,0.4,20,hoyer,normal,fixed30,75,1e-07,0.001,16384,400,4,cuda,torch,400,8,-0.500503,2.76823,0.0273429,7.6336,0.00623601,1.79405,0.0178363,6.49394,0.00474227,182,2.196,3.57,2026-08-01T05:29:44,9124b27,2.13.0+cu130,gonzalo
2,0.8,inf,hoyer,normal,fixed30,75,1e-07,0.001,16384,400,4,cuda,torch,400,8,-0.491111,6.01564,0.0580128,14.8258,0.0188542,3.59673,0.0353694,12.7108,0.0174539,400,4.842,3.57,2026-08-01T05:29:44,9124b27,2.13.0+cu130,gonzalo
2,0.8,40,hoyer,normal,fixed30,75,1e-07,0.001,16384,400,4,cuda,torch,400,8,-0.49364,3.68487,0.0353758,14.8258,0.0188542,1.98194,0.0193844,12.7108,0.0174539,400,4.821,3.57,2026-08-01T05:29:44,9124b27,2.13.0+cu130,gonzalo
2,0.8,20,hoyer,normal,fixed30,75,1e-07,0.001,16384,400,4,cuda,torch,400,8,-0.492494,5.71801,0.0553007,14.8258,0.0188542,3.27203,0.0322179,12.7108,0.0174539,400,4.766,3.57,2026-08-01T05:29:44,9124b27,2.13.0+cu130,gonzalo
3,0.2,inf,hoyer,normal,fixed30,75,1e-07,0.001,16384,400,4,cuda,torch,400,8,-0.495703,0.298211,0.00298728,3.96223,0.001591,0.162492,0.00162611,2.92538,0.00121479,182,2.645,3.57,2026-08-01T05:29:44,9124b27,2.13.0+cu130,gonzalo
3,0.2,40,hoyer,normal,fixed30,75,1e-07,0.001,16384,400,4,cuda,torch,400,8,-0.495635,0.598768,0.00597232,3.96223,0.001591,0.366315,0.0036587,2.92538,0.00121479,400,4.327,3.57,2026-08-01T05:29:44,9124b27,2.13.0+cu130,gonzalo
3,0.2,20,hoyer,normal,fixed30,75,1e-07,0.001,16384,400,4,cuda,torch,400,8,-0.49817,2.56865,0.0256588,3.96223,0.001591,1.58266,0.0159043,2.92538,0.00121479,194,2.36,3.57,2026-08-01T05:29:44,9124b27,2.13.0+cu130,gonzalo
3,0.4,inf,hoyer,normal,fixed30,75,1e-07,0.001,16384,400,4,cuda,torch,400,8,-0.495797,0.591122,0.00593733,8.00337,0.00308768,0.33469,0.00335448,5.87492,0.00213631,193,2.357,3.57,2026-08-01T05:29:44,9124b27,2.13.0+cu130,gonzalo
3,0.4,40,hoyer,normal,fixed30,75,1e-07,0.001,16384,400,4,cuda,torch,400,8,-0.495726,0.609484,0.00608815,8.00337,0.00308768,0.32476,0.00324554,5.87492,0.00213631,145,2.092,3.57,2026-08-01T05:29:44,9124b27,2.13.0+cu130,gonzalo
3,0.4,20,hoyer,normal,fixed30,75,1e-07,0.001,16384,400,4,cuda,torch,400,8,-0.499953,3.0502,0.0310213,8.00337,0.00308768,2.04248,0.0207821,5.87492,0.00213631,208,3.119,3.57,2026-08-01T05:29:44,9124b27,2.13.0+cu130,gonzalo
3,0.8,inf,hoyer,normal,fixed30,75,1e-07,0.001,16384,400,4,cuda,torch,400,8,-0.495476,2.16453,0.0212017,16.3393,0.00715361,1.13046,0.0112014,11.8498,0.00503285,400,4.836,3.57,2026-08-01T05:29:44,9124b27,2.13.0+cu130,gonzalo
3,0.8,40,hoyer,normal,fixed30,75,1e-07,0.001,16384,400,4,cuda,torch,400,8,-0.49607,1.13657,0.0114323,16.3393,0.00715361,0.63283,0.00634789,11.8498,0.00503285,194,2.361,3.57,2026-08-01T05:29:44,9124b27,2.13.0+cu130,gonzalo
3,0.8,20,hoyer,normal,fixed30,75,1e-07,0.001,16384,400,4,cuda,torch,400,8,-0.497798,2.54304,0.0252414,16.3393,0.00715361,1.45405,0.0145653,11.8498,0.00503285,201,2.478,3.57,2026-08-01T05:29:44,9124b27,2.13.0+cu130,gonzalo
4,0.2,inf,hoyer,normal,fixed30,75,1e-07,0.001,16384,400,4,cuda,torch,400,8,-0.495611,0.638436,0.00634953,4.78204,0.00301097,0.368609,0.00367551,3.64935,0.00229466,400,4.056,3.57,2026-08-01T05:29:44,9124b27,2.13.0+cu130,gonzalo
4,0.2,40,hoyer,normal,fixed30,75,1e-07,0.001,16384,400,4,cuda,torch,400,8,-0.49698,0.52519,0.00525354,4.78204,0.00301097,0.328108,0.00328487,3.64935,0.00229466,312,3.263,3.57,2026-08-01T05:29:44,9124b27,2.13.0+cu130,gonzalo
4,0.2,20,hoyer,normal,fixed30,75,1e-07,0.001,16384,400,4,cuda,torch,400,8,-0.501001,1.86575,0.0185706,4.78204,0.00301097,1.22198,0.0122152,3.64935,0.00229466,185,2.272,3.57,2026-08-01T05:29:44,9124b27,2.13.0+cu130,gonzalo
4,0.4,inf,hoyer,normal,fixed30,75,1e-07,0.001,16384,400,4,cuda,torch,400,8,-0.495733,0.744359,0.00738735,9.53594,0.00774396,0.403344,0.00402349,7.282,0.00671299,174,2.12,3.57,2026-08-01T05:29:44,9124b27,2.13.0+cu130,gonzalo
4,0.4,40,hoyer,normal,fixed30,75,1e-07,0.001,16384,400,4,cuda,torch,400,8,-0.49723,0.906794,0.00904782,9.53594,0.00774396,0.563383,0.00563598,7.282,0.00671299,207,2.51,3.57,2026-08-01T05:29:44,9124b27,2.13.0+cu130,gonzalo
4,0.4,20,hoyer,normal,fixed30,75,1e-07,0.001,16384,400,4,cuda,torch,400,8,-0.502163,2.19513,0.0223637,9.53594,0.00774396,1.57723,0.0160302,7.282,0.00671299,221,2.67,3.57,2026-08-01T05:29:44,9124b27,2.13.0+cu130,gonzalo
4,0.8,inf,hoyer,normal,fixed30,75,1e-07,0.001,16384,400,4,cuda,torch,400,8,-0.496122,1.64798,0.0161527,18.9441,0.0310387,0.864494,0.00857598,14.4923,0.0302869,248,3.227,3.57,2026-08-01T05:29:44,9124b27,2.13.0+cu130,gonzalo
4,0.8,40,hoyer,normal,fixed30,75,1e-07,0.001,16384,400,4,cuda,torch,400,8,-0.49787,2.77808,0.0269805,18.9441,0.0310387,1.58071,0.0155986,14.4923,0.0302869,400,3.862,3.57,2026-08-01T05:29:44,9124b27,2.13.0+cu130,gonzalo
4,0.8,20,hoyer,normal,fixed30,75,1e-07,0.001,16384,400,4,cuda,torch,400,8,-0.502299,2.341,0.0234095,18.9441,0.0310387,1.42051,0.0142873,14.4923,0.0302869,136,1.616,3.57,2026-08-01T05:29:44,9124b27,2.13.0+cu130,gonzalo
5,0.2,inf,hoyer,normal,fixed30,75,1e-07,0.001,16384,400,4,cuda,torch,400,8,-0.495491,0.757947,0.00752005,3.59851,0.0129451,0.488271,0.00485472,2.63017,0.0134565,252,3.271,3.57,2026-08-01T05:29:44,9124b27,2.13.0+cu130,gonzalo
5,0.2,40,hoyer,normal,fixed30,75,1e-07,0.001,16384,400,4,cuda,torch,400,8,-0.495978,0.682217,0.00678552,3.59851,0.0129451,0.409653,0.00408053,2.63017,0.0134565,185,2.329,3.57,2026-08-01T05:29:44,9124b27,2.13.0+cu130,gonzalo
5,0.2,20,hoyer,normal,fixed30,75,1e-07,0.001,16384,400,4,cuda,torch,400,8,-0.49922,1.50079,0.014957,3.59851,0.0129451,0.845595,0.00844144,2.63017,0.0134565,216,2.599,3.57,2026-08-01T05:29:44,9124b27,2.13.0+cu130,gonzalo
5,0.4,inf,hoyer,normal,fixed30,75,1e-07,0.001,16384,400,4,cuda,torch,400,8,-0.495231,1.52561,0.0150218,7.25264,0.0289317,0.980716,0.00969701,5.28404,0.0299439,207,2.559,3.57,2026-08-01T05:29:44,9124b27,2.13.0+cu130,gonzalo
5,0.4,40,hoyer,normal,fixed30,75,1e-07,0.001,16384,400,4,cuda,torch,400,8,-0.495743,1.41218,0.0139394,7.25264,0.0289317,0.876987,0.00868614,5.28404,0.0299439,168,2.021,3.57,2026-08-01T05:29:44,9124b27,2.13.0+cu130,gonzalo
5,0.4,20,hoyer,normal,fixed30,75,1e-07,0.001,16384,400,4,cuda,torch,400,8,-0.498306,1.7954,0.0179212,7.25264,0.0289317,0.957425,0.0095637,5.28404,0.0299439,184,2.203,3.57,2026-08-01T05:29:44,9124b27,2.13.0+cu130,gonzalo
5,0.8,inf,hoyer,normal,fixed30,75,1e-07,0.001,16384,400,4,cuda,torch,400,8,-0.494489,3.09739,0.0300426,14.7383,0.0709379,1.9675,0.0192455,10.6651,0.0724598,180,2.341,3.57,2026-08-01T05:29:44,9124b27,2.13.0+cu130,gonzalo
5,0.8,40,hoyer,normal,fixed30,75,1e-07,0.001,16384,400,4,cuda,torch,400,8,-0.495075,2.96407,0.0288334,14.7383,0.0709379,1.84852,0.0181169,10.6651,0.0724598,165,2.016,3.57,2026-08-01T05:29:44,9124b27,2.13.0+cu130,gonzalo
5,0.8,20,hoyer,normal,fixed30,75,1e-07,0.001,16384,400,4,cuda,torch,400,8,-0.499901,3.82167,0.0375255,14.7383,0.0709379,2.10382,0.0208056,10.6651,0.0724598,400,4.774,3.57,2026-08-01T05:29:44,9124b27,2.13.0+cu130,gonzalo
6,0.2,inf,hoyer,normal,fixed30,75,1e-07,0.001,16384,400,4,cuda,torch,400,8,-0.495853,0.47776,0.00476994,4.06629,0.00236199,0.309555,0.00309041,3.49629,0.00192267,379,3.547,3.57,2026-08-01T05:29:44,9124b27,2.13.0+cu130,gonzalo
6,0.2,40,hoyer,normal,fixed30,75,1e-07,0.001,16384,400,4,cuda,torch,400,8,-0.497181,0.258274,0.00258032,4.06629,0.00236199,0.172137,0.00172121,3.49629,0.00192267,175,2.14,3.57,2026-08-01T05:29:44,9124b27,2.13.0+cu130,gonzalo
6,0.2,20,hoyer,normal,fixed30,75,1e-07,0.001,16384,400,4,cuda,torch,400,8,-0.499102,1.45565,0.0147191,4.06629,0.00236199,1.12639,0.0113744,3.49629,0.00192267,180,2.189,3.57,2026-08-01T05:29:44,9124b27,2.13.0+cu130,gonzalo
6,0.4,inf,hoyer,normal,fixed30,75,1e-07,0.001,16384,400,4,cuda,torch,400,8,-0.496011,1.07639,0.0107395,8.07184,0.00492231,0.727357,0.00725733,6.96086,0.00401434,400,3.673,3.57,2026-08-01T05:29:44,9124b27,2.13.0+cu130,gonzalo
6,0.4,40,hoyer,normal,fixed30,75,1e-07,0.001,16384,400,4,cuda,torch,400,8,-0.497471,0.431439,0.0043088,8.07184,0.00492231,0.241649,0.00241595,6.96086,0.00401434,164,1.993,3.57,2026-08-01T05:29:44,9124b27,2.13.0+cu130,gonzalo
6,0.4,20,hoyer,normal,fixed30,75,1e-07,0.001,16384,400,4,cuda,torch,400,8,-0.498364,2.56872,0.0257751,8.07184,0.00492231,1.85111,0.0187071,6.96086,0.00401434,194,2.509,3.57,2026-08-01T05:29:44,9124b27,2.13.0+cu130,gonzalo
6,0.8,inf,hoyer,normal,fixed30,75,1e-07,0.001,16384,400,4,cuda,torch,400,8,-0.487542,7.70737,0.0744662,15.9113,0.011515,5.83824,0.0571693,13.797,0.00987448,400,5.028,3.57,2026-08-01T05:29:44,9124b27,2.13.0+cu130,gonzalo
6,0.8,40,hoyer,normal,fixed30,75,1e-07,0.001,16384,400,4,cuda,torch,400,8,-0.488905,7.79137,0.0753506,15.9113,0.011515,6.02374,0.0590018,13.797,0.00987448,400,4.891,3.57,2026-08-01T05:29:44,9124b27,2.13.0+cu130,gonzalo
6,0.8,20,hoyer,normal,fixed30,75,1e-07,0.001,16384,400,4,cuda,torch,400,8,-0.493837,7.55955,0.0741043,15.9113,0.011515,5.76739,0.0570508,13.797,0.00987448,400,4.993,3.57,2026-08-01T05:29:44,9124b27,2.13.0+cu130,gonzalo
7,0.2,inf,hoyer,normal,fixed30,75,1e-07,0.001,16384,400,4,cuda,torch,400,8,-0.496094,0.350246,0.00351423,5.05801,0.00312917,0.166832,0.00166883,4.27706,0.00246918,206,2.494,3.57,2026-08-01T05:29:44,9124b27,2.13.0+cu130,gonzalo
7,0.2,40,hoyer,normal,fixed30,75,1e-07,0.001,16384,400,4,cuda,torch,400,8,-0.497366,0.524291,0.00526754,5.05801,0.00312917,0.289964,0.00290645,4.27706,0.00246918,208,2.496,3.57,2026-08-01T05:29:44,9124b27,2.13.0+cu130,gonzalo
7,0.2,20,hoyer,normal,fixed30,75,1e-07,0.001,16384,400,4,cuda,torch,400,8,-0.500507,2.24804,0.0222672,5.05801,0.00312917,1.26665,0.0126588,4.27706,0.00246918,400,4.775,3.57,2026-08-01T05:29:44,9124b27,2.13.0+cu130,gonzalo
7,0.4,inf,hoyer,normal,fixed30,75,1e-07,0.001,16384,400,4,cuda,torch,400,8,-0.496588,0.683682,0.00688076,10.1879,0.00663565,0.325919,0.00326062,8.59942,0.00565098,239,2.846,3.57,2026-08-01T05:29:44,9124b27,2.13.0+cu130,gonzalo
7,0.4,40,hoyer,normal,fixed30,75,1e-07,0.001,16384,400,4,cuda,torch,400,8,-0.49798,0.808269,0.00815207,10.1879,0.00663565,0.418787,0.00419908,8.59942,0.00565098,182,2.173,3.57,2026-08-01T05:29:44,9124b27,2.13.0+cu130,gonzalo
7,0.4,20,hoyer,normal,fixed30,75,1e-07,0.001,16384,400,4,cuda,torch,400,8,-0.500764,2.15923,0.0218248,10.1879,0.00663565,1.57339,0.0158409,8.59942,0.00565098,209,2.493,3.57,2026-08-01T05:29:44,9124b27,2.13.0+cu130,gonzalo
7,0.8,inf,hoyer,normal,fixed30,75,1e-07,0.001,16384,400,4,cuda,torch,400,8,-0.497727,1.26321,0.0127865,20.6432,0.0154814,0.59891,0.00599085,17.3717,0.0139716,151,1.797,3.57,2026-08-01T05:29:44,9124b27,2.13.0+cu130,gonzalo
7,0.8,40,hoyer,normal,fixed30,75,1e-07,0.001,16384,400,4,cuda,torch,400,8,-0.499511,1.38655,0.0140717,20.6432,0.0154814,0.679487,0.00681162,17.3717,0.0139716,193,2.349,3.57,2026-08-01T05:29:44,9124b27,2.13.0+cu130,gonzalo
7,0.8,20,hoyer,normal,fixed30,75,1e-07,0.001,16384,400,4,cuda,torch,400,8,-0.508504,2.7926,0.0284405,20.6432,0.0154814,1.97011,0.0199215,17.3717,0.0139716,176,2.081,3.57,2026-08-01T05:29:44,9124b27,2.13.0+cu130,gonzalo
8,0.2,inf,hoyer,normal,fixed30,75,1e-07,0.001,16384,400,4,cuda,torch,400,8,-0.495676,0.271674,0.002718,4.18503,0.00217594,0.131756,0.00131692,3.35071,0.00130623,192,2.274,3.57,2026-08-01T05:29:44,9124b27,2.13.0+cu130,gonzalo
8,0.2,40,hoyer,normal,fixed30,75,1e-07,0.001,16384,400,4,cuda,torch,400,8,-0.497627,0.453495,0.00452756,4.18503,0.00217594,0.255107,0.00254843,3.35071,0.00130623,168,1.991,3.57,2026-08-01T05:29:44,9124b27,2.13.0+cu130,gonzalo
8,0.2,20,hoyer,normal,fixed30,75,1e-07,0.001,16384,400,4,cuda,torch,400,8,-0.496931,5.0789,0.0486945,4.18503,0.00217594,2.95989,0.0289473,3.35071,0.00130623,400,4.679,3.57,2026-08-01T05:29:44,9124b27,2.13.0+cu130,gonzalo
8,0.4,inf,hoyer,normal,fixed30,75,1e-07,0.001,16384,400,4,cuda,torch,400,8,-0.495761,0.548125,0.00548496,8.39204,0.00468117,0.267801,0.0026752,6.70955,0.00318396,173,2.069,3.57,2026-08-01T05:29:44,9124b27,2.13.0+cu130,gonzalo
8,0.4,40,hoyer,normal,fixed30,75,1e-07,0.001,16384,400,4,cuda,torch,400,8,-0.497739,0.640326,0.00639654,8.39204,0.00468117,0.329227,0.00328762,6.70955,0.00318396,179,2.168,3.57,2026-08-01T05:29:44,9124b27,2.13.0+cu130,gonzalo
8,0.4,20,hoyer,normal,fixed30,75,1e-07,0.001,16384,400,4,cuda,torch,400,8,-0.500975,1.6705,0.0167436,8.39204,0.00468117,1.14061,0.0114216,6.70955,0.00318396,182,2.181,3.57,2026-08-01T05:29:44,9124b27,2.13.0+cu130,gonzalo
8,0.8,inf,hoyer,normal,fixed30,75,1e-07,0.001,16384,400,4,cuda,torch,400,8,-0.489169,6.33569,0.0620742,16.8781,0.0116011,5.22214,0.0514393,13.4553,0.00958733,400,4.81,3.57,2026-08-01T05:29:44,9124b27,2.13.0+cu130,gonzalo
8,0.8,40,hoyer,normal,fixed30,75,1e-07,0.001,16384,400,4,cuda,torch,400,8,-0.491124,6.52249,0.0638772,16.8781,0.0116011,5.36818,0.0528553,13.4553,0.00958733,400,4.763,3.57,2026-08-01T05:29:44,9124b27,2.13.0+cu130,gonzalo
8,0.8,20,hoyer,normal,fixed30,75,1e-07,0.001,16384,400,4,cuda,torch,400,8,-0.499184,7.69845,0.0754014,16.8781,0.0116011,6.61344,0.0649449,13.4553,0.00958733,400,4.898,3.57,2026-08-01T05:29:44,9124b27,2.13.0+cu130,gonzalo
9,0.2,inf,hoyer,normal,fixed30,75,1e-07,0.001,16384,400,4,cuda,torch,400,8,-0.495742,0.636884,0.00637337,5.10647,0.00625156,0.411383,0.00411745,4.26559,0.00622246,400,4.139,3.57,2026-08-01T05:29:44,9124b27,2.13.0+cu130,gonzalo
9,0.2,40,hoyer,normal,fixed30,75,1e-07,0.001,16384,400,4,cuda,torch,400,8,-0.496211,0.462738,0.0046352,5.10647,0.00625156,0.276353,0.00276641,4.26559,0.00622246,177,2.415,3.57,2026-08-01T05:29:44,9124b27,2.13.0+cu130,gonzalo
9,0.2,20,hoyer,normal,fixed30,75,1e-07,0.001,16384,400,4,cuda,torch,400,8,-0.49745,2.07198,0.0206341,5.10647,0.00625156,1.39324,0.0139899,4.26559,0.00622246,177,2.267,3.57,2026-08-01T05:29:44,9124b27,2.13.0+cu130,gonzalo
9,0.4,inf,hoyer,normal,fixed30,75,1e-07,0.001,16384,400,4,cuda,torch,400,8,-0.496026,0.869045,0.00875872,10.3212,0.0156022,0.466572,0.00468603,8.62854,0.0160915,181,2.233,3.57,2026-08-01T05:29:44,9124b27,2.13.0+cu130,gonzalo
9,0.4,40,hoyer,normal,fixed30,75,1e-07,0.001,16384,400,4,cuda,torch,400,8,-0.496395,0.83342,0.00838213,10.3212,0.0156022,0.467104,0.00468531,8.62854,0.0160915,179,2.196,3.57,2026-08-01T05:29:44,9124b27,2.13.0+cu130,gonzalo
9,0.4,20,hoyer,normal,fixed30,75,1e-07,0.001,16384,400,4,cuda,torch,400,8,-0.49686,1.34319,0.0135145,10.3212,0.0156022,1.00228,0.0100609,8.62854,0.0160915,400,3.725,3.57,2026-08-01T05:29:44,9124b27,2.13.0+cu130,gonzalo
9,0.8,inf,hoyer,normal,fixed30,75,1e-07,0.001,16384,400,4,cuda,torch,400,8,-0.48247,11.5056,0.11396,21.0496,0.0420231,9.31427,0.0946674,17.644,0.04379,400,4.89,3.57,2026-08-01T05:29:44,9124b27,2.13.0+cu130,gonzalo
9,0.8,40,hoyer,normal,fixed30,75,1e-07,0.001,16384,400,4,cuda,torch,400,8,-0.483205,11.4516,0.11334,21.0496,0.0420231,9.24681,0.093836,17.644,0.04379,400,5.311,3.57,2026-08-01T05:29:44,9124b27,2.13.0+cu130,gonzalo
9,0.8,20,hoyer,normal,fixed30,75,1e-07,0.001,16384,400,4,cuda,torch,400,8,-0.501912,2.17936,0.0217934,21.0496,0.0420231,1.53469,0.0154535,17.644,0.04379,174,2.406,3.57,2026-08-01T05:29:44,9124b27,2.13.0+cu130,gonzalo
10,0.2,inf,hoyer,normal,fixed30,75,1e-07,0.001,16384,400,4,cuda,torch,400,8,-0.495854,0.261523,0.00261129,4.29961,0.00355008,0.137027,0.00136972,3.72893,0.0032509,152,2.385,3.57,2026-08-01T05:29:44,9124b27,2.13.0+cu130,gonzalo
10,0.2,40,hoyer,normal,fixed30,75,1e-07,0.001,16384,400,4,cuda,torch,400,8,-0.496774,0.468147,0.00470606,4.29961,0.00355008,0.291892,0.00292877,3.72893,0.0032509,194,3.219,3.57,2026-08-01T05:29:44,9124b27,2.13.0+cu130,gonzalo
10,0.2,20,hoyer,normal,fixed30,75,1e-07,0.001,16384,400,4,cuda,torch,400,8,-0.500757,2.09282,0.0208055,4.29961,0.00355008,1.17943,0.0117836,3.72893,0.0032509,182,2.95,3.57,2026-08-01T05:29:44,9124b27,2.13.0+cu130,gonzalo
10,0.4,inf,hoyer,normal,fixed30,75,1e-07,0.001,16384,400,4,cuda,torch,400,8,-0.496122,0.548669,0.00549897,8.6009,0.00686183,0.279674,0.00280016,7.43999,0.00585708,204,2.838,3.57,2026-08-01T05:29:44,9124b27,2.13.0+cu130,gonzalo
10,0.4,40,hoyer,normal,fixed30,75,1e-07,0.001,16384,400,4,cuda,torch,400,8,-0.497064,0.692109,0.00696481,8.6009,0.00686183,0.382361,0.0038403,7.43999,0.00585708,153,2.284,3.57,2026-08-01T05:29:44,9124b27,2.13.0+cu130,gonzalo
10,0.4,20,hoyer,normal,fixed30,75,1e-07,0.001,16384,400,4,cuda,torch,400,8,-0.497984,1.69525,0.0168797,8.6009,0.00686183,0.957691,0.00955979,7.43999,0.00585708,157,2.207,3.57,2026-08-01T05:29:44,9124b27,2.13.0+cu130,gonzalo
10,0.8,inf,hoyer,normal,fixed30,75,1e-07,0.001,16384,400,4,cuda,torch,400,8,-0.49685,1.077,0.0108129,17.2108,0.0134552,0.553118,0.00554119,14.8099,0.00995171,184,2.5,3.57,2026-08-01T05:29:44,9124b27,2.13.0+cu130,gonzalo
10,0.8,40,hoyer,normal,fixed30,75,1e-07,0.001,16384,400,4,cuda,torch,400,8,-0.497912,1.18299,0.0119277,17.2108,0.0134552,0.610767,0.00614027,14.8099,0.00995171,194,2.617,3.57,2026-08-01T05:29:44,9124b27,2.13.0+cu130,gonzalo
10,0.8,20,hoyer,normal,fixed30,75,1e-07,0.001,16384,400,4,cuda,torch,400,8,-0.496785,1.97599,0.0198972,17.2108,0.0134552,1.24259,0.012524,14.8099,0.00995171,224,2.937,3.57,2026-08-01T05:29:44,9124b27,2.13.0+cu130,gonzalo
11,0.2,inf,hoyer,normal,fixed30,75,1e-07,0.001,16384,400,4,cuda,torch,400,8,-0.495454,0.520804,0.00517851,4.13092,0.00249512,0.284673,0.00283854,3.25046,0.00198902,193,2.461,3.57,2026-08-01T05:29:44,9124b27,2.13.0+cu130,gonzalo
11,0.2,40,hoyer,normal,fixed30,75,1e-07,0.001,16384,400,4,cuda,torch,400,8,-0.497114,0.549971,0.00547332,4.13092,0.00249512,0.310452,0.00309748,3.25046,0.00198902,177,2.464,3.57,2026-08-01T05:29:44,9124b27,2.13.0+cu130,gonzalo
11,0.2,20,hoyer,normal,fixed30,75,1e-07,0.001,16384,400,4,cuda,torch,400,8,-0.501094,2.54038,0.0254824,4.13092,0.00249512,1.58145,0.0159728,3.25046,0.00198902,176,2.38,3.57,2026-08-01T05:29:44,9124b27,2.13.0+cu130,gonzalo
11,0.4,inf,hoyer,normal,fixed30,75,1e-07,0.001,16384,400,4,cuda,torch,400,8,-0.495292,1.07959,0.0106686,8.14426,0.00511966,0.587591,0.00584136,6.441,0.00393651,188,2.452,3.57,2026-08-01T05:29:44,9124b27,2.13.0+cu130,gonzalo
11,0.4,40,hoyer,normal,fixed30,75,1e-07,0.001,16384,400,4,cuda,torch,400,8,-0.496546,1.77049,0.0175359,8.14426,0.00511966,1.11704,0.0111238,6.441,0.00393651,400,3.957,3.57,2026-08-01T05:29:44,9124b27,2.13.0+cu130,gonzalo
11,0.4,20,hoyer,normal,fixed30,75,1e-07,0.001,16384,400,4,cuda,torch,400,8,-0.499968,2.35311,0.0233417,8.14426,0.00511966,1.49407,0.0148884,6.441,0.00393651,189,2.479,3.57,2026-08-01T05:29:44,9124b27,2.13.0+cu130,gonzalo
11,0.8,inf,hoyer,normal,fixed30,75,1e-07,0.001,16384,400,4,cuda,torch,400,8,-0.495139,2.3739,0.0231184,15.8344,0.0134185,1.27261,0.0125681,12.6463,0.0103901,172,2.256,3.57,2026-08-01T05:29:44,9124b27,2.13.0+cu130,gonzalo
11,0.8,40,hoyer,normal,fixed30,75,1e-07,0.001,16384,400,4,cuda,torch,400,8,-0.497077,2.56736,0.0249127,15.8344,0.0134185,1.36703,0.0134793,12.6463,0.0103901,192,2.428,3.57,2026-08-01T05:29:44,9124b27,2.13.0+cu130,gonzalo
11,0.8,20,hoyer,normal,fixed30,75,1e-07,0.001,16384,400,4,cuda,torch,400,8,-0.49889,3.36283,0.0336144,15.8344,0.0134185,2.10641,0.0211718,12.6463,0.0103901,146,1.969,3.57,2026-08-01T05:29:44,9124b27,2.13.0+cu130,gonzalo
12,0.2,inf,hoyer,normal,fixed30,75,1e-07,0.001,16384,400,4,cuda,torch,400,8,-0.496166,0.862372,0.00867865,4.05114,0.00385829,0.540733,0.00542867,3.24863,0.00302982,232,3.513,3.57,2026-08-01T05:29:44,9124b27,2.13.0+cu130,gonzalo
12,0.2,40,hoyer,normal,fixed30,75,1e-07,0.001,16384,400,4,cuda,torch,400,8,-0.497156,1.00354,0.0101083,4.05114,0.00385829,0.642416,0.00645579,3.24863,0.00302982,192,2.873,3.57,2026-08-01T05:29:44,9124b27,2.13.0+cu130,gonzalo
12,0.2,20,hoyer,normal,fixed30,75,1e-07,0.001,16384,400,4,cuda,torch,400,8,-0.496617,2.39429,0.0241837,4.05114,0.00385829,1.65636,0.0167016,3.24863,0.00302982,204,2.987,3.57,2026-08-01T05:29:44,9124b27,2.13.0+cu130,gonzalo
12,0.4,inf,hoyer,normal,fixed30,75,1e-07,0.001,16384,400,4,cuda,torch,400,8,-0.496531,1.64483,0.0166484,8.20754,0.00696482,1.03545,0.0104341,6.54936,0.00432617,238,3.469,3.57,2026-08-01T05:29:44,9124b27,2.13.0+cu130,gonzalo
12,0.4,40,hoyer,normal,fixed30,75,1e-07,0.001,16384,400,4,cuda,torch,400,8,-0.497582,1.74915,0.0177168,8.20754,0.00696482,1.11644,0.0112606,6.54936,0.00432617,227,3.264,3.57,2026-08-01T05:29:44,9124b27,2.13.0+cu130,gonzalo
12,0.4,20,hoyer,normal,fixed30,75,1e-07,0.001,16384,400,4,cuda,torch,400,8,-0.497834,2.69839,0.0273367,8.20754,0.00696482,1.85348,0.01873,6.54936,0.00432617,400,4.373,3.57,2026-08-01T05:29:44,9124b27,2.13.0+cu130,gonzalo
12,0.8,inf,hoyer,normal,fixed30,75,1e-07,0.001,16384,400,4,cuda,torch,400,8,-0.496819,3.00411,0.0307099,16.8609,0.0255927,1.88511,0.0191186,13.3153,0.0231804,240,3.495,3.57,2026-08-01T05:29:44,9124b27,2.13.0+cu130,gonzalo
12,0.8,40,hoyer,normal,fixed30,75,1e-07,0.001,16384,400,4,cuda,torch,400,8,-0.498093,3.06788,0.0313569,16.8609,0.0255927,1.93579,0.0196381,13.3153,0.0231804,204,2.86,3.57,2026-08-01T05:29:44,9124b27,2.13.0+cu130,gonzalo
12,0.8,20,hoyer,normal,fixed30,75,1e-07,0.001,16384,400,4,cuda,torch,400,8,-0.502746,3.64236,0.0370363,16.8609,0.0255927,2.44082,0.0246832,13.3153,0.0231804,203,2.691,3.57,2026-08-01T05:29:44,9124b27,2.13.0+cu130,gonzalo
13,0.2,inf,hoyer,normal,fixed30,75,1e-07,0.001,16384,400,4,cuda,torch,400,8,-0.495704,0.737866,0.00734769,4.05033,0.00298108,0.423777,0.0042291,3.34827,0.0022011,400,4.323,3.57,2026-08-01T05:29:44,9124b27,2.13.0+cu130,gonzalo
13,0.2,40,hoyer,normal,fixed30,75,1e-07,0.001,16384,400,4,cuda,torch,400,8,-0.497107,0.558896,0.00558286,4.05033,0.00298108,0.329405,0.00329437,3.34827,0.0022011,211,3.062,3.57,2026-08-01T05:29:44,9124b27,2.13.0+cu130,gonzalo
13,0.2,20,hoyer,normal,fixed30,75,1e-07,0.001,16384,400,4,cuda,torch,400,8,-0.499213,2.23389,0.0222633,4.05033,0.00298108,1.31047,0.013117,3.34827,0.0022011,179,2.681,3.57,2026-08-01T05:29:44,9124b27,2.13.0+cu130,gonzalo
13,0.4,inf,hoyer,normal,fixed30,75,1e-07,0.001,16384,400,4,cuda,torch,400,8,-0.495874,0.85204,0.0084858,8.10184,0.00584614,0.444193,0.00443442,6.70213,0.00394054,221,3.222,3.57,2026-08-01T05:29:44,9124b27,2.13.0+cu130,gonzalo
13,0.4,40,hoyer,normal,fixed30,75,1e-07,0.001,16384,400,4,cuda,torch,400,8,-0.497311,0.967492,0.00963988,8.10184,0.00584614,0.5293,0.00528647,6.70213,0.00394054,196,2.757,3.57,2026-08-01T05:29:44,9124b27,2.13.0+cu130,gonzalo
13,0.4,20,hoyer,normal,fixed30,75,1e-07,0.001,16384,400,4,cuda,torch,400,8,-0.500403,1.6983,0.0168815,8.10184,0.00584614,1.03064,0.0102889,6.70213,0.00394054,199,2.895,3.57,2026-08-01T05:29:44,9124b27,2.13.0+cu130,gonzalo
13,0.8,inf,hoyer,normal,fixed30,75,1e-07,0.001,16384,400,4,cuda,torch,400,8,-0.49562,2.50614,0.0245692,16.2094,0.0131298,1.34573,0.0133813,13.4247,0.00849386,400,5.753,3.57,2026-08-01T05:29:44,9124b27,2.13.0+cu130,gonzalo
13,0.8,40,hoyer,normal,fixed30,75,1e-07,0.001,16384,400,4,cuda,torch,400,8,-0.497971,1.82931,0.0181348,16.2094,0.0131298,0.964586,0.00961073,13.4247,0.00849386,212,3.278,3.57,2026-08-01T05:29:44,9124b27,2.13.0+cu130,gonzalo
13,0.8,20,hoyer,normal,fixed30,75,1e-07,0.001,16384,400,4,cuda,torch,400,8,-0.502193,3.16157,0.0311296,16.2094,0.0131298,1.68369,0.0167595,13.4247,0.00849386,190,2.815,3.57,2026-08-01T05:29:44,9124b27,2.13.0+cu130,gonzalo
14,0.2,inf,hoyer,normal,fixed30,75,1e-07,0.001,16384,400,4,cuda,torch,400,8,-0.495102,0.443749,0.00442664,4.54633,0.00229305,0.252686,0.00252348,3.80653,0.00201862,257,3.593,3.57,2026-08-01T05:29:44,9124b27,2.13.0+cu130,gonzalo
14,0.2,40,hoyer,normal,fixed30,75,1e-07,0.001,16384,400,4,cuda,torch,400,8,-0.497294,0.638935,0.0063648,4.54633,0.00229305,0.373509,0.00373079,3.80653,0.00201862,134,1.711,3.57,2026-08-01T05:29:44,9124b27,2.13.0+cu130,gonzalo
14,0.2,20,hoyer,normal,fixed30,75,1e-07,0.001,16384,400,4,cuda,torch,400,8,-0.497532,1.39323,0.0138304,4.54633,0.00229305,0.790644,0.00789468,3.80653,0.00201862,210,2.909,3.57,2026-08-01T05:29:44,9124b27,2.13.0+cu130,gonzalo
14,0.4,inf,hoyer,normal,fixed30,75,1e-07,0.001,16384,400,4,cuda,torch,400,8,-0.494521,1.30837,0.0129861,9.00622,0.00476783,0.795903,0.00792493,7.57758,0.00421876,400,4.312,3.57,2026-08-01T05:29:44,9124b27,2.13.0+cu130,gonzalo
14,0.4,40,hoyer,normal,fixed30,75,1e-07,0.001,16384,400,4,cuda,torch,400,8,-0.496792,0.913283,0.00908441,9.00622,0.00476783,0.541169,0.00539681,7.57758,0.00421876,235,3.295,3.57,2026-08-01T05:29:44,9124b27,2.13.0+cu130,gonzalo
14,0.4,20,hoyer,normal,fixed30,75,1e-07,0.001,16384,400,4,cuda,torch,400,8,-0.502717,2.80009,0.0279229,9.00622,0.00476783,1.80268,0.0180575,7.57758,0.00421876,185,2.669,3.57,2026-08-01T05:29:44,9124b27,2.13.0+cu130,gonzalo
14,0.8,inf,hoyer,normal,fixed30,75,1e-07,0.001,16384,400,4,cuda,torch,400,8,-0.493748,2.08633,0.0206267,17.6734,0.013065,1.21749,0.0121,15.0144,0.012035,205,2.846,3.57,2026-08-01T05:29:44,9124b27,2.13.0+cu130,gonzalo
14,0.8,40,hoyer,normal,fixed30,75,1e-07,0.001,16384,400,4,cuda,torch,400,8,-0.495984,2.02035,0.0199767,17.6734,0.013065,1.18725,0.0118002,15.0144,0.012035,264,3.599,3.57,2026-08-01T05:29:44,9124b27,2.13.0+cu130,gonzalo
14,0.8,20,hoyer,normal,fixed30,75,1e-07,0.001,16384,400,4,cuda,torch,400,8,-0.497173,3.34098,0.0332715,17.6734,0.013065,2.1828,0.0219128,15.0144,0.012035,159,2.044,3.57,2026-08-01T05:29:44,9124b27,2.13.0+cu130,gonzalo
15,0.2,inf,hoyer,normal,fixed30,75,1e-07,0.001,16384,400,4,cuda,torch,400,8,-0.496395,0.694689,0.00698918,3.96115,0.00276719,0.350961,0.00352009,3.37665,0.00160738,209,2.835,3.57,2026-08-01T05:29:44,9124b27,2.13.0+cu130,gonzalo
15,0.2,40,hoyer,normal,fixed30,75,1e-07,0.001,16384,400,4,cuda,torch,400,8,-0.498242,0.621096,0.00623875,3.96115,0.00276719,0.355897,0.0035677,3.37665,0.00160738,205,2.66,3.57,2026-08-01T05:29:44,9124b27,2.13.0+cu130,gonzalo
15,0.2,20,hoyer,normal,fixed30,75,1e-07,0.001,16384,400,4,cuda,torch,400,8,-0.502831,2.07785,0.0208488,3.96115,0.00276719,1.1314,0.0113491,3.37665,0.00160738,189,2.293,3.57,2026-08-01T05:29:44,9124b27,2.13.0+cu130,gonzalo
15,0.4,inf,hoyer,normal,fixed30,75,1e-07,0.001,16384,400,4,cuda,torch,400,8,-0.4968,1.76796,0.017904,8.11356,0.00647506,0.939281,0.00944107,6.86777,0.00395029,400,3.692,3.57,2026-08-01T05:29:44,9124b27,2.13.0+cu130,gonzalo
15,0.4,40,hoyer,normal,fixed30,75,1e-07,0.001,16384,400,4,cuda,torch,400,8,-0.498775,1.26485,0.0127804,8.11356,0.00647506,0.661604,0.00665006,6.86777,0.00395029,192,2.334,3.57,2026-08-01T05:29:44,9124b27,2.13.0+cu130,gonzalo
15,0.4,20,hoyer,normal,fixed30,75,1e-07,0.001,16384,400,4,cuda,torch,400,8,-0.503044,2.2413,0.0226492,8.11356,0.00647506,1.45509,0.0146603,6.86777,0.00395029,202,2.419,3.57,2026-08-01T05:29:44,9124b27,2.13.0+cu130,gonzalo
15,0.8,inf,hoyer,normal,fixed30,75,1e-07,0.001,16384,400,4,cuda,torch,400,8,-0.496928,2.61669,0.0266491,17.0432,0.0238363,1.54957,0.0155637,14.2117,0.0218891,400,5.07,3.57,2026-08-01T05:29:44,9124b27,2.13.0+cu130,gonzalo
15,0.8,40,hoyer,normal,fixed30,75,1e-07,0.001,16384,400,4,cuda,torch,400,8,-0.499252,2.85991,0.029391,17.0432,0.0238363,1.33946,0.0135052,14.2117,0.0218891,400,3.766,3.57,2026-08-01T05:29:44,9124b27,2.13.0+cu130,gonzalo
15,0.8,20,hoyer,normal,fixed30,75,1e-07,0.001,16384,400,4,cuda,torch,400,8,-0.504679,3.07176,0.0313443,17.0432,0.0238363,1.71945,0.0173311,14.2117,0.0218891,169,2.024,3.57,2026-08-01T05:29:44,9124b27,2.13.0+cu130,gonzalo
16,0.2,inf,hoyer,normal,fixed30,75,1e-07,0.001,16384,400,4,cuda,torch,400,8,-0.497229,1.10179,0.0110588,3.66474,0.00796446,0.689903,0.00691591,2.81934,0.00685194,197,2.391,3.57,2026-08-01T05:29:44,9124b27,2.13.0+cu130,gonzalo
16,0.2,40,hoyer,normal,fixed30,75,1e-07,0.001,16384,400,4,cuda,torch,400,8,-0.499713,1.22223,0.0122659,3.66474,0.00796446,0.805564,0.00807269,2.81934,0.00685194,190,2.304,3.57,2026-08-01T05:29:44,9124b27,2.13.0+cu130,gonzalo
16,0.2,20,hoyer,normal,fixed30,75,1e-07,0.001,16384,400,4,cuda,torch,400,8,-0.502247,2.32794,0.0237093,3.66474,0.00796446,1.61601,0.0164143,2.81934,0.00685194,202,2.433,3.57,2026-08-01T05:29:44,9124b27,2.13.0+cu130,gonzalo
16,0.4,inf,hoyer,normal,fixed30,75,1e-07,0.001,16384,400,4,cuda,torch,400,8,-0.498316,2.05981,0.0207399,7.39708,0.0132142,1.28124,0.012873,5.67719,0.00875658,172,2.087,3.57,2026-08-01T05:29:44,9124b27,2.13.0+cu130,gonzalo
16,0.4,40,hoyer,normal,fixed30,75,1e-07,0.001,16384,400,4,cuda,torch,400,8,-0.500807,2.13645,0.0215067,7.39708,0.0132142,1.36818,0.0137415,5.67719,0.00875658,203,2.456,3.57,2026-08-01T05:29:44,9124b27,2.13.0+cu130,gonzalo
16,0.4,20,hoyer,normal,fixed30,75,1e-07,0.001,16384,400,4,cuda,torch,400,8,-0.501818,2.16174,0.0217199,7.39708,0.0132142,1.43159,0.0143647,5.67719,0.00875658,196,2.349,3.57,2026-08-01T05:29:44,9124b27,2.13.0+cu130,gonzalo
16,0.8,inf,hoyer,normal,fixed30,75,1e-07,0.001,16384,400,4,cuda,torch,400,8,-0.498949,3.7481,0.0379488,15.0828,0.0675446,2.28606,0.0230605,11.5137,0.0726314,196,2.357,3.57,2026-08-01T05:29:44,9124b27,2.13.0+cu130,gonzalo
16,0.8,40,hoyer,normal,fixed30,75,1e-07,0.001,16384,400,4,cuda,torch,400,8,-0.501459,3.77143,0.0381684,15.0828,0.0675446,2.33606,0.0235566,11.5137,0.0726314,173,2.096,3.57,2026-08-01T05:29:44,9124b27,2.13.0+cu130,gonzalo
16,0.8,20,hoyer,normal,fixed30,75,1e-07,0.001,16384,400,4,cuda,torch,400,8,-0.501777,4.09999,0.0412758,15.0828,0.0675446,2.74419,0.0275873,11.5137,0.0726314,400,3.709,3.57,2026-08-01T05:29:44,9124b27,2.13.0+cu130,gonzalo
17,0.2,inf,hoyer,normal,fixed30,75,1e-07,0.001,16384,400,4,cuda,torch,400,8,-0.495462,0.265037,0.00264333,4.52768,0.00280336,0.14293,0.00142737,3.90114,0.00269,211,2.56,3.57,2026-08-01T05:29:44,9124b27,2.13.0+cu130,gonzalo
17,0.2,40,hoyer,normal,fixed30,75,1e-07,0.001,16384,400,4,cuda,torch,400,8,-0.496701,0.332207,0.00331721,4.52768,0.00280336,0.197769,0.00197601,3.90114,0.00269,240,2.917,3.57,2026-08-01T05:29:44,9124b27,2.13.0+cu130,gonzalo
17,0.2,20,hoyer,normal,fixed30,75,1e-07,0.001,16384,400,4,cuda,torch,400,8,-0.501237,2.69183,0.027187,4.52768,0.00280336,1.85823,0.0188167,3.90114,0.00269,154,1.849,3.57,2026-08-01T05:29:44,9124b27,2.13.0+cu130,gonzalo
17,0.4,inf,hoyer,normal,fixed30,75,1e-07,0.001,16384,400,4,cuda,torch,400,8,-0.49535,0.54654,0.00543589,9.08495,0.00610093,0.298216,0.00297369,7.84108,0.00587901,159,1.916,3.57,2026-08-01T05:29:44,9124b27,2.13.0+cu130,gonzalo
17,0.4,40,hoyer,normal,fixed30,75,1e-07,0.001,16384,400,4,cuda,torch,400,8,-0.496562,0.543776,0.00541137,9.08495,0.00610093,0.313318,0.00312535,7.84108,0.00587901,180,2.16,3.57,2026-08-01T05:29:44,9124b27,2.13.0+cu130,gonzalo
17,0.4,20,hoyer,normal,fixed30,75,1e-07,0.001,16384,400,4,cuda,torch,400,8,-0.501321,2.73266,0.0275245,9.08495,0.00610093,1.84857,0.0187006,7.84108,0.00587901,207,2.497,3.57,2026-08-01T05:29:44,9124b27,2.13.0+cu130,gonzalo
17,0.8,inf,hoyer,normal,fixed30,75,1e-07,0.001,16384,400,4,cuda,torch,400,8,-0.495408,1.17708,0.0116373,18.2849,0.0144151,0.658176,0.00654079,15.8389,0.0138501,214,2.568,3.57,2026-08-01T05:29:44,9124b27,2.13.0+cu130,gonzalo
17,0.8,40,hoyer,normal,fixed30,75,1e-07,0.001,16384,400,4,cuda,torch,400,8,-0.496622,1.07168,0.0105996,18.2849,0.0144151,0.610596,0.00607177,15.8389,0.0138501,246,2.99,3.57,2026-08-01T05:29:44,9124b27,2.13.0+cu130,gonzalo
17,0.8,20,hoyer,normal,fixed30,75,1e-07,0.001,16384,400,4,cuda,torch,400,8,-0.49914,1.83772,0.0182119,18.2849,0.0144151,1.21228,0.0120822,15.8389,0.0138501,232,2.807,3.57,2026-08-01T05:29:44,9124b27,2.13.0+cu130,gonzalo
18,0.2,inf,hoyer,normal,fixed30,75,1e-07,0.001,16384,400,4,cuda,torch,400,8,-0.495788,0.456869,0.00459044,5.15763,0.00307719,0.261808,0.0026273,4.52636,0.00241444,198,2.385,3.57,2026-08-01T05:29:44,9124b27,2.13.0+cu130,gonzalo
18,0.2,40,hoyer,normal,fixed30,75,1e-07,0.001,16384,400,4,cuda,torch,400,8,-0.49741,0.590723,0.00595154,5.15763,0.00307719,0.38814,0.00390015,4.52636,0.00241444,204,2.454,3.57,2026-08-01T05:29:44,9124b27,2.13.0+cu130,gonzalo
18,0.2,20,hoyer,normal,fixed30,75,1e-07,0.001,16384,400,4,cuda,torch,400,8,-0.495687,2.10048,0.0215371,5.15763,0.00307719,1.56168,0.0159098,4.52636,0.00241444,168,2.009,3.57,2026-08-01T05:29:44,9124b27,2.13.0+cu130,gonzalo
18,0.4,inf,hoyer,normal,fixed30,75,1e-07,0.001,16384,400,4,cuda,torch,400,8,-0.496049,0.888484,0.00896391,10.3687,0.00724825,0.504851,0.00508204,9.07604,0.00658691,196,2.359,3.57,2026-08-01T05:29:44,9124b27,2.13.0+cu130,gonzalo
18,0.4,40,hoyer,normal,fixed30,75,1e-07,0.001,16384,400,4,cuda,torch,400,8,-0.497757,0.97533,0.00987068,10.3687,0.00724825,0.601611,0.00606456,9.07604,0.00658691,169,2.222,3.57,2026-08-01T05:29:44,9124b27,2.13.0+cu130,gonzalo
18,0.4,20,hoyer,normal,fixed30,75,1e-07,0.001,16384,400,4,cuda,torch,400,8,-0.498265,1.80447,0.0181931,10.3687,0.00724825,1.1192,0.0112738,9.07604,0.00658691,221,3.086,3.57,2026-08-01T05:29:44,9124b27,2.13.0+cu130,gonzalo
18,0.8,inf,hoyer,normal,fixed30,75,1e-07,0.001,16384,400,4,cuda,torch,400,8,-0.496962,1.68382,0.0170961,20.9244,0.0206634,0.937688,0.00948639,18.2309,0.0207934,215,2.634,3.57,2026-08-01T05:29:44,9124b27,2.13.0+cu130,gonzalo
18,0.8,40,hoyer,normal,fixed30,75,1e-07,0.001,16384,400,4,cuda,torch,400,8,-0.498979,1.75609,0.0178985,20.9244,0.0206634,1.03171,0.0104564,18.2309,0.0207934,182,2.213,3.57,2026-08-01T05:29:44,9124b27,2.13.0+cu130,gonzalo
18,0.8,20,hoyer,normal,fixed30,75,1e-07,0.001,16384,400,4,cuda,torch,400,8,-0.501082,3.7901,0.038164,20.9244,0.0206634,2.49293,0.0251655,18.2309,0.0207934,400,3.789,3.57,2026-08-01T05:29:44,9124b27,2.13.0+cu130,gonzalo
19,0.2,inf,hoyer,normal,fixed30,75,1e-07,0.001,16384,400,4,cuda,torch,400,8,-0.495997,0.605774,0.00608288,3.8229,0.0022607,0.341022,0.00342011,2.77565,0.00157815,212,2.552,3.57,2026-08-01T05:29:44,9124b27,2.13.0+cu130,gonzalo
19,0.2,40,hoyer,normal,fixed30,75,1e-07,0.001,16384,400,4,cuda,torch,400,8,-0.496778,0.630572,0.00632949,3.8229,0.0022607,0.34436,0.00345284,2.77565,0.00157815,129,1.738,3.57,2026-08-01T05:29:44,9124b27,2.13.0+cu130,gonzalo
19,0.2,20,hoyer,normal,fixed30,75,1e-07,0.001,16384,400,4,cuda,torch,400,8,-0.500362,1.26608,0.0127625,3.8229,0.0022607,0.999722,0.0100664,2.77565,0.00157815,156,2.161,3.57,2026-08-01T05:29:44,9124b27,2.13.0+cu130,gonzalo
19,0.4,inf,hoyer,normal,fixed30,75,1e-07,0.001,16384,400,4,cuda,torch,400,8,-0.495878,1.51388,0.0151689,7.67324,0.00451552,1.0206,0.0102116,5.55738,0.00264871,400,5.475,3.57,2026-08-01T05:29:44,9124b27,2.13.0+cu130,gonzalo
19,0.4,40,hoyer,normal,fixed30,75,1e-07,0.001,16384,400,4,cuda,torch,400,8,-0.496986,1.25294,0.0126344,7.67324,0.00451552,0.705988,0.00709994,5.55738,0.00264871,156,1.97,3.57,2026-08-01T05:29:44,9124b27,2.13.0+cu130,gonzalo
19,0.4,20,hoyer,normal,fixed30,75,1e-07,0.001,16384,400,4,cuda,torch,400,8,-0.503438,2.70552,0.0272657,7.67324,0.00451552,1.75189,0.0177545,5.55738,0.00264871,202,2.657,3.57,2026-08-01T05:29:44,9124b27,2.13.0+cu130,gonzalo
19,0.8,inf,hoyer,normal,fixed30,75,1e-07,0.001,16384,400,4,cuda,torch,400,8,-0.496478,2.225,0.0225695,15.4667,0.011094,1.23628,0.0124897,11.1436,0.00715677,191,2.423,3.57,2026-08-01T05:29:44,9124b27,2.13.0+cu130,gonzalo
19,0.8,40,hoyer,normal,fixed30,75,1e-07,0.001,16384,400,4,cuda,torch,400,8,-0.497169,2.29887,0.0233273,15.4667,0.011094,1.28156,0.0129499,11.1436,0.00715677,186,2.295,3.57,2026-08-01T05:29:44,9124b27,2.13.0+cu130,gonzalo
19,0.8,20,hoyer,normal,fixed30,75,1e-07,0.001,16384,400,4,cuda,torch,400,8,-0.501127,2.86533,0.0287607,15.4667,0.011094,1.67307,0.0168248,11.1436,0.00715677,185,2.309,3.57,2026-08-01T05:29:44,9124b27,2.13.0+cu130,gonzalo
20,0.2,inf,hoyer,normal,fixed30,75,1e-07,0.001,16384,400,4,cuda,torch,400,8,-0.495491,0.353802,0.00352891,4.05967,0.00161096,0.212713,0.00212455,3.20244,0.00122338,174,2.312,3.57,2026-08-01T05:29:44,9124b27,2.13.0+cu130,gonzalo
20,0.2,40,hoyer,normal,fixed30,75,1e-07,0.001,16384,400,4,cuda,torch,400,8,-0.496626,0.325291,0.0032468,4.05967,0.00161096,0.19138,0.00191224,3.20244,0.00122338,191,2.362,3.57,2026-08-01T05:29:44,9124b27,2.13.0+cu130,gonzalo
20,0.2,20,hoyer,normal,fixed30,75,1e-07,0.001,16384,400,4,cuda,torch,400,8,-0.500266,3.07703,0.0307286,4.05967,0.00161096,1.92807,0.0194045,3.20244,0.00122338,400,3.751,3.57,2026-08-01T05:29:44,9124b27,2.13.0+cu130,gonzalo
20,0.4,inf,hoyer,normal,fixed30,75,1e-07,0.001,16384,400,4,cuda,torch,400,8,-0.49539,0.742898,0.00738966,8.08774,0.00323588,0.448105,0.00446978,6.39393,0.00239086,198,2.724,3.57,2026-08-01T05:29:44,9124b27,2.13.0+cu130,gonzalo
20,0.4,40,hoyer,normal,fixed30,75,1e-07,0.001,16384,400,4,cuda,torch,400,8,-0.49664,0.599379,0.00596724,8.08774,0.00323588,0.320883,0.00320282,6.39393,0.00239086,155,1.851,3.57,2026-08-01T05:29:44,9124b27,2.13.0+cu130,gonzalo
20,0.4,20,hoyer,normal,fixed30,75,1e-07,0.001,16384,400,4,cuda,torch,400,8,-0.499864,1.59547,0.0159139,8.08774,0.00323588,1.01316,0.0101335,6.39393,0.00239086,231,2.765,3.57,2026-08-01T05:29:44,9124b27,2.13.0+cu130,gonzalo
20,0.8,inf,hoyer,normal,fixed30,75,1e-07,0.001,16384,400,4,cuda,torch,400,8,-0.495419,1.62475,0.0160679,16.0583,0.00740932,0.982123,0.00977007,12.7456,0.00577228,191,2.262,3.57,2026-08-01T05:29:44,9124b27,2.13.0+cu130,gonzalo
20,0.8,40,hoyer,normal,fixed30,75,1e-07,0.001,16384,400,4,cuda,torch,400,8,-0.496989,1.35937,0.0134522,16.0583,0.00740932,0.761472,0.00758148,12.7456,0.00577228,253,3.043,3.57,2026-08-01T05:29:44,9124b27,2.13.0+cu130,gonzalo
20,0.8,20,hoyer,normal,fixed30,75,1e-07,0.001,16384,400,4,cuda,torch,400,8,-0.500002,2.25803,0.0224999,16.0583,0.00740932,1.38099,0.0138378,12.7456,0.00577228,187,2.224,3.57,2026-08-01T05:29:44,9124b27,2.13.0+cu130,gonzalo
21,0.2,inf,hoyer,normal,fixed30,75,1e-07,0.001,16384,400,4,cuda,torch,400,8,-0.496147,0.724715,0.00727562,2.99698,0.00354402,0.438353,0.0043925,2.17704,0.00279842,207,2.446,3.57,2026-08-01T05:29:44,9124b27,2.13.0+cu130,gonzalo
21,0.2,40,hoyer,normal,fixed30,75,1e-07,0.001,16384,400,4,cuda,torch,400,8,-0.498082,0.906635,0.0090943,2.99698,0.00354402,0.580089,0.00581186,2.17704,0.00279842,227,2.7,3.57,2026-08-01T05:29:44,9124b27,2.13.0+cu130,gonzalo
21,0.2,20,hoyer,normal,fixed30,75,1e-07,0.001,16384,400,4,cuda,torch,400,8,-0.505107,2.7937,0.0286518,2.99698,0.00354402,2.02897,0.0207494,2.17704,0.00279842,163,1.918,3.57,2026-08-01T05:29:44,9124b27,2.13.0+cu130,gonzalo
21,0.4,inf,hoyer,normal,fixed30,75,1e-07,0.001,16384,400,4,cuda,torch,400,8,-0.496362,1.30154,0.0130999,6.09176,0.00632177,0.754411,0.00756933,4.3992,0.00399114,400,3.598,3.57,2026-08-01T05:29:44,9124b27,2.13.0+cu130,gonzalo
21,0.4,40,hoyer,normal,fixed30,75,1e-07,0.001,16384,400,4,cuda,torch,400,8,-0.498444,1.55486,0.0156506,6.09176,0.00632177,0.964568,0.00968131,4.3992,0.00399114,215,2.573,3.57,2026-08-01T05:29:44,9124b27,2.13.0+cu130,gonzalo
21,0.4,20,hoyer,normal,fixed30,75,1e-07,0.001,16384,400,4,cuda,torch,400,8,-0.502515,2.15574,0.0217823,6.09176,0.00632177,1.47078,0.0148483,4.3992,0.00399114,166,1.968,3.57,2026-08-01T05:29:44,9124b27,2.13.0+cu130,gonzalo
21,0.8,inf,hoyer,normal,fixed30,75,1e-07,0.001,16384,400,4,cuda,torch,400,8,-0.496044,2.83167,0.028474,12.6107,0.0246048,1.52396,0.0152699,8.99035,0.0232216,400,4.699,3.57,2026-08-01T05:29:44,9124b27,2.13.0+cu130,gonzalo
21,0.8,40,hoyer,normal,fixed30,75,1e-07,0.001,16384,400,4,cuda,torch,400,8,-0.498766,2.76531,0.0280019,12.6107,0.0246048,1.6783,0.0169,8.99035,0.0232216,177,2.088,3.57,2026-08-01T05:29:44,9124b27,2.13.0+cu130,gonzalo
21,0.8,20,hoyer,normal,fixed30,75,1e-07,0.001,16384,400,4,cuda,torch,400,8,-0.502175,3.54149,0.0358089,12.6107,0.0246048,2.32109,0.0234414,8.99035,0.0232216,207,2.458,3.57,2026-08-01T05:29:44,9124b27,2.13.0+cu130,gonzalo
22,0.2,inf,hoyer,normal,fixed30,75,1e-07,0.001,16384,400,4,cuda,torch,400,8,-0.495742,0.45166,0.00452262,3.23231,0.0019604,0.25222,0.00252533,2.40248,0.00166794,174,2.069,3.57,2026-08-01T05:29:44,9124b27,2.13.0+cu130,gonzalo
22,0.2,40,hoyer,normal,fixed30,75,1e-07,0.001,16384,400,4,cuda,torch,400,8,-0.497096,0.504217,0.00505183,3.23231,0.0019604,0.318334,0.00318877,2.40248,0.00166794,205,2.465,3.57,2026-08-01T05:29:44,9124b27,2.13.0+cu130,gonzalo
22,0.2,20,hoyer,normal,fixed30,75,1e-07,0.001,16384,400,4,cuda,torch,400,8,-0.499285,2.10384,0.0209443,3.23231,0.0019604,1.52743,0.0152457,2.40248,0.00166794,171,2.016,3.57,2026-08-01T05:29:44,9124b27,2.13.0+cu130,gonzalo
22,0.4,inf,hoyer,normal,fixed30,75,1e-07,0.001,16384,400,4,cuda,torch,400,8,-0.495764,0.90053,0.0090269,6.56999,0.00387989,0.501188,0.0050234,4.853,0.00319601,185,2.19,3.57,2026-08-01T05:29:44,9124b27,2.13.0+cu130,gonzalo
22,0.4,40,hoyer,normal,fixed30,75,1e-07,0.001,16384,400,4,cuda,torch,400,8,-0.497134,0.927422,0.00930124,6.56999,0.00387989,0.544103,0.00545699,4.853,0.00319601,222,2.638,3.57,2026-08-01T05:29:44,9124b27,2.13.0+cu130,gonzalo
22,0.4,20,hoyer,normal,fixed30,75,1e-07,0.001,16384,400,4,cuda,torch,400,8,-0.499054,2.27267,0.0229797,6.56999,0.00387989,1.79216,0.0180924,4.853,0.00319601,194,2.318,3.57,2026-08-01T05:29:44,9124b27,2.13.0+cu130,gonzalo
22,0.8,inf,hoyer,normal,fixed30,75,1e-07,0.001,16384,400,4,cuda,torch,400,8,-0.495673,1.78628,0.0179278,13.5922,0.00800466,0.982554,0.00986294,9.90884,0.00624201,170,2.056,3.57,2026-08-01T05:29:44,9124b27,2.13.0+cu130,gonzalo
22,0.8,40,hoyer,normal,fixed30,75,1e-07,0.001,16384,400,4,cuda,torch,400,8,-0.497099,1.80409,0.0181147,13.5922,0.00800466,1.01576,0.0102039,9.90884,0.00624201,174,2.087,3.57,2026-08-01T05:29:44,9124b27,2.13.0+cu130,gonzalo
22,0.8,20,hoyer,normal,fixed30,75,1e-07,0.001,16384,400,4,cuda,torch,400,8,-0.499286,3.16664,0.0319205,13.5922,0.00800466,2.1286,0.021552,9.90884,0.00624201,204,2.424,3.57,2026-08-01T05:29:44,9124b27,2.13.0+cu130,gonzalo
23,0.2,inf,hoyer,normal,fixed30,75,1e-07,0.001,16384,400,4,cuda,torch,400,8,-0.495536,0.179765,0.00179694,4.45267,0.00142494,0.0902366,0.000902393,3.63387,0.000984382,184,2.204,3.57,2026-08-01T05:29:44,9124b27,2.13.0+cu130,gonzalo
23,0.2,40,hoyer,normal,fixed30,75,1e-07,0.001,16384,400,4,cuda,torch,400,8,-0.495999,0.475904,0.00474953,4.45267,0.00142494,0.238687,0.0023857,3.63387,0.000984382,190,2.276,3.57,2026-08-01T05:29:44,9124b27,2.13.0+cu130,gonzalo
23,0.2,20,hoyer,normal,fixed30,75,1e-07,0.001,16384,400,4,cuda,torch,400,8,-0.497494,1.66088,0.016632,4.45267,0.00142494,1.05806,0.0106343,3.63387,0.000984382,176,2.11,3.57,2026-08-01T05:29:44,9124b27,2.13.0+cu130,gonzalo
23,0.4,inf,hoyer,normal,fixed30,75,1e-07,0.001,16384,400,4,cuda,torch,400,8,-0.495508,0.360474,0.00360134,8.909,0.00317018,0.180459,0.00180451,7.26901,0.00242193,178,2.124,3.57,2026-08-01T05:29:44,9124b27,2.13.0+cu130,gonzalo
23,0.4,40,hoyer,normal,fixed30,75,1e-07,0.001,16384,400,4,cuda,torch,400,8,-0.49595,0.757711,0.00755093,8.909,0.00317018,0.481059,0.00479816,7.26901,0.00242193,400,3.78,3.57,2026-08-01T05:29:44,9124b27,2.13.0+cu130,gonzalo
23,0.4,20,hoyer,normal,fixed30,75,1e-07,0.001,16384,400,4,cuda,torch,400,8,-0.497381,1.70675,0.0170756,8.909,0.00317018,1.09067,0.0109578,7.26901,0.00242193,207,2.477,3.57,2026-08-01T05:29:44,9124b27,2.13.0+cu130,gonzalo
23,0.8,inf,hoyer,normal,fixed30,75,1e-07,0.001,16384,400,4,cuda,torch,400,8,-0.495766,0.731843,0.00730089,17.8293,0.00865756,0.367317,0.00367148,14.5424,0.00789459,172,2.045,3.57,2026-08-01T05:29:44,9124b27,2.13.0+cu130,gonzalo
23,0.8,40,hoyer,normal,fixed30,75,1e-07,0.001,16384,400,4,cuda,torch,400,8,-0.496279,1.04424,0.0103796,17.8293,0.00865756,0.62378,0.00621205,14.5424,0.00789459,400,3.844,3.57,2026-08-01T05:29:44,9124b27,2.13.0+cu130,gonzalo
23,0.8,20,hoyer,normal,fixed30,75,1e-07,0.001,16384,400,4,cuda,torch,400,8,-0.49833,1.35997,0.0134237,17.8293,0.00865756,0.661838,0.00660437,14.5424,0.00789459,188,2.29,3.57,2026-08-01T05:29:44,9124b27,2.13.0+cu130,gonzalo
24,0.2,inf,hoyer,normal,fixed30,75,1e-07,0.001,16384,400,4,cuda,torch,400,8,-0.495589,0.330344,0.00329668,4.09319,0.0015522,0.1668,0.00166606,3.49858,0.00108856,178,2.176,3.57,2026-08-01T05:29:44,9124b27,2.13.0+cu130,gonzalo
24,0.2,40,hoyer,normal,fixed30,75,1e-07,0.001,16384,400,4,cuda,torch,400,8,-0.496566,0.327321,0.00327503,4.09319,0.0015522,0.224621,0.00224847,3.49858,0.00108856,181,2.215,3.57,2026-08-01T05:29:44,9124b27,2.13.0+cu130,gonzalo
24,0.2,20,hoyer,normal,fixed30,75,1e-07,0.001,16384,400,4,cuda,torch,400,8,-0.496994,2.35958,0.0235887,4.09319,0.0015522,1.71448,0.0172085,3.49858,0.00108856,215,2.645,3.57,2026-08-01T05:29:44,9124b27,2.13.0+cu130,gonzalo
24,0.4,inf,hoyer,normal,fixed30,75,1e-07,0.001,16384,400,4,cuda,torch,400,8,-0.495534,0.675044,0.00672228,8.21065,0.00315183,0.342672,0.00341876,6.99524,0.0022412,191,2.362,3.57,2026-08-01T05:29:44,9124b27,2.13.0+cu130,gonzalo
24,0.4,40,hoyer,normal,fixed30,75,1e-07,0.001,16384,400,4,cuda,torch,400,8,-0.496508,0.58984,0.00588384,8.21065,0.00315183,0.323028,0.00322672,6.99524,0.0022412,212,2.628,3.57,2026-08-01T05:29:44,9124b27,2.13.0+cu130,gonzalo
24,0.4,20,hoyer,normal,fixed30,75,1e-07,0.001,16384,400,4,cuda,torch,400,8,-0.497163,2.65947,0.0263969,8.21065,0.00315183,1.76374,0.0176117,6.99524,0.0022412,400,3.726,3.57,2026-08-01T05:29:44,9124b27,2.13.0+cu130,gonzalo
24,0.8,inf,hoyer,normal,fixed30,75,1e-07,0.001,16384,400,4,cuda,torch,400,8,-0.487072,7.82591,0.0763858,16.5234,0.00707051,6.06986,0.0594307,13.9835,0.00517041,400,5.204,3.57,2026-08-01T05:29:44,9124b27,2.13.0+cu130,gonzalo
24,0.8,40,hoyer,normal,fixed30,75,1e-07,0.001,16384,400,4,cuda,torch,400,8,-0.496493,1.30168,0.0129161,16.5234,0.00707051,0.659336,0.00656284,13.9835,0.00517041,236,2.923,3.57,2026-08-01T05:29:44,9124b27,2.13.0+cu130,gonzalo
24,0.8,20,hoyer,normal,fixed30,75,1e-07,0.001,16384,400,4,cuda,torch,400,8,-0.501236,2.82889,0.0277711,16.5234,0.00707051,1.57332,0.0156127,13.9835,0.00517041,230,3.103,3.57,2026-08-01T05:29:44,9124b27,2.13.0+cu130,gonzalo
25,0.2,inf,hoyer,normal,fixed30,75,1e-07,0.001,16384,400,4,cuda,torch,400,8,-0.496936,0.673553,0.0067685,4.60232,0.005527,0.396503,0.00397459,3.76495,0.00482561,168,3.09,3.57,2026-08-01T05:29:44,9124b27,2.13.0+cu130,gonzalo
25,0.2,40,hoyer,normal,fixed30,75,1e-07,0.001,16384,400,4,cuda,torch,400,8,-0.498086,0.638677,0.00641454,4.60232,0.005527,0.37463,0.00375506,3.76495,0.00482561,153,2.384,3.57,2026-08-01T05:29:44,9124b27,2.13.0+cu130,gonzalo
25,0.2,20,hoyer,normal,fixed30,75,1e-07,0.001,16384,400,4,cuda,torch,400,8,-0.50119,1.43453,0.0143709,4.60232,0.005527,1.11061,0.0111274,3.76495,0.00482561,192,3.482,3.57,2026-08-01T05:29:44,9124b27,2.13.0+cu130,gonzalo
25,0.4,inf,hoyer,normal,fixed30,75,1e-07,0.001,16384,400,4,cuda,torch,400,8,-0.498151,1.25627,0.0126735,9.22679,0.0116042,0.734574,0.00737756,7.54506,0.00962142,184,3.131,3.57,2026-08-01T05:29:44,9124b27,2.13.0+cu130,gonzalo
25,0.4,40,hoyer,normal,fixed30,75,1e-07,0.001,16384,400,4,cuda,torch,400,8,-0.499313,1.20108,0.0121037,9.22679,0.0116042,0.696317,0.00698986,7.54506,0.00962142,181,2.388,3.57,2026-08-01T05:29:44,9124b27,2.13.0+cu130,gonzalo
25,0.4,20,hoyer,normal,fixed30,75,1e-07,0.001,16384,400,4,cuda,torch,400,8,-0.501205,1.69415,0.0170206,9.22679,0.0116042,1.18767,0.0119259,7.54506,0.00962142,168,2.246,3.57,2026-08-01T05:29:44,9124b27,2.13.0+cu130,gonzalo
25,0.8,inf,hoyer,normal,fixed30,75,1e-07,0.001,16384,400,4,cuda,torch,400,8,-0.500032,2.14421,0.0216597,18.5363,0.0314152,1.42823,0.0143401,15.1497,0.0286051,400,5.501,3.57,2026-08-01T05:29:44,9124b27,2.13.0+cu130,gonzalo
25,0.8,40,hoyer,normal,fixed30,75,1e-07,0.001,16384,400,4,cuda,torch,400,8,-0.501564,2.17667,0.0220644,18.5363,0.0314152,1.2345,0.0124235,15.1497,0.0286051,215,3.039,3.57,2026-08-01T05:29:44,9124b27,2.13.0+cu130,gonzalo
25,0.8,20,hoyer,normal,fixed30,75,1e-07,0.001,16384,400,4,cuda,torch,400,8,-0.509519,2.82214,0.028611,18.5363,0.0314152,1.87721,0.0189674,15.1497,0.0286051,148,1.884,3.57,2026-08-01T05:29:44,9124b27,2.13.0+cu130,gonzalo
26,0.2,inf,hoyer,normal,fixed30,75,1e-07,0.001,16384,400,4,cuda,torch,400,8,-0.49555,0.259296,0.00259966,4.8888,0.00266175,0.1529,0.0015311,3.92603,0.00246923,183,2.894,3.57,2026-08-01T05:29:44,9124b27,2.13.0+cu130,gonzalo
26,0.2,40,hoyer,normal,fixed30,75,1e-07,0.001,16384,400,4,cuda,torch,400,8,-0.496697,0.344477,0.00344764,4.8888,0.00266175,0.235418,0.0023544,3.92603,0.00246923,184,2.963,3.57,2026-08-01T05:29:44,9124b27,2.13.0+cu130,gonzalo
26,0.2,20,hoyer,normal,fixed30,75,1e-07,0.001,16384,400,4,cuda,torch,400,8,-0.496232,2.9262,0.0285718,4.8888,0.00266175,1.55586,0.0154188,3.92603,0.00246923,400,4.655,3.57,2026-08-01T05:29:44,9124b27,2.13.0+cu130,gonzalo
26,0.4,inf,hoyer,normal,fixed30,75,1e-07,0.001,16384,400,4,cuda,torch,400,8,-0.494912,1.84694,0.0180968,9.8941,0.00627185,1.01011,0.0100705,7.942,0.00602147,400,7.528,3.57,2026-08-01T05:29:44,9124b27,2.13.0+cu130,gonzalo
26,0.4,40,hoyer,normal,fixed30,75,1e-07,0.001,16384,400,4,cuda,torch,400,8,-0.496651,0.554915,0.00556272,9.8941,0.00627185,0.355026,0.00355289,7.942,0.00602147,236,4.074,3.57,2026-08-01T05:29:44,9124b27,2.13.0+cu130,gonzalo
26,0.4,20,hoyer,normal,fixed30,75,1e-07,0.001,16384,400,4,cuda,torch,400,8,-0.496658,1.91677,0.0191381,9.8941,0.00627185,1.25531,0.0125895,7.942,0.00602147,189,3.365,3.57,2026-08-01T05:29:44,9124b27,2.13.0+cu130,gonzalo
26,0.8,inf,hoyer,normal,fixed30,75,1e-07,0.001,16384,400,4,cuda,torch,400,8,-0.495822,1.01486,0.0102393,20.2417,0.015415,0.58173,0.00584598,16.2476,0.014669,257,4.208,3.57,2026-08-01T05:29:44,9124b27,2.13.0+cu130,gonzalo
26,0.8,40,hoyer,normal,fixed30,75,1e-07,0.001,16384,400,4,cuda,torch,400,8,-0.496953,1.03965,0.0104576,20.2417,0.015415,0.625081,0.00626698,16.2476,0.014669,192,2.353,3.57,2026-08-01T05:29:44,9124b27,2.13.0+cu130,gonzalo
26,0.8,20,hoyer,normal,fixed30,75,1e-07,0.001,16384,400,4,cuda,torch,400,8,-0.502345,2.74855,0.0277548,20.2417,0.015415,2.12673,0.0215773,16.2476,0.014669,229,2.878,3.57,2026-08-01T05:29:44,9124b27,2.13.0+cu130,gonzalo
27,0.2,inf,hoyer,normal,fixed30,75,1e-07,0.001,16384,400,4,cuda,torch,400,8,-0.495852,0.204755,0.00205147,4.2001,0.00139402,0.120285,0.00120403,3.44453,0.0012916,216,2.651,3.57,2026-08-01T05:29:44,9124b27,2.13.0+cu130,gonzalo
27,0.2,40,hoyer,normal,fixed30,75,1e-07,0.001,16384,400,4,cuda,torch,400,8,-0.495951,0.369087,0.00369719,4.2001,0.00139402,0.226141,0.00226415,3.44453,0.0012916,205,2.511,3.57,2026-08-01T05:29:44,9124b27,2.13.0+cu130,gonzalo
27,0.2,20,hoyer,normal,fixed30,75,1e-07,0.001,16384,400,4,cuda,torch,400,8,-0.497388,1.17325,0.0117342,4.2001,0.00139402,0.872063,0.00872805,3.44453,0.0012916,199,2.428,3.57,2026-08-01T05:29:44,9124b27,2.13.0+cu130,gonzalo
27,0.4,inf,hoyer,normal,fixed30,75,1e-07,0.001,16384,400,4,cuda,torch,400,8,-0.496119,0.399581,0.00401112,8.42177,0.00280927,0.231602,0.00232057,6.90956,0.00246695,175,2.142,3.57,2026-08-01T05:29:44,9124b27,2.13.0+cu130,gonzalo
27,0.4,40,hoyer,normal,fixed30,75,1e-07,0.001,16384,400,4,cuda,torch,400,8,-0.495799,1.28272,0.0126878,8.42177,0.00280927,0.787287,0.00787218,6.90956,0.00246695,400,4.793,3.57,2026-08-01T05:29:44,9124b27,2.13.0+cu130,gonzalo
27,0.4,20,hoyer,normal,fixed30,75,1e-07,0.001,16384,400,4,cuda,torch,400,8,-0.496455,2.56263,0.0259957,8.42177,0.00280927,1.90479,0.0193281,6.90956,0.00246695,155,1.869,3.57,2026-08-01T05:29:44,9124b27,2.13.0+cu130,gonzalo
27,0.8,inf,hoyer,normal,fixed30,75,1e-07,0.001,16384,400,4,cuda,torch,400,8,-0.496868,0.705916,0.00708483,16.9327,0.00654447,0.397664,0.00398564,13.903,0.00523319,400,5.336,3.57,2026-08-01T05:29:44,9124b27,2.13.0+cu130,gonzalo
27,0.8,40,hoyer,normal,fixed30,75,1e-07,0.001,16384,400,4,cuda,torch,400,8,-0.497,0.835366,0.00841283,16.9327,0.00654447,0.482066,0.00483905,13.903,0.00523319,244,4.106,3.57,2026-08-01T05:29:44,9124b27,2.13.0+cu130,gonzalo
27,0.8,20,hoyer,normal,fixed30,75,1e-07,0.001,16384,400,4,cuda,torch,400,8,-0.498385,1.78711,0.0179912,16.9327,0.00654447,1.27905,0.0128635,13.903,0.00523319,199,2.473,3.57,2026-08-01T05:29:44,9124b27,2.13.0+cu130,gonzalo
28,0.2,inf,hoyer,normal,fixed30,75,1e-07,0.001,16384,400,4,cuda,torch,400,8,-0.49582,0.803793,0.00804084,4.45045,0.0025675,0.519692,0.00519862,3.46673,0.0019458,400,3.672,3.57,2026-08-01T05:29:44,9124b27,2.13.0+cu130,gonzalo
28,0.2,40,hoyer,normal,fixed30,75,1e-07,0.001,16384,400,4,cuda,torch,400,8,-0.496589,0.629912,0.00633237,4.45045,0.0025675,0.361195,0.0036248,3.46673,0.0019458,222,2.721,3.57,2026-08-01T05:29:44,9124b27,2.13.0+cu130,gonzalo
28,0.2,20,hoyer,normal,fixed30,75,1e-07,0.001,16384,400,4,cuda,torch,400,8,-0.496968,1.42247,0.0143166,4.45045,0.0025675,1.00047,0.0100551,3.46673,0.0019458,184,2.25,3.57,2026-08-01T05:29:44,9124b27,2.13.0+cu130,gonzalo
28,0.4,inf,hoyer,normal,fixed30,75,1e-07,0.001,16384,400,4,cuda,torch,400,8,-0.496327,0.845488,0.00852214,8.96917,0.00585954,0.443796,0.0044566,6.96572,0.00501558,247,4.763,3.57,2026-08-01T05:29:44,9124b27,2.13.0+cu130,gonzalo
28,0.4,40,hoyer,normal,fixed30,75,1e-07,0.001,16384,400,4,cuda,torch,400,8,-0.496867,0.949567,0.00959075,8.96917,0.00585954,0.530254,0.00533376,6.96572,0.00501558,238,3.846,3.57,2026-08-01T05:29:44,9124b27,2.13.0+cu130,gonzalo
28,0.4,20,hoyer,normal,fixed30,75,1e-07,0.001,16384,400,4,cuda,torch,400,8,-0.497568,1.66579,0.0168621,8.96917,0.00585954,1.11769,0.011264,6.96572,0.00501558,188,2.87,3.57,2026-08-01T05:29:44,9124b27,2.13.0+cu130,gonzalo
28,0.8,inf,hoyer,normal,fixed30,75,1e-07,0.001,16384,400,4,cuda,torch,400,8,-0.49727,1.61248,0.0163463,18.2099,0.0156079,0.837428,0.00843527,14.0586,0.0150193,198,2.791,3.57,2026-08-01T05:29:44,9124b27,2.13.0+cu130,gonzalo
28,0.8,40,hoyer,normal,fixed30,75,1e-07,0.001,16384,400,4,cuda,torch,400,8,-0.497696,1.63294,0.0165954,18.2099,0.0156079,0.878884,0.00887018,14.0586,0.0150193,163,2.712,3.57,2026-08-01T05:29:44,9124b27,2.13.0+cu130,gonzalo
28,0.8,20,hoyer,normal,fixed30,75,1e-07,0.001,16384,400,4,cuda,torch,400,8,-0.5001,2.39029,0.0240232,18.2099,0.0156079,1.55654,0.0156325,14.0586,0.0150193,177,2.83,3.57,2026-08-01T05:29:44,9124b27,2.13.0+cu130,gonzalo
29,0.2,inf,hoyer,normal,fixed30,75,1e-07,0.001,16384,400,4,cuda,torch,400,8,-0.495691,0.249545,0.00250324,5.02272,0.00213037,0.137255,0.00137508,4.23346,0.00181367,192,2.837,3.57,2026-08-01T05:29:44,9124b27,2.13.0+cu130,gonzalo
29,0.2,40,hoyer,normal,fixed30,75,1e-07,0.001,16384,400,4,cuda,torch,400,8,-0.497242,0.362882,0.00364001,5.02272,0.00213037,0.230142,0.00230523,4.23346,0.00181367,238,2.887,3.57,2026-08-01T05:29:44,9124b27,2.13.0+cu130,gonzalo
29,0.2,20,hoyer,normal,fixed30,75,1e-07,0.001,16384,400,4,cuda,torch,400,8,-0.50096,3.28213,0.0336247,5.02272,0.00213037,2.22395,0.0227544,4.23346,0.00181367,169,2.032,3.57,2026-08-01T05:29:44,9124b27,2.13.0+cu130,gonzalo
29,0.4,inf,hoyer,normal,fixed30,75,1e-07,0.001,16384,400,4,cuda,torch,400,8,-0.495841,0.479988,0.00482823,10.0979,0.0055558,0.259017,0.00259885,8.48476,0.00526672,162,1.958,3.57,2026-08-01T05:29:44,9124b27,2.13.0+cu130,gonzalo
29,0.4,40,hoyer,normal,fixed30,75,1e-07,0.001,16384,400,4,cuda,torch,400,8,-0.497588,0.586197,0.00590154,10.0979,0.0055558,0.34797,0.00349251,8.48476,0.00526672,171,2.078,3.57,2026-08-01T05:29:44,9124b27,2.13.0+cu130,gonzalo
29,0.4,20,hoyer,normal,fixed30,75,1e-07,0.001,16384,400,4,cuda,torch,400,8,-0.501529,2.16402,0.0215634,10.0979,0.0055558,1.3512,0.013497,8.48476,0.00526672,189,2.308,3.57,2026-08-01T05:29:44,9124b27,2.13.0+cu130,gonzalo
29,0.8,inf,hoyer,normal,fixed30,75,1e-07,0.001,16384,400,4,cuda,torch,400,8,-0.49649,0.893131,0.00902561,20.387,0.0163171,0.46777,0.00470297,17.0358,0.0161435,195,2.372,3.57,2026-08-01T05:29:44,9124b27,2.13.0+cu130,gonzalo
29,0.8,40,hoyer,normal,fixed30,75,1e-07,0.001,16384,400,4,cuda,torch,400,8,-0.492453,1.79396,0.0179969,20.387,0.0163171,1.13423,0.0113784,17.0358,0.0161435,400,3.756,3.57,2026-08-01T05:29:44,9124b27,2.13.0+cu130,gonzalo
29,0.8,20,hoyer,normal,fixed30,75,1e-07,0.001,16384,400,4,cuda,torch,400,8,-0.501193,1.40622,0.0141951,20.387,0.0163171,1.0058,0.0101046,17.0358,0.0161435,157,1.886,3.57,2026-08-01T05:29:44,9124b27,2.13.0+cu130,gonzalo
30,0.2,inf,hoyer,normal,fixed30,75,1e-07,0.001,16384,400,4,cuda,torch,400,8,-0.495627,0.962597,0.00955727,4.59402,0.00238317,0.604981,0.00605236,3.53346,0.00159495,400,4.798,3.57,2026-08-01T05:29:44,9124b27,2.13.0+cu130,gonzalo
30,0.2,40,hoyer,normal,fixed30,75,1e-07,0.001,16384,400,4,cuda,torch,400,8,-0.496932,0.638644,0.0063951,4.59402,0.00238317,0.407787,0.0040857,3.53346,0.00159495,317,3.001,3.57,2026-08-01T05:29:44,9124b27,2.13.0+cu130,gonzalo
30,0.2,20,hoyer,normal,fixed30,75,1e-07,0.001,16384,400,4,cuda,torch,400,8,-0.504201,2.25059,0.0225595,4.59402,0.00238317,1.42435,0.0143881,3.53346,0.00159495,177,2.088,3.57,2026-08-01T05:29:44,9124b27,2.13.0+cu130,gonzalo
30,0.4,inf,hoyer,normal,fixed30,75,1e-07,0.001,16384,400,4,cuda,torch,400,8,-0.496363,0.735682,0.00738652,9.22654,0.00499569,0.424133,0.00425005,7.08863,0.00351989,178,2.098,3.57,2026-08-01T05:29:44,9124b27,2.13.0+cu130,gonzalo
30,0.4,40,hoyer,normal,fixed30,75,1e-07,0.001,16384,400,4,cuda,torch,400,8,-0.497414,0.941716,0.00946547,9.22654,0.00499569,0.543331,0.00545291,7.08863,0.00351989,241,2.875,3.57,2026-08-01T05:29:44,9124b27,2.13.0+cu130,gonzalo
30,0.4,20,hoyer,normal,fixed30,75,1e-07,0.001,16384,400,4,cuda,torch,400,8,-0.500107,2.34421,0.0238492,9.22654,0.00499569,1.72333,0.0175112,7.08863,0.00351989,184,2.168,3.57,2026-08-01T05:29:44,9124b27,2.13.0+cu130,gonzalo
30,0.8,inf,hoyer,normal,fixed30,75,1e-07,0.001,16384,400,4,cuda,torch,400,8,-0.495415,3.71576,0.0362904,18.5984,0.0117064,2.25583,0.0223601,14.2638,0.00901962,400,4.67,3.57,2026-08-01T05:29:44,9124b27,2.13.0+cu130,gonzalo
30,0.8,40,hoyer,normal,fixed30,75,1e-07,0.001,16384,400,4,cuda,torch,400,8,-0.496564,3.85659,0.0377255,18.5984,0.0117064,2.3664,0.023483,14.2638,0.00901962,400,4.636,3.57,2026-08-01T05:29:44,9124b27,2.13.0+cu130,gonzalo
30,0.8,20,hoyer,normal,fixed30,75,1e-07,0.001,16384,400,4,cuda,torch,400,8,-0.502208,2.33108,0.0234513,18.5984,0.0117064,1.63667,0.0164631,14.2638,0.00901962,189,2.221,3.57,2026-08-01T05:29:44,9124b27,2.13.0+cu130,gonzalo
31,0.2,inf,hoyer,normal,fixed30,75,1e-07,0.001,16384,400,4,cuda,torch,400,8,-0.495976,0.249901,0.00250429,4.31386,0.00215592,0.134301,0.00134463,3.77272,0.00204547,208,2.475,3.57,2026-08-01T05:29:44,9124b27,2.13.0+cu130,gonzalo
31,0.2,40,hoyer,normal,fixed30,75,1e-07,0.001,16384,400,4,cuda,torch,400,8,-0.496443,0.518287,0.00519452,4.31386,0.00215592,0.33217,0.00332894,3.77272,0.00204547,180,2.133,3.57,2026-08-01T05:29:44,9124b27,2.13.0+cu130,gonzalo
31,0.2,20,hoyer,normal,fixed30,75,1e-07,0.001,16384,400,4,cuda,torch,400,8,-0.500763,2.20956,0.0224165,4.31386,0.00215592,1.51055,0.0153442,3.77272,0.00204547,154,1.795,3.57,2026-08-01T05:29:44,9124b27,2.13.0+cu130,gonzalo
31,0.4,inf,hoyer,normal,fixed30,75,1e-07,0.001,16384,400,4,cuda,torch,400,8,-0.496374,0.481513,0.00483404,8.62918,0.00434515,0.256743,0.00257329,7.54182,0.00409376,191,2.255,3.57,2026-08-01T05:29:44,9124b27,2.13.0+cu130,gonzalo
31,0.4,40,hoyer,normal,fixed30,75,1e-07,0.001,16384,400,4,cuda,torch,400,8,-0.496823,0.710496,0.00712888,8.62918,0.00434515,0.424726,0.00425925,7.54182,0.00409376,201,2.398,3.57,2026-08-01T05:29:44,9124b27,2.13.0+cu130,gonzalo
31,0.4,20,hoyer,normal,fixed30,75,1e-07,0.001,16384,400,4,cuda,torch,400,8,-0.506386,2.05321,0.0206703,8.62918,0.00434515,1.37708,0.0138915,7.54182,0.00409376,212,2.498,3.57,2026-08-01T05:29:44,9124b27,2.13.0+cu130,gonzalo
31,0.8,inf,hoyer,normal,fixed30,75,1e-07,0.001,16384,400,4,cuda,torch,400,8,-0.497449,0.905495,0.00911738,17.266,0.00897464,0.475332,0.00477329,15.0664,0.00821814,183,2.215,3.57,2026-08-01T05:29:44,9124b27,2.13.0+cu130,gonzalo
31,0.8,40,hoyer,normal,fixed30,75,1e-07,0.001,16384,400,4,cuda,torch,400,8,-0.497875,1.10124,0.0110803,17.266,0.00897464,0.616994,0.00619636,15.0664,0.00821814,192,2.289,3.57,2026-08-01T05:29:44,9124b27,2.13.0+cu130,gonzalo
31,0.8,20,hoyer,normal,fixed30,75,1e-07,0.001,16384,400,4,cuda,torch,400,8,-0.507465,2.13036,0.021493,17.266,0.00897464,1.41917,0.0143322,15.0664,0.00821814,232,2.824,3.57,2026-08-01T05:29:44,9124b27,2.13.0+cu130,gonzalo
32,0.2,inf,hoyer,normal,fixed30,75,1e-07,0.001,16384,400,4,cuda,torch,400,8,-0.49453,1.02711,0.0101912,3.85757,0.00769746,0.648042,0.0064497,2.91914,0.00804553,183,2.183,3.57,2026-08-01T05:29:44,9124b27,2.13.0+cu130,gonzalo
32,0.2,40,hoyer,normal,fixed30,75,1e-07,0.001,16384,400,4,cuda,torch,400,8,-0.495377,1.26864,0.0125352,3.85757,0.00769746,0.813254,0.00806672,2.91914,0.00804553,310,2.967,3.57,2026-08-01T05:29:44,9124b27,2.13.0+cu130,gonzalo
32,0.2,20,hoyer,normal,fixed30,75,1e-07,0.001,16384,400,4,cuda,torch,400,8,-0.498129,2.90471,0.0291375,3.85757,0.00769746,1.88514,0.0190513,2.91914,0.00804553,211,2.502,3.57,2026-08-01T05:29:44,9124b27,2.13.0+cu130,gonzalo
32,0.4,inf,hoyer,normal,fixed30,75,1e-07,0.001,16384,400,4,cuda,torch,400,8,-0.493327,2.22777,0.0219088,7.63011,0.0182317,1.39547,0.0138177,5.78325,0.0194967,156,1.827,3.57,2026-08-01T05:29:44,9124b27,2.13.0+cu130,gonzalo
32,0.4,40,hoyer,normal,fixed30,75,1e-07,0.001,16384,400,4,cuda,torch,400,8,-0.494247,2.15118,0.0211349,7.63011,0.0182317,1.34758,0.013325,5.78325,0.0194967,192,2.719,3.57,2026-08-01T05:29:44,9124b27,2.13.0+cu130,gonzalo
32,0.4,20,hoyer,normal,fixed30,75,1e-07,0.001,16384,400,4,cuda,torch,400,8,-0.497199,3.26773,0.0322551,7.63011,0.0182317,1.92478,0.0192137,5.78325,0.0194967,161,2.197,3.57,2026-08-01T05:29:44,9124b27,2.13.0+cu130,gonzalo
32,0.8,inf,hoyer,normal,fixed30,75,1e-07,0.001,16384,400,4,cuda,torch,400,8,-0.483347,11.0561,0.106548,14.9354,0.0484334,7.55174,0.0742446,11.3544,0.0525508,400,5.262,3.57,2026-08-01T05:29:44,9124b27,2.13.0+cu130,gonzalo
32,0.8,40,hoyer,normal,fixed30,75,1e-07,0.001,16384,400,4,cuda,torch,400,8,-0.484385,10.995,0.105895,14.9354,0.0484334,7.54172,0.0741127,11.3544,0.0525508,400,4.78,3.57,2026-08-01T05:29:44,9124b27,2.13.0+cu130,gonzalo
32,0.8,20,hoyer,normal,fixed30,75,1e-07,0.001,16384,400,4,cuda,torch,400,8,-0.49257,3.77519,0.0368543,14.9354,0.0484334,2.14121,0.0211887,11.3544,0.0525508,234,3.2,3.57,2026-08-01T05:29:44,9124b27,2.13.0+cu130,gonzalo
33,0.2,inf,hoyer,normal,fixed30,75,1e-07,0.001,16384,400,4,cuda,torch,400,8,-0.495718,0.57605,0.00572567,4.18554,0.00396929,0.344636,0.00343384,3.59227,0.00306178,197,2.378,3.57,2026-08-01T05:29:44,9124b27,2.13.0+cu130,gonzalo
33,0.2,40,hoyer,normal,fixed30,75,1e-07,0.001,16384,400,4,cuda,torch,400,8,-0.496716,0.703453,0.00699126,4.18554,0.00396929,0.452342,0.00450646,3.59227,0.00306178,400,3.779,3.57,2026-08-01T05:29:44,9124b27,2.13.0+cu130,gonzalo
33,0.2,20,hoyer,normal,fixed30,75,1e-07,0.001,16384,400,4,cuda,torch,400,8,-0.500402,1.46399,0.0146078,4.18554,0.00396929,1.09168,0.0109426,3.59227,0.00306178,185,2.289,3.57,2026-08-01T05:29:44,9124b27,2.13.0+cu130,gonzalo
33,0.4,inf,hoyer,normal,fixed30,75,1e-07,0.001,16384,400,4,cuda,torch,400,8,-0.495792,1.17568,0.0116081,8.27676,0.00862777,0.703365,0.00697996,7.12415,0.00698787,238,2.862,3.57,2026-08-01T05:29:44,9124b27,2.13.0+cu130,gonzalo
33,0.4,40,hoyer,normal,fixed30,75,1e-07,0.001,16384,400,4,cuda,torch,400,8,-0.496823,1.20308,0.0118601,8.27676,0.00862777,0.748735,0.00742119,7.12415,0.00698787,400,3.742,3.57,2026-08-01T05:29:44,9124b27,2.13.0+cu130,gonzalo
33,0.4,20,hoyer,normal,fixed30,75,1e-07,0.001,16384,400,4,cuda,torch,400,8,-0.50065,1.83099,0.0182418,8.27676,0.00862777,1.29064,0.0129376,7.12415,0.00698787,189,2.263,3.57,2026-08-01T05:29:44,9124b27,2.13.0+cu130,gonzalo
33,0.8,inf,hoyer,normal,fixed30,75,1e-07,0.001,16384,400,4,cuda,torch,400,8,-0.496013,2.4589,0.023915,16.1857,0.0222432,1.46828,0.0144372,14.0094,0.019923,229,2.73,3.57,2026-08-01T05:29:44,9124b27,2.13.0+cu130,gonzalo
33,0.8,40,hoyer,normal,fixed30,75,1e-07,0.001,16384,400,4,cuda,torch,400,8,-0.497182,2.44379,0.0237826,16.1857,0.0222432,1.46682,0.0144326,14.0094,0.019923,180,2.132,3.57,2026-08-01T05:29:44,9124b27,2.13.0+cu130,gonzalo
33,0.8,20,hoyer,normal,fixed30,75,1e-07,0.001,16384,400,4,cuda,torch,400,8,-0.496838,2.99027,0.0299019,16.1857,0.0222432,2.02083,0.020281,14.0094,0.019923,169,2.015,3.57,2026-08-01T05:29:44,9124b27,2.13.0+cu130,gonzalo
34,0.2,inf,hoyer,normal,fixed30,75,1e-07,0.001,16384,400,4,cuda,torch,400,8,-0.495396,1.37455,0.0135875,4.26157,0.00363443,0.908094,0.00901493,3.65604,0.00258226,400,3.614,3.57,2026-08-01T05:29:44,9124b27,2.13.0+cu130,gonzalo
34,0.2,40,hoyer,normal,fixed30,75,1e-07,0.001,16384,400,4,cuda,torch,400,8,-0.496504,0.794361,0.00789123,4.26157,0.00363443,0.485674,0.00483754,3.65604,0.00258226,206,2.464,3.57,2026-08-01T05:29:44,9124b27,2.13.0+cu130,gonzalo
34,0.2,20,hoyer,normal,fixed30,75,1e-07,0.001,16384,400,4,cuda,torch,400,8,-0.496209,1.74521,0.0173932,4.26157,0.00363443,1.23328,0.0123251,3.65604,0.00258226,187,2.21,3.57,2026-08-01T05:29:44,9124b27,2.13.0+cu130,gonzalo
34,0.4,inf,hoyer,normal,fixed30,75,1e-07,0.001,16384,400,4,cuda,torch,400,8,-0.493809,6.5395,0.0619019,8.45832,0.00805037,4.0146,0.0389352,7.26207,0.00606404,400,4.681,3.57,2026-08-01T05:29:44,9124b27,2.13.0+cu130,gonzalo
34,0.4,40,hoyer,normal,fixed30,75,1e-07,0.001,16384,400,4,cuda,torch,400,8,-0.496487,1.63768,0.0160904,8.45832,0.00805037,1.02806,0.0101692,7.26207,0.00606404,195,2.561,3.57,2026-08-01T05:29:44,9124b27,2.13.0+cu130,gonzalo
34,0.4,20,hoyer,normal,fixed30,75,1e-07,0.001,16384,400,4,cuda,torch,400,8,-0.496462,1.91241,0.0189787,8.45832,0.00805037,1.27588,0.012688,7.26207,0.00606404,179,2.23,3.57,2026-08-01T05:29:44,9124b27,2.13.0+cu130,gonzalo
34,0.8,inf,hoyer,normal,fixed30,75,1e-07,0.001,16384,400,4,cuda,torch,400,8,-0.486881,8.46723,0.0831867,16.66,0.0210272,6.58642,0.0648596,14.324,0.0173276,400,4.86,3.57,2026-08-01T05:29:44,9124b27,2.13.0+cu130,gonzalo
34,0.8,40,hoyer,normal,fixed30,75,1e-07,0.001,16384,400,4,cuda,torch,400,8,-0.487563,8.63687,0.0845877,16.66,0.0210272,6.80087,0.0667529,14.324,0.0173276,400,4.757,3.57,2026-08-01T05:29:44,9124b27,2.13.0+cu130,gonzalo
34,0.8,20,hoyer,normal,fixed30,75,1e-07,0.001,16384,400,4,cuda,torch,400,8,-0.488581,7.83863,0.0771791,16.66,0.0210272,6.33956,0.0624811,14.324,0.0173276,400,5.149,3.57,2026-08-01T05:29:44,9124b27,2.13.0+cu130,gonzalo
35,0.2,inf,hoyer,normal,fixed30,75,1e-07,0.001,16384,400,4,cuda,torch,400,8,-0.494948,0.624582,0.00622102,4.35394,0.00869767,0.331523,0.00330745,3.77532,0.00903084,250,3.082,3.57,2026-08-01T05:29:44,9124b27,2.13.0+cu130,gonzalo
35,0.2,40,hoyer,normal,fixed30,75,1e-07,0.001,16384,400,4,cuda,torch,400,8,-0.494946,0.670927,0.00668377,4.35394,0.00869767,0.353344,0.00352669,3.77532,0.00903084,198,2.795,3.57,2026-08-01T05:29:44,9124b27,2.13.0+cu130,gonzalo
35,0.2,20,hoyer,normal,fixed30,75,1e-07,0.001,16384,400,4,cuda,torch,400,8,-0.499227,1.80571,0.018187,4.35394,0.00869767,1.29116,0.0130056,3.77532,0.00903084,198,2.396,3.57,2026-08-01T05:29:44,9124b27,2.13.0+cu130,gonzalo
35,0.4,inf,hoyer,normal,fixed30,75,1e-07,0.001,16384,400,4,cuda,torch,400,8,-0.494198,1.31726,0.0130532,8.73989,0.0202876,0.704597,0.00700735,7.57785,0.0210221,220,2.774,3.57,2026-08-01T05:29:44,9124b27,2.13.0+cu130,gonzalo
35,0.4,40,hoyer,normal,fixed30,75,1e-07,0.001,16384,400,4,cuda,torch,400,8,-0.494195,1.30013,0.0128909,8.73989,0.0202876,0.689843,0.00686546,7.57785,0.0210221,234,2.788,3.57,2026-08-01T05:29:44,9124b27,2.13.0+cu130,gonzalo
35,0.4,20,hoyer,normal,fixed30,75,1e-07,0.001,16384,400,4,cuda,torch,400,8,-0.499082,1.97003,0.0198405,8.73989,0.0202876,1.43994,0.0145066,7.57785,0.0210221,190,2.261,3.57,2026-08-01T05:29:44,9124b27,2.13.0+cu130,gonzalo
35,0.8,inf,hoyer,normal,fixed30,75,1e-07,0.001,16384,400,4,cuda,torch,400,8,-0.492635,2.98168,0.0291154,17.6069,0.0548449,1.61926,0.0159613,15.263,0.0562895,205,2.684,3.57,2026-08-01T05:29:44,9124b27,2.13.0+cu130,gonzalo
35,0.8,40,hoyer,normal,fixed30,75,1e-07,0.001,16384,400,4,cuda,torch,400,8,-0.492639,2.82376,0.0276404,17.6069,0.0548449,1.52256,0.0150293,15.263,0.0562895,156,2.455,3.57,2026-08-01T05:29:44,9124b27,2.13.0+cu130,gonzalo
35,0.8,20,hoyer,normal,fixed30,75,1e-07,0.001,16384,400,4,cuda,torch,400,8,-0.495779,2.91098,0.0288511,17.6069,0.0548449,1.77932,0.0177848,15.263,0.0562895,208,2.736,3.57,2026-08-01T05:29:44,9124b27,2.13.0+cu130,gonzalo
36,0.2,inf,hoyer,normal,fixed30,75,1e-07,0.001,16384,400,4,cuda,torch,400,8,-0.496051,0.529896,0.00530621,4.79511,0.0036944,0.288905,0.00289301,4.08666,0.00296145,179,2.252,3.57,2026-08-01T05:29:44,9124b27,2.13.0+cu130,gonzalo
36,0.2,40,hoyer,normal,fixed30,75,1e-07,0.001,16384,400,4,cuda,torch,400,8,-0.496982,0.746568,0.00750488,4.79511,0.0036944,0.453075,0.00454849,4.08666,0.00296145,240,2.859,3.57,2026-08-01T05:29:44,9124b27,2.13.0+cu130,gonzalo
36,0.2,20,hoyer,normal,fixed30,75,1e-07,0.001,16384,400,4,cuda,torch,400,8,-0.500083,1.91773,0.0191496,4.79511,0.0036944,1.36279,0.0136182,4.08666,0.00296145,207,2.853,3.57,2026-08-01T05:29:44,9124b27,2.13.0+cu130,gonzalo
36,0.4,inf,hoyer,normal,fixed30,75,1e-07,0.001,16384,400,4,cuda,torch,400,8,-0.496532,1.04191,0.0104408,9.54161,0.00799077,0.564834,0.00566139,8.12703,0.00666619,177,2.321,3.57,2026-08-01T05:29:44,9124b27,2.13.0+cu130,gonzalo
36,0.4,40,hoyer,normal,fixed30,75,1e-07,0.001,16384,400,4,cuda,torch,400,8,-0.497466,1.2599,0.0126197,9.54161,0.00799077,0.708208,0.00709868,8.12703,0.00666619,400,3.929,3.57,2026-08-01T05:29:44,9124b27,2.13.0+cu130,gonzalo
36,0.4,20,hoyer,normal,fixed30,75,1e-07,0.001,16384,400,4,cuda,torch,400,8,-0.501139,1.92535,0.0192851,9.54161,0.00799077,1.17668,0.0118087,8.12703,0.00666619,190,2.258,3.57,2026-08-01T05:29:44,9124b27,2.13.0+cu130,gonzalo
36,0.8,inf,hoyer,normal,fixed30,75,1e-07,0.001,16384,400,4,cuda,torch,400,8,-0.497528,1.8775,0.0187987,18.878,0.0254174,1.08595,0.0108722,16.0661,0.0243799,400,4.71,3.57,2026-08-01T05:29:44,9124b27,2.13.0+cu130,gonzalo
36,0.8,40,hoyer,normal,fixed30,75,1e-07,0.001,16384,400,4,cuda,torch,400,8,-0.499093,2.15374,0.0216539,18.878,0.0254174,1.17645,0.0118267,16.0661,0.0243799,183,2.166,3.57,2026-08-01T05:29:44,9124b27,2.13.0+cu130,gonzalo
36,0.8,20,hoyer,normal,fixed30,75,1e-07,0.001,16384,400,4,cuda,torch,400,8,-0.501502,3.54633,0.0356713,18.878,0.0254174,2.0139,0.0203856,16.0661,0.0243799,400,3.574,3.57,2026-08-01T05:29:44,9124b27,2.13.0+cu130,gonzalo
37,0.2,inf,hoyer,normal,fixed30,75,1e-07,0.001,16384,400,4,cuda,torch,400,8,-0.495537,0.479244,0.00478142,4.56338,0.00350426,0.232349,0.00232641,3.91621,0.00210109,186,2.201,3.57,2026-08-01T05:29:44,9124b27,2.13.0+cu130,gonzalo
37,0.2,40,hoyer,normal,fixed30,75,1e-07,0.001,16384,400,4,cuda,torch,400,8,-0.495938,0.635164,0.0063596,4.56338,0.00350426,0.336103,0.00337039,3.91621,0.00210109,217,2.775,3.57,2026-08-01T05:29:44,9124b27,2.13.0+cu130,gonzalo
37,0.2,20,hoyer,normal,fixed30,75,1e-07,0.001,16384,400,4,cuda,torch,400,8,-0.500825,0.889261,0.00891512,4.56338,0.00350426,0.578014,0.00579716,3.91621,0.00210109,186,2.204,3.57,2026-08-01T05:29:44,9124b27,2.13.0+cu130,gonzalo
37,0.4,inf,hoyer,normal,fixed30,75,1e-07,0.001,16384,400,4,cuda,torch,400,8,-0.495477,0.972042,0.00966277,9.08809,0.00746009,0.451854,0.00452841,7.81297,0.00509427,204,2.395,3.57,2026-08-01T05:29:44,9124b27,2.13.0+cu130,gonzalo
37,0.4,40,hoyer,normal,fixed30,75,1e-07,0.001,16384,400,4,cuda,torch,400,8,-0.495909,1.08906,0.0108559,9.08809,0.00746009,0.524941,0.00526732,7.81297,0.00509427,160,1.878,3.57,2026-08-01T05:29:44,9124b27,2.13.0+cu130,gonzalo
37,0.4,20,hoyer,normal,fixed30,75,1e-07,0.001,16384,400,4,cuda,torch,400,8,-0.497606,1.47411,0.0147094,9.08809,0.00746009,1.03547,0.0103726,7.81297,0.00509427,400,3.573,3.57,2026-08-01T05:29:44,9124b27,2.13.0+cu130,gonzalo
37,0.8,inf,hoyer,normal,fixed30,75,1e-07,0.001,16384,400,4,cuda,torch,400,8,-0.49501,2.26654,0.0223156,18.0083,0.0188599,1.14285,0.0113826,15.5413,0.0161456,400,4.633,3.57,2026-08-01T05:29:44,9124b27,2.13.0+cu130,gonzalo
37,0.8,40,hoyer,normal,fixed30,75,1e-07,0.001,16384,400,4,cuda,torch,400,8,-0.495973,1.98292,0.0194879,18.0083,0.0188599,0.92842,0.00929878,15.5413,0.0161456,400,3.573,3.57,2026-08-01T05:29:44,9124b27,2.13.0+cu130,gonzalo
37,0.8,20,hoyer,normal,fixed30,75,1e-07,0.001,16384,400,4,cuda,torch,400,8,-0.502262,3.65532,0.0364555,18.0083,0.0188599,2.19784,0.0224318,15.5413,0.0161456,190,2.255,3.57,2026-08-01T05:29:44,9124b27,2.13.0+cu130,gonzalo
38,0.2,inf,hoyer,normal,fixed30,75,1e-07,0.001,16384,400,4,cuda,torch,400,8,-0.496608,0.549125,0.00550444,3.656,0.00387088,0.300501,0.003009,3.02932,0.00307665,203,2.408,3.57,2026-08-01T05:29:44,9124b27,2.13.0+cu130,gonzalo
38,0.2,40,hoyer,normal,fixed30,75,1e-07,0.001,16384,400,4,cuda,torch,400,8,-0.497112,0.668735,0.00669399,3.656,0.00387088,0.395977,0.00396116,3.02932,0.00307665,249,2.941,3.57,2026-08-01T05:29:44,9124b27,2.13.0+cu130,gonzalo
38,0.2,20,hoyer,normal,fixed30,75,1e-07,0.001,16384,400,4,cuda,torch,400,8,-0.502462,2.80884,0.0286466,3.656,0.00387088,2.02965,0.0206884,3.02932,0.00307665,163,1.917,3.57,2026-08-01T05:29:44,9124b27,2.13.0+cu130,gonzalo
38,0.4,inf,hoyer,normal,fixed30,75,1e-07,0.001,16384,400,4,cuda,torch,400,8,-0.497387,1.16979,0.0117172,7.36944,0.00747703,0.682869,0.00683334,6.0864,0.0051858,335,3.06,3.57,2026-08-01T05:29:44,9124b27,2.13.0+cu130,gonzalo
38,0.4,40,hoyer,normal,fixed30,75,1e-07,0.001,16384,400,4,cuda,torch,400,8,-0.498008,1.18221,0.0118553,7.36944,0.00747703,0.667295,0.00668081,6.0864,0.0051858,157,1.856,3.57,2026-08-01T05:29:44,9124b27,2.13.0+cu130,gonzalo
38,0.4,20,hoyer,normal,fixed30,75,1e-07,0.001,16384,400,4,cuda,torch,400,8,-0.498506,2.67036,0.0267687,7.36944,0.00747703,1.74059,0.017505,6.0864,0.0051858,122,1.411,3.57,2026-08-01T05:29:44,9124b27,2.13.0+cu130,gonzalo
38,0.8,inf,hoyer,normal,fixed30,75,1e-07,0.001,16384,400,4,cuda,torch,400,8,-0.49892,2.04039,0.0205417,14.9954,0.0226606,1.10038,0.0110352,12.2935,0.0203505,212,2.51,3.57,2026-08-01T05:29:44,9124b27,2.13.0+cu130,gonzalo
38,0.8,40,hoyer,normal,fixed30,75,1e-07,0.001,16384,400,4,cuda,torch,400,8,-0.499587,2.17706,0.0218924,14.9954,0.0226606,1.19312,0.0119546,12.2935,0.0203505,260,3.072,3.57,2026-08-01T05:29:44,9124b27,2.13.0+cu130,gonzalo
38,0.8,20,hoyer,normal,fixed30,75,1e-07,0.001,16384,400,4,cuda,torch,400,8,-0.504504,3.21889,0.0324623,14.9954,0.0226606,2.14749,0.0216624,12.2935,0.0203505,194,2.285,3.57,2026-08-01T05:29:44,9124b27,2.13.0+cu130,gonzalo
39,0.2,inf,hoyer,normal,fixed30,75,1e-07,0.001,16384,400,4,cuda,torch,400,8,-0.496085,0.57432,0.0057108,4.41665,0.00430162,0.239314,0.00239261,3.70136,0.00328311,220,2.61,3.57,2026-08-01T05:29:44,9124b27,2.13.0+cu130,gonzalo
39,0.2,40,hoyer,normal,fixed30,75,1e-07,0.001,16384,400,4,cuda,torch,400,8,-0.497836,0.76178,0.00757308,4.41665,0.00430162,0.340457,0.00340336,3.70136,0.00328311,165,1.938,3.57,2026-08-01T05:29:44,9124b27,2.13.0+cu130,gonzalo
39,0.2,20,hoyer,normal,fixed30,75,1e-07,0.001,16384,400,4,cuda,torch,400,8,-0.498464,1.43781,0.0142794,4.41665,0.00430162,1.01473,0.0101008,3.70136,0.00328311,239,2.82,3.57,2026-08-01T05:29:44,9124b27,2.13.0+cu130,gonzalo
39,0.4,inf,hoyer,normal,fixed30,75,1e-07,0.001,16384,400,4,cuda,torch,400,8,-0.496557,1.17263,0.0115786,8.78367,0.00929594,0.479053,0.00478558,7.37835,0.00779028,223,2.659,3.57,2026-08-01T05:29:44,9124b27,2.13.0+cu130,gonzalo
39,0.4,40,hoyer,normal,fixed30,75,1e-07,0.001,16384,400,4,cuda,torch,400,8,-0.498287,1.33205,0.0131369,8.78367,0.00929594,0.547452,0.00546466,7.37835,0.00779028,186,2.215,3.57,2026-08-01T05:29:44,9124b27,2.13.0+cu130,gonzalo
39,0.4,20,hoyer,normal,fixed30,75,1e-07,0.001,16384,400,4,cuda,torch,400,8,-0.500842,2.20228,0.0219845,8.78367,0.00929594,1.4497,0.0145992,7.37835,0.00779028,349,3.368,3.57,2026-08-01T05:29:44,9124b27,2.13.0+cu130,gonzalo
39,0.8,inf,hoyer,normal,fixed30,75,1e-07,0.001,16384,400,4,cuda,torch,400,8,-0.497691,2.64532,0.0255543,17.3703,0.0221732,1.04281,0.010359,14.6581,0.0207595,198,2.346,3.57,2026-08-01T05:29:44,9124b27,2.13.0+cu130,gonzalo
39,0.8,40,hoyer,normal,fixed30,75,1e-07,0.001,16384,400,4,cuda,torch,400,8,-0.499443,2.81724,0.0271335,17.3703,0.0221732,1.11525,0.0110559,14.6581,0.0207595,186,2.209,3.57,2026-08-01T05:29:44,9124b27,2.13.0+cu130,gonzalo
39,0.8,20,hoyer,normal,fixed30,75,1e-07,0.001,16384,400,4,cuda,torch,400,8,-0.500942,3.43689,0.0334729,17.3703,0.0221732,1.72691,0.0172575,14.6581,0.0207595,186,2.229,3.57,2026-08-01T05:29:44,9124b27,2.13.0+cu130,gonzalo
40,0.2,inf,hoyer,normal,fixed30,75,1e-07,0.001,16384,400,4,cuda,torch,400,8,-0.495797,0.406702,0.00406297,4.3436,0.00209822,0.216477,0.00216205,3.81288,0.00165616,219,2.619,3.57,2026-08-01T05:29:44,9124b27,2.13.0+cu130,gonzalo
40,0.2,40,hoyer,normal,fixed30,75,1e-07,0.001,16384,400,4,cuda,torch,400,8,-0.496649,0.642972,0.00641431,4.3436,0.00209822,0.406145,0.00405702,3.81288,0.00165616,400,3.762,3.57,2026-08-01T05:29:44,9124b27,2.13.0+cu130,gonzalo
40,0.2,20,hoyer,normal,fixed30,75,1e-07,0.001,16384,400,4,cuda,torch,400,8,-0.503166,2.24905,0.0227803,4.3436,0.00209822,1.83475,0.0186139,3.81288,0.00165616,161,1.917,3.57,2026-08-01T05:29:44,9124b27,2.13.0+cu130,gonzalo
40,0.4,inf,hoyer,normal,fixed30,75,1e-07,0.001,16384,400,4,cuda,torch,400,8,-0.495982,0.820956,0.00819031,8.67211,0.0047098,0.440297,0.00439074,7.62176,0.00389977,204,2.444,3.57,2026-08-01T05:29:44,9124b27,2.13.0+cu130,gonzalo
40,0.4,40,hoyer,normal,fixed30,75,1e-07,0.001,16384,400,4,cuda,torch,400,8,-0.496911,0.741435,0.00741676,8.67211,0.0047098,0.380566,0.00380693,7.62176,0.00389977,209,2.489,3.57,2026-08-01T05:29:44,9124b27,2.13.0+cu130,gonzalo
40,0.4,20,hoyer,normal,fixed30,75,1e-07,0.001,16384,400,4,cuda,torch,400,8,-0.498365,2.64302,0.0268176,8.67211,0.0047098,1.82787,0.0185588,7.62176,0.00389977,179,2.134,3.57,2026-08-01T05:29:44,9124b27,2.13.0+cu130,gonzalo
40,0.8,inf,hoyer,normal,fixed30,75,1e-07,0.001,16384,400,4,cuda,torch,400,8,-0.496504,1.6638,0.0165385,17.2847,0.0123412,0.902498,0.00896688,15.2236,0.0110395,250,2.984,3.57,2026-08-01T05:29:44,9124b27,2.13.0+cu130,gonzalo
40,0.8,40,hoyer,normal,fixed30,75,1e-07,0.001,16384,400,4,cuda,torch,400,8,-0.487824,8.33754,0.081155,17.2847,0.0123412,6.48685,0.0637587,15.2236,0.0110395,400,4.787,3.57,2026-08-01T05:29:44,9124b27,2.13.0+cu130,gonzalo
40,0.8,20,hoyer,normal,fixed30,75,1e-07,0.001,16384,400,4,cuda,torch,400,8,-0.489493,9.36157,0.0904784,17.2847,0.0123412,7.35263,0.0718781,15.2236,0.0110395,400,4.8,3.57,2026-08-01T05:29:44,9124b27,2.13.0+cu130,gonzalo
41,0.2,inf,hoyer,normal,fixed30,75,1e-07,0.001,16384,400,4,cuda,torch,400,8,-0.495911,0.361451,0.0036219,4.45575,0.00261584,0.18346,0.00183543,3.84915,0.00222962,163,1.947,3.57,2026-08-01T05:29:44,9124b27,2.13.0+cu130,gonzalo
41,0.2,40,hoyer,normal,fixed30,75,1e-07,0.001,16384,400,4,cuda,torch,400,8,-0.496693,0.746568,0.00747274,4.45575,0.00261584,0.471134,0.0047132,3.84915,0.00222962,400,3.625,3.57,2026-08-01T05:29:44,9124b27,2.13.0+cu130,gonzalo
41,0.2,20,hoyer,normal,fixed30,75,1e-07,0.001,16384,400,4,cuda,torch,400,8,-0.499088,1.94841,0.0197308,4.45575,0.00261584,1.48432,0.0150026,3.84915,0.00222962,166,1.99,3.57,2026-08-01T05:29:44,9124b27,2.13.0+cu130,gonzalo
41,0.4,inf,hoyer,normal,fixed30,75,1e-07,0.001,16384,400,4,cuda,torch,400,8,-0.496197,0.720331,0.00723176,8.94923,0.00508371,0.367984,0.00368255,7.71337,0.00428663,180,2.158,3.57,2026-08-01T05:29:44,9124b27,2.13.0+cu130,gonzalo
41,0.4,40,hoyer,normal,fixed30,75,1e-07,0.001,16384,400,4,cuda,torch,400,8,-0.497149,0.722311,0.00725055,8.94923,0.00508371,0.433941,0.00434361,7.71337,0.00428663,196,2.334,3.57,2026-08-01T05:29:44,9124b27,2.13.0+cu130,gonzalo
41,0.4,20,hoyer,normal,fixed30,75,1e-07,0.001,16384,400,4,cuda,torch,400,8,-0.500497,2.69988,0.0268828,8.94923,0.00508371,1.69129,0.0169693,7.71337,0.00428663,174,2.068,3.57,2026-08-01T05:29:44,9124b27,2.13.0+cu130,gonzalo
41,0.8,inf,hoyer,normal,fixed30,75,1e-07,0.001,16384,400,4,cuda,torch,400,8,-0.496774,1.58068,0.0159679,18.0516,0.0109207,0.806174,0.00807054,15.488,0.00936781,400,3.624,3.57,2026-08-01T05:29:44,9124b27,2.13.0+cu130,gonzalo
41,0.8,40,hoyer,normal,fixed30,75,1e-07,0.001,16384,400,4,cuda,torch,400,8,-0.498092,1.43754,0.014496,18.0516,0.0109207,0.796313,0.00797012,15.488,0.00936781,194,2.306,3.57,2026-08-01T05:29:44,9124b27,2.13.0+cu130,gonzalo
41,0.8,20,hoyer,normal,fixed30,75,1e-07,0.001,16384,400,4,cuda,torch,400,8,-0.506093,2.4898,0.0252231,18.0516,0.0109207,1.29347,0.0129384,15.488,0.00936781,176,2.094,3.57,2026-08-01T05:29:44,9124b27,2.13.0+cu130,gonzalo
42,0.2,inf,hoyer,normal,fixed30,75,1e-07,0.001,16384,400,4,cuda,torch,400,8,-0.495595,0.40241,0.00401772,4.4968,0.00391422,0.216296,0.00216598,3.9526,0.00322913,209,2.888,3.57,2026-08-01T05:29:44,9124b27,2.13.0+cu130,gonzalo
42,0.2,40,hoyer,normal,fixed30,75,1e-07,0.001,16384,400,4,cuda,torch,400,8,-0.496115,0.456685,0.00455997,4.4968,0.00391422,0.26135,0.00261784,3.9526,0.00322913,170,2.503,3.57,2026-08-01T05:29:44,9124b27,2.13.0+cu130,gonzalo
42,0.2,20,hoyer,normal,fixed30,75,1e-07,0.001,16384,400,4,cuda,torch,400,8,-0.498546,2.1996,0.0219147,4.4968,0.00391422,1.42855,0.0143292,3.9526,0.00322913,167,2.592,3.57,2026-08-01T05:29:44,9124b27,2.13.0+cu130,gonzalo
42,0.4,inf,hoyer,normal,fixed30,75,1e-07,0.001,16384,400,4,cuda,torch,400,8,-0.495564,0.800696,0.00797883,9.02058,0.00801147,0.422618,0.00423726,7.9398,0.00625831,201,3.058,3.57,2026-08-01T05:29:44,9124b27,2.13.0+cu130,gonzalo
42,0.4,40,hoyer,normal,fixed30,75,1e-07,0.001,16384,400,4,cuda,torch,400,8,-0.496076,0.850525,0.0084792,9.02058,0.00801147,0.475826,0.00477412,7.9398,0.00625831,216,2.823,3.57,2026-08-01T05:29:44,9124b27,2.13.0+cu130,gonzalo
42,0.4,20,hoyer,normal,fixed30,75,1e-07,0.001,16384,400,4,cuda,torch,400,8,-0.499371,1.93285,0.0194401,9.02058,0.00801147,1.38171,0.0139417,7.9398,0.00625831,190,2.259,3.57,2026-08-01T05:29:44,9124b27,2.13.0+cu130,gonzalo
42,0.8,inf,hoyer,normal,fixed30,75,1e-07,0.001,16384,400,4,cuda,torch,400,8,-0.495619,1.58554,0.0157197,18.1535,0.0182566,0.80154,0.00805063,16.0246,0.0136784,237,3.32,3.57,2026-08-01T05:29:44,9124b27,2.13.0+cu130,gonzalo
42,0.8,40,hoyer,normal,fixed30,75,1e-07,0.001,16384,400,4,cuda,torch,400,8,-0.496154,1.64223,0.016293,18.1535,0.0182566,0.875296,0.00880129,16.0246,0.0136784,251,2.996,3.57,2026-08-01T05:29:44,9124b27,2.13.0+cu130,gonzalo
42,0.8,20,hoyer,normal,fixed30,75,1e-07,0.001,16384,400,4,cuda,torch,400,8,-0.501936,2.47366,0.0248409,18.1535,0.0182566,1.73208,0.0175348,16.0246,0.0136784,239,2.88,3.57,2026-08-01T05:29:44,9124b27,2.13.0+cu130,gonzalo
43,0.2,inf,hoyer,normal,fixed30,75,1e-07,0.001,16384,400,4,cuda,torch,400,8,-0.496265,0.805724,0.00810788,3.785,0.003126,0.50305,0.00505275,2.91869,0.00254605,235,2.809,3.57,2026-08-01T05:29:44,9124b27,2.13.0+cu130,gonzalo
43,0.2,40,hoyer,normal,fixed30,75,1e-07,0.001,16384,400,4,cuda,torch,400,8,-0.498217,0.975068,0.00983743,3.785,0.003126,0.677022,0.00681177,2.91869,0.00254605,204,2.441,3.57,2026-08-01T05:29:44,9124b27,2.13.0+cu130,gonzalo
43,0.2,20,hoyer,normal,fixed30,75,1e-07,0.001,16384,400,4,cuda,torch,400,8,-0.501285,2.11011,0.0214029,3.785,0.003126,1.59285,0.0161046,2.91869,0.00254605,162,1.932,3.57,2026-08-01T05:29:44,9124b27,2.13.0+cu130,gonzalo
43,0.4,inf,hoyer,normal,fixed30,75,1e-07,0.001,16384,400,4,cuda,torch,400,8,-0.496676,1.55236,0.0157101,7.56247,0.00624932,0.965208,0.00973362,5.82068,0.00426351,209,2.489,3.57,2026-08-01T05:29:44,9124b27,2.13.0+cu130,gonzalo
43,0.4,40,hoyer,normal,fixed30,75,1e-07,0.001,16384,400,4,cuda,torch,400,8,-0.498589,1.72516,0.0174922,7.56247,0.00624932,1.14593,0.0115712,5.82068,0.00426351,400,3.721,3.57,2026-08-01T05:29:44,9124b27,2.13.0+cu130,gonzalo
43,0.4,20,hoyer,normal,fixed30,75,1e-07,0.001,16384,400,4,cuda,torch,400,8,-0.503013,2.37185,0.0243083,7.56247,0.00624932,1.71087,0.017434,5.82068,0.00426351,188,2.238,3.57,2026-08-01T05:29:44,9124b27,2.13.0+cu130,gonzalo
43,0.8,inf,hoyer,normal,fixed30,75,1e-07,0.001,16384,400,4,cuda,torch,400,8,-0.496911,2.91964,0.0298431,15.105,0.0168554,1.79034,0.0181794,11.5793,0.0115866,179,2.129,3.57,2026-08-01T05:29:44,9124b27,2.13.0+cu130,gonzalo
43,0.8,40,hoyer,normal,fixed30,75,1e-07,0.001,16384,400,4,cuda,torch,400,8,-0.498932,3.02327,0.0309501,15.105,0.0168554,1.91982,0.019516,11.5793,0.0115866,161,1.909,3.57,2026-08-01T05:29:44,9124b27,2.13.0+cu130,gonzalo
43,0.8,20,hoyer,normal,fixed30,75,1e-07,0.001,16384,400,4,cuda,torch,400,8,-0.498466,3.56517,0.0361085,15.105,0.0168554,2.31108,0.0233941,11.5793,0.0115866,189,2.251,3.57,2026-08-01T05:29:44,9124b27,2.13.0+cu130,gonzalo
44,0.2,inf,hoyer,normal,fixed30,75,1e-07,0.001,16384,400,4,cuda,torch,400,8,-0.495854,0.216538,0.00216552,4.50777,0.00132028,0.115947,0.00115946,3.37794,0.000813472,179,2.133,3.57,2026-08-01T05:29:44,9124b27,2.13.0+cu130,gonzalo
44,0.2,40,hoyer,normal,fixed30,75,1e-07,0.001,16384,400,4,cuda,torch,400,8,-0.496108,0.295178,0.00295166,4.50777,0.00132028,0.173564,0.00173522,3.37794,0.000813472,177,2.109,3.57,2026-08-01T05:29:44,9124b27,2.13.0+cu130,gonzalo
44,0.2,20,hoyer,normal,fixed30,75,1e-07,0.001,16384,400,4,cuda,torch,400,8,-0.499629,1.81981,0.0182146,4.50777,0.00132028,1.11551,0.0112015,3.37794,0.000813472,173,2.06,3.57,2026-08-01T05:29:44,9124b27,2.13.0+cu130,gonzalo
44,0.4,inf,hoyer,normal,fixed30,75,1e-07,0.001,16384,400,4,cuda,torch,400,8,-0.496139,0.42666,0.00426554,8.95706,0.00298618,0.226814,0.00226735,6.73641,0.00193499,171,2.065,3.57,2026-08-01T05:29:44,9124b27,2.13.0+cu130,gonzalo
44,0.4,40,hoyer,normal,fixed30,75,1e-07,0.001,16384,400,4,cuda,torch,400,8,-0.496523,0.437261,0.00437071,8.95706,0.00298618,0.249832,0.00249728,6.73641,0.00193499,204,2.465,3.57,2026-08-01T05:29:44,9124b27,2.13.0+cu130,gonzalo
44,0.4,20,hoyer,normal,fixed30,75,1e-07,0.001,16384,400,4,cuda,torch,400,8,-0.497785,2.14401,0.0216361,8.95706,0.00298618,1.57247,0.0158819,6.73641,0.00193499,180,2.099,3.57,2026-08-01T05:29:44,9124b27,2.13.0+cu130,gonzalo
44,0.8,inf,hoyer,normal,fixed30,75,1e-07,0.001,16384,400,4,cuda,torch,400,8,-0.49693,0.91085,0.00905685,17.6807,0.00903249,0.461611,0.00460055,13.3939,0.00741987,400,3.698,3.57,2026-08-01T05:29:44,9124b27,2.13.0+cu130,gonzalo
44,0.8,40,hoyer,normal,fixed30,75,1e-07,0.001,16384,400,4,cuda,torch,400,8,-0.497739,0.792337,0.00791049,17.6807,0.00903249,0.436224,0.00435699,13.3939,0.00741987,204,2.397,3.57,2026-08-01T05:29:44,9124b27,2.13.0+cu130,gonzalo
44,0.8,20,hoyer,normal,fixed30,75,1e-07,0.001,16384,400,4,cuda,torch,400,8,-0.504848,2.06543,0.020846,17.6807,0.00903249,1.43893,0.0144961,13.3939,0.00741987,203,2.401,3.57,2026-08-01T05:29:44,9124b27,2.13.0+cu130,gonzalo
45,0.2,inf,hoyer,normal,fixed30,75,1e-07,0.001,16384,400,4,cuda,torch,400,8,-0.497853,1.1437,0.0115332,4.04669,0.0063691,0.671092,0.00673922,2.64661,0.00459715,149,1.771,3.57,2026-08-01T05:29:44,9124b27,2.13.0+cu130,gonzalo
45,0.2,40,hoyer,normal,fixed30,75,1e-07,0.001,16384,400,4,cuda,torch,400,8,-0.498918,1.2429,0.0125482,4.04669,0.0063691,0.736388,0.00739784,2.64661,0.00459715,111,1.291,3.57,2026-08-01T05:29:44,9124b27,2.13.0+cu130,gonzalo
45,0.2,20,hoyer,normal,fixed30,75,1e-07,0.001,16384,400,4,cuda,torch,400,8,-0.504089,1.43449,0.0144815,4.04669,0.0063691,0.931535,0.00937352,2.64661,0.00459715,159,1.901,3.57,2026-08-01T05:29:44,9124b27,2.13.0+cu130,gonzalo
45,0.4,inf,hoyer,normal,fixed30,75,1e-07,0.001,16384,400,4,cuda,torch,400,8,-0.499457,2.01026,0.0203824,8.24789,0.0168787,1.16033,0.0116847,5.37812,0.0148678,165,1.939,3.57,2026-08-01T05:29:44,9124b27,2.13.0+cu130,gonzalo
45,0.4,40,hoyer,normal,fixed30,75,1e-07,0.001,16384,400,4,cuda,torch,400,8,-0.500487,2.04547,0.0207529,8.24789,0.0168787,1.20295,0.0121141,5.37812,0.0148678,378,3.569,3.57,2026-08-01T05:29:44,9124b27,2.13.0+cu130,gonzalo
45,0.4,20,hoyer,normal,fixed30,75,1e-07,0.001,16384,400,4,cuda,torch,400,8,-0.505366,2.2356,0.0227019,8.24789,0.0168787,1.37223,0.0138469,5.37812,0.0148678,131,1.526,3.57,2026-08-01T05:29:44,9124b27,2.13.0+cu130,gonzalo
45,0.8,inf,hoyer,normal,fixed30,75,1e-07,0.001,16384,400,4,cuda,torch,400,8,-0.500736,3.43127,0.0350687,17.147,0.0882447,1.91522,0.019362,11.1144,0.0981605,237,2.828,3.57,2026-08-01T05:29:44,9124b27,2.13.0+cu130,gonzalo
45,0.8,40,hoyer,normal,fixed30,75,1e-07,0.001,16384,400,4,cuda,torch,400,8,-0.501741,3.55542,0.03636,17.147,0.0882447,2.00444,0.0202776,11.1144,0.0981605,170,2.144,3.57,2026-08-01T05:29:44,9124b27,2.13.0+cu130,gonzalo
45,0.8,20,hoyer,normal,fixed30,75,1e-07,0.001,16384,400,4,cuda,torch,400,8,-0.506351,3.69405,0.0378078,17.147,0.0882447,2.14473,0.0217265,11.1144,0.0981605,229,2.786,3.57,2026-08-01T05:29:44,9124b27,2.13.0+cu130,gonzalo
46,0.2,inf,hoyer,normal,fixed30,75,1e-07,0.001,16384,400,4,cuda,torch,400,8,-0.495916,0.289541,0.0029036,4.3072,0.00275237,0.14998,0.00150134,3.68074,0.00243744,176,2.137,3.57,2026-08-01T05:29:44,9124b27,2.13.0+cu130,gonzalo
46,0.2,40,hoyer,normal,fixed30,75,1e-07,0.001,16384,400,4,cuda,torch,400,8,-0.496756,0.486361,0.00486732,4.3072,0.00275237,0.293645,0.00293667,3.68074,0.00243744,160,1.911,3.57,2026-08-01T05:29:44,9124b27,2.13.0+cu130,gonzalo
46,0.2,20,hoyer,normal,fixed30,75,1e-07,0.001,16384,400,4,cuda,torch,400,8,-0.500706,1.16697,0.0117026,4.3072,0.00275237,0.889915,0.00893291,3.68074,0.00243744,185,2.19,3.57,2026-08-01T05:29:44,9124b27,2.13.0+cu130,gonzalo
46,0.4,inf,hoyer,normal,fixed30,75,1e-07,0.001,16384,400,4,cuda,torch,400,8,-0.496247,0.556082,0.00558908,8.61703,0.00623034,0.291066,0.00291573,7.38038,0.00589358,183,2.171,3.57,2026-08-01T05:29:44,9124b27,2.13.0+cu130,gonzalo
46,0.4,40,hoyer,normal,fixed30,75,1e-07,0.001,16384,400,4,cuda,torch,400,8,-0.497125,0.620194,0.00622261,8.61703,0.00623034,0.345221,0.00345545,7.38038,0.00589358,201,2.42,3.57,2026-08-01T05:29:44,9124b27,2.13.0+cu130,gonzalo
46,0.4,20,hoyer,normal,fixed30,75,1e-07,0.001,16384,400,4,cuda,torch,400,8,-0.501049,1.23019,0.0123197,8.61703,0.00623034,0.930036,0.00933028,7.38038,0.00589358,201,2.399,3.57,2026-08-01T05:29:44,9124b27,2.13.0+cu130,gonzalo
46,0.8,inf,hoyer,normal,fixed30,75,1e-07,0.001,16384,400,4,cuda,torch,400,8,-0.497174,1.05511,0.0106397,17.2483,0.0149582,0.565452,0.00566889,14.8374,0.014944,191,2.34,3.57,2026-08-01T05:29:44,9124b27,2.13.0+cu130,gonzalo
46,0.8,40,hoyer,normal,fixed30,75,1e-07,0.001,16384,400,4,cuda,torch,400,8,-0.498088,1.26285,0.0126582,17.2483,0.0149582,0.772453,0.0077085,14.8374,0.014944,400,3.776,3.57,2026-08-01T05:29:44,9124b27,2.13.0+cu130,gonzalo
46,0.8,20,hoyer,normal,fixed30,75,1e-07,0.001,16384,400,4,cuda,torch,400,8,-0.499628,1.4168,0.0142456,17.2483,0.0149582,1.08068,0.0108829,14.8374,0.014944,189,2.283,3.57,2026-08-01T05:29:44,9124b27,2.13.0+cu130,gonzalo
47,0.2,inf,hoyer,normal,fixed30,75,1e-07,0.001,16384,400,4,cuda,torch,400,8,-0.495737,0.401024,0.00400185,4.72858,0.00197282,0.284046,0.00283603,4.12257,0.00177876,400,3.757,3.57,2026-08-01T05:29:44,9124b27,2.13.0+cu130,gonzalo
47,0.2,40,hoyer,normal,fixed30,75,1e-07,0.001,16384,400,4,cuda,torch,400,8,-0.497268,0.317133,0.00317958,4.72858,0.00197282,0.193936,0.00194177,4.12257,0.00177876,178,2.115,3.57,2026-08-01T05:29:44,9124b27,2.13.0+cu130,gonzalo
47,0.2,20,hoyer,normal,fixed30,75,1e-07,0.001,16384,400,4,cuda,torch,400,8,-0.498136,1.28019,0.0127741,4.72858,0.00197282,0.908164,0.00908336,4.12257,0.00177876,400,3.745,3.57,2026-08-01T05:29:44,9124b27,2.13.0+cu130,gonzalo
47,0.4,inf,hoyer,normal,fixed30,75,1e-07,0.001,16384,400,4,cuda,torch,400,8,-0.496012,0.429938,0.00431147,9.44689,0.00431821,0.220646,0.00220792,8.26273,0.00405887,187,2.294,3.57,2026-08-01T05:29:44,9124b27,2.13.0+cu130,gonzalo
47,0.4,40,hoyer,normal,fixed30,75,1e-07,0.001,16384,400,4,cuda,torch,400,8,-0.497484,0.478297,0.00480431,9.44689,0.00431821,0.273388,0.00273877,8.26273,0.00405887,180,2.155,3.57,2026-08-01T05:29:44,9124b27,2.13.0+cu130,gonzalo
47,0.4,20,hoyer,normal,fixed30,75,1e-07,0.001,16384,400,4,cuda,torch,400,8,-0.498497,1.3178,0.0131417,9.44689,0.00431821,0.934177,0.0093354,8.26273,0.00405887,400,3.795,3.57,2026-08-01T05:29:44,9124b27,2.13.0+cu130,gonzalo
47,0.8,inf,hoyer,normal,fixed30,75,1e-07,0.001,16384,400,4,cuda,torch,400,8,-0.49683,0.859046,0.00862708,18.8436,0.0104026,0.445332,0.00445512,16.5911,0.0102983,183,2.241,3.57,2026-08-01T05:29:44,9124b27,2.13.0+cu130,gonzalo
47,0.8,40,hoyer,normal,fixed30,75,1e-07,0.001,16384,400,4,cuda,torch,400,8,-0.498332,0.854317,0.00859944,18.8436,0.0104026,0.467101,0.00468082,16.5911,0.0102983,183,2.164,3.57,2026-08-01T05:29:44,9124b27,2.13.0+cu130,gonzalo
47,0.8,20,hoyer,normal,fixed30,75,1e-07,0.001,16384,400,4,cuda,torch,400,8,-0.508124,1.58225,0.0159031,18.8436,0.0104026,1.14994,0.0115798,16.5911,0.0102983,167,1.956,3.57,2026-08-01T05:29:44,9124b27,2.13.0+cu130,gonzalo
48,0.2,inf,hoyer,normal,fixed30,75,1e-07,0.001,16384,400,4,cuda,torch,400,8,-0.495527,0.302432,0.0030177,4.07237,0.00147086,0.164998,0.00164802,3.16706,0.000992605,177,2.065,3.57,2026-08-01T05:29:44,9124b27,2.13.0+cu130,gonzalo
48,0.2,40,hoyer,normal,fixed30,75,1e-07,0.001,16384,400,4,cuda,torch,400,8,-0.497119,0.308026,0.00307316,4.07237,0.00147086,0.185009,0.00184887,3.16706,0.000992605,216,2.695,3.57,2026-08-01T05:29:44,9124b27,2.13.0+cu130,gonzalo
48,0.2,20,hoyer,normal,fixed30,75,1e-07,0.001,16384,400,4,cuda,torch,400,8,-0.501383,2.02465,0.0202295,4.07237,0.00147086,1.22911,0.0123275,3.16706,0.000992605,180,2.285,3.57,2026-08-01T05:29:44,9124b27,2.13.0+cu130,gonzalo
48,0.4,inf,hoyer,normal,fixed30,75,1e-07,0.001,16384,400,4,cuda,torch,400,8,-0.495311,1.25608,0.0124675,8.13322,0.00355238,0.746357,0.0074363,6.32722,0.00272656,400,4.052,3.57,2026-08-01T05:29:44,9124b27,2.13.0+cu130,gonzalo
48,0.4,40,hoyer,normal,fixed30,75,1e-07,0.001,16384,400,4,cuda,torch,400,8,-0.497061,0.570929,0.00567782,8.13322,0.00355238,0.314673,0.00313901,6.32722,0.00272656,204,2.825,3.57,2026-08-01T05:29:44,9124b27,2.13.0+cu130,gonzalo
48,0.4,20,hoyer,normal,fixed30,75,1e-07,0.001,16384,400,4,cuda,torch,400,8,-0.505833,2.2798,0.023142,8.13322,0.00355238,1.61866,0.0164617,6.32722,0.00272656,197,2.611,3.57,2026-08-01T05:29:44,9124b27,2.13.0+cu130,gonzalo
48,0.8,inf,hoyer,normal,fixed30,75,1e-07,0.001,16384,400,4,cuda,torch,400,8,-0.495546,1.27311,0.0125987,16.2274,0.0111524,0.6961,0.00692293,12.6273,0.00987981,196,2.334,3.57,2026-08-01T05:29:44,9124b27,2.13.0+cu130,gonzalo
48,0.8,40,hoyer,normal,fixed30,75,1e-07,0.001,16384,400,4,cuda,torch,400,8,-0.496986,1.65997,0.0163992,16.2274,0.0111524,0.906492,0.00901719,12.6273,0.00987981,400,3.88,3.57,2026-08-01T05:29:44,9124b27,2.13.0+cu130,gonzalo
48,0.8,20,hoyer,normal,fixed30,75,1e-07,0.001,16384,400,4,cuda,torch,400,8,-0.496793,2.51223,0.0251834,16.2274,0.0111524,1.69392,0.0170428,12.6273,0.00987981,183,2.435,3.57,2026-08-01T05:29:44,9124b27,2.13.0+cu130,gonzalo
49,0.2,inf,hoyer,normal,fixed30,75,1e-07,0.001,16384,400,4,cuda,torch,400,8,-0.496703,0.800558,0.00808036,3.88045,0.00343063,0.487575,0.00490199,2.94913,0.0026433,198,2.536,3.57,2026-08-01T05:29:44,9124b27,2.13.0+cu130,gonzalo
49,0.2,40,hoyer,normal,fixed30,75,1e-07,0.001,16384,400,4,cuda,torch,400,8,-0.497377,0.919723,0.00929717,3.88045,0.00343063,0.591643,0.00595816,2.94913,0.0026433,242,3.181,3.57,2026-08-01T05:29:44,9124b27,2.13.0+cu130,gonzalo
49,0.2,20,hoyer,normal,fixed30,75,1e-07,0.001,16384,400,4,cuda,torch,400,8,-0.501375,2.09176,0.0210661,3.88045,0.00343063,1.34476,0.013585,2.94913,0.0026433,187,2.215,3.57,2026-08-01T05:29:44,9124b27,2.13.0+cu130,gonzalo
49,0.4,inf,hoyer,normal,fixed30,75,1e-07,0.001,16384,400,4,cuda,torch,400,8,-0.49761,1.45636,0.0148079,7.95542,0.0063492,0.881178,0.00889677,6.01722,0.00406846,146,1.91,3.57,2026-08-01T05:29:44,9124b27,2.13.0+cu130,gonzalo
49,0.4,40,hoyer,normal,fixed30,75,1e-07,0.001,16384,400,4,cuda,torch,400,8,-0.498298,1.53492,0.0156223,7.95542,0.0063492,0.957187,0.0096775,6.01722,0.00406846,199,2.416,3.57,2026-08-01T05:29:44,9124b27,2.13.0+cu130,gonzalo
49,0.4,20,hoyer,normal,fixed30,75,1e-07,0.001,16384,400,4,cuda,torch,400,8,-0.499971,1.90122,0.0190452,7.95542,0.0063492,1.05025,0.0105401,6.01722,0.00406846,175,2.075,3.57,2026-08-01T05:29:44,9124b27,2.13.0+cu130,gonzalo
49,0.8,inf,hoyer,normal,fixed30,75,1e-07,0.001,16384,400,4,cuda,torch,400,8,-0.498986,2.49831,0.0256734,16.736,0.0223604,1.48475,0.015081,12.5314,0.0212916,207,2.466,3.57,2026-08-01T05:29:44,9124b27,2.13.0+cu130,gonzalo
49,0.8,40,hoyer,normal,fixed30,75,1e-07,0.001,16384,400,4,cuda,torch,400,8,-0.499708,2.56624,0.0263891,16.736,0.0223604,1.55452,0.0158076,12.5314,0.0212916,180,2.134,3.57,2026-08-01T05:29:44,9124b27,2.13.0+cu130,gonzalo
49,0.8,20,hoyer,normal,fixed30,75,1e-07,0.001,16384,400,4,cuda,torch,400,8,-0.503251,3.24083,0.0335271,16.736,0.0223604,2.29994,0.0235517,12.5314,0.0212916,173,2.063,3.57,2026-08-01T05:29:44,9124b27,2.13.0+cu130,gonzalo
50,0.2,inf,hoyer,normal,fixed30,75,1e-07,0.001,16384,400,4,cuda,torch,400,8,-0.494453,1.98443,0.0195003,4.0376,0.00252961,1.14363,0.0114189,3.21733,0.00224777,400,4.677,3.57,2026-08-01T05:29:44,9124b27,2.13.0+cu130,gonzalo
50,0.2,40,hoyer,normal,fixed30,75,1e-07,0.001,16384,400,4,cuda,torch,400,8,-0.495631,0.611199,0.00609405,4.0376,0.00252961,0.375139,0.00374699,3.21733,0.00224777,185,2.545,3.57,2026-08-01T05:29:44,9124b27,2.13.0+cu130,gonzalo
50,0.2,20,hoyer,normal,fixed30,75,1e-07,0.001,16384,400,4,cuda,torch,400,8,-0.499128,2.23149,0.0221576,4.0376,0.00252961,1.39652,0.0139731,3.21733,0.00224777,212,2.865,3.57,2026-08-01T05:29:44,9124b27,2.13.0+cu130,gonzalo
50,0.4,inf,hoyer,normal,fixed30,75,1e-07,0.001,16384,400,4,cuda,torch,400,8,-0.494371,1.21826,0.0120953,8.05919,0.00581902,0.724349,0.00721656,6.42421,0.0056145,124,1.525,3.57,2026-08-01T05:29:44,9124b27,2.13.0+cu130,gonzalo
50,0.4,40,hoyer,normal,fixed30,75,1e-07,0.001,16384,400,4,cuda,torch,400,8,-0.495065,1.16551,0.0115811,8.05919,0.00581902,0.692631,0.00690667,6.42421,0.0056145,210,2.829,3.57,2026-08-01T05:29:44,9124b27,2.13.0+cu130,gonzalo
50,0.4,20,hoyer,normal,fixed30,75,1e-07,0.001,16384,400,4,cuda,torch,400,8,-0.498786,2.49007,0.0247306,8.05919,0.00581902,1.52902,0.0152938,6.42421,0.0056145,163,2.141,3.57,2026-08-01T05:29:44,9124b27,2.13.0+cu130,gonzalo
50,0.8,inf,hoyer,normal,fixed30,75,1e-07,0.001,16384,400,4,cuda,torch,400,8,-0.493235,2.40716,0.0236863,16.0593,0.0150088,1.42128,0.0140939,12.8079,0.0155459,202,2.667,3.57,2026-08-01T05:29:44,9124b27,2.13.0+cu130,gonzalo
50,0.8,40,hoyer,normal,fixed30,75,1e-07,0.001,16384,400,4,cuda,torch,400,8,-0.494126,2.49522,0.024569,16.0593,0.0150088,1.47092,0.0145996,12.8079,0.0155459,178,2.395,3.57,2026-08-01T05:29:44,9124b27,2.13.0+cu130,gonzalo
50,0.8,20,hoyer,normal,fixed30,75,1e-07,0.001,16384,400,4,cuda,torch,400,8,-0.501377,2.67026,0.0264212,16.0593,0.0150088,1.58616,0.0157993,12.8079,0.0155459,191,2.476,3.57,2026-08-01T05:29:44,9124b27,2.13.0+cu130,gonzalo
1,0.2,inf,hoyer,normal,fixed30,75,1e-07,0.001,16384,20,4,cuda,torch,400,8,-0.490341,1.4218,0.014277,3.9497,0.00479213,0.958833,0.00961499,2.80681,0.00448657,20,0.301,2.363,2026-08-01T11:10:28,9124b27,2.13.0+cu130,gonzalo
1,0.2,40,hoyer,normal,fixed30,75,1e-07,0.001,16384,20,4,cuda,torch,400,8,-0.491169,1.43405,0.0144034,3.9497,0.00479213,0.973321,0.00976205,2.80681,0.00448657,20,0.267,2.363,2026-08-01T11:10:28,9124b27,2.13.0+cu130,gonzalo
1,0.2,20,hoyer,normal,fixed30,75,1e-07,0.001,16384,20,4,cuda,torch,400,8,-0.494833,1.66997,0.0167649,3.9497,0.00479213,1.20175,0.0120588,2.80681,0.00448657,20,0.324,2.363,2026-08-01T11:10:28,9124b27,2.13.0+cu130,gonzalo
1,0.4,inf,hoyer,normal,fixed30,75,1e-07,0.001,16384,20,4,cuda,torch,400,8,-0.490862,2.85448,0.0287736,8.01912,0.0083344,1.92409,0.019345,5.66111,0.00736837,20,0.26,2.363,2026-08-01T11:10:28,9124b27,2.13.0+cu130,gonzalo
1,0.4,40,hoyer,normal,fixed30,75,1e-07,0.001,16384,20,4,cuda,torch,400,8,-0.491649,2.86377,0.0288687,8.01912,0.0083344,1.93782,0.0194848,5.66111,0.00736837,20,0.293,2.363,2026-08-01T11:10:28,9124b27,2.13.0+cu130,gonzalo
1,0.4,20,hoyer,normal,fixed30,75,1e-07,0.001,16384,20,4,cuda,torch,400,8,-0.494749,2.96166,0.029838,8.01912,0.0083344,2.06019,0.0207209,5.66111,0.00736837,20,0.342,2.363,2026-08-01T11:10:28,9124b27,2.13.0+cu130,gonzalo
1,0.8,inf,hoyer,normal,fixed30,75,1e-07,0.001,16384,20,4,cuda,torch,400,8,-0.491288,5.68691,0.0577892,16.5439,0.014373,3.78964,0.0382842,11.5177,0.0107413,20,0.266,2.363,2026-08-01T11:10:28,9124b27,2.13.0+cu130,gonzalo
1,0.8,40,hoyer,normal,fixed30,75,1e-07,0.001,16384,20,4,cuda,torch,400,8,-0.492032,5.68595,0.0577758,16.5439,0.014373,3.79715,0.0383667,11.5177,0.0107413,20,0.291,2.363,2026-08-01T11:10:28,9124b27,2.13.0+cu130,gonzalo
1,0.8,20,hoyer,normal,fixed30,75,1e-07,0.001,16384,20,4,cuda,torch,400,8,-0.49521,5.75673,0.0584829,16.5439,0.014373,3.92126,0.0396591,11.5177,0.0107413,20,0.274,2.363,2026-08-01T11:10:28,9124b27,2.13.0+cu130,gonzalo
2,0.2,inf,hoyer,normal,fixed30,75,1e-07,0.001,16384,20,4,cuda,torch,400,8,-0.48837,1.45864,0.0144406,3.87511,0.00273464,0.91572,0.00910109,3.28263,0.00185466,20,0.276,2.363,2026-08-01T11:10:28,9124b27,2.13.0+cu130,gonzalo
2,0.2,40,hoyer,normal,fixed30,75,1e-07,0.001,16384,20,4,cuda,torch,400,8,-0.489026,1.49745,0.0148093,3.87511,0.00273464,0.874553,0.0086968,3.28263,0.00185466,20,0.288,2.363,2026-08-01T11:10:28,9124b27,2.13.0+cu130,gonzalo
2,0.2,20,hoyer,normal,fixed30,75,1e-07,0.001,16384,20,4,cuda,torch,400,8,-0.494415,1.67969,0.0166526,3.87511,0.00273464,1.33389,0.0132338,3.28263,0.00185466,20,0.242,2.363,2026-08-01T11:10:28,9124b27,2.13.0+cu130,gonzalo
2,0.4,inf,hoyer,normal,fixed30,75,1e-07,0.001,16384,20,4,cuda,torch,400,8,-0.486911,2.96374,0.029031,7.6336,0.00623601,1.80368,0.0178269,6.49394,0.00474227,20,0.255,2.363,2026-08-01T11:10:28,9124b27,2.13.0+cu130,gonzalo
2,0.4,40,hoyer,normal,fixed30,75,1e-07,0.001,16384,20,4,cuda,torch,400,8,-0.48764,3.00043,0.0293598,7.6336,0.00623601,1.76302,0.017434,6.49394,0.00474227,20,0.324,2.363,2026-08-01T11:10:28,9124b27,2.13.0+cu130,gonzalo
2,0.4,20,hoyer,normal,fixed30,75,1e-07,0.001,16384,20,4,cuda,torch,400,8,-0.49374,2.99354,0.0294018,7.6336,0.00623601,2.02922,0.0200268,6.49394,0.00474227,20,0.293,2.363,2026-08-01T11:10:28,9124b27,2.13.0+cu130,gonzalo
2,0.8,inf,hoyer,normal,fixed30,75,1e-07,0.001,16384,20,4,cuda,torch,400,8,-0.483795,6.03371,0.057918,14.8258,0.0188542,3.56257,0.0348965,12.7108,0.0174539,20,0.249,2.363,2026-08-01T11:10:28,9124b27,2.13.0+cu130,gonzalo
2,0.8,40,hoyer,normal,fixed30,75,1e-07,0.001,16384,20,4,cuda,torch,400,8,-0.484677,6.04581,0.0579897,14.8258,0.0188542,3.53706,0.034644,12.7108,0.0174539,20,0.248,2.363,2026-08-01T11:10:28,9124b27,2.13.0+cu130,gonzalo
2,0.8,20,hoyer,normal,fixed30,75,1e-07,0.001,16384,20,4,cuda,torch,400,8,-0.486084,6.18938,0.0597712,14.8258,0.0188542,3.68061,0.0363553,12.7108,0.0174539,20,0.333,2.363,2026-08-01T11:10:28,9124b27,2.13.0+cu130,gonzalo
3,0.2,inf,hoyer,normal,fixed30,75,1e-07,0.001,16384,20,4,cuda,torch,400,8,-0.489291,0.874942,0.00876439,3.96223,0.001591,0.589255,0.00589937,2.92538,0.00121479,20,0.252,2.363,2026-08-01T11:10:28,9124b27,2.13.0+cu130,gonzalo
3,0.2,40,hoyer,normal,fixed30,75,1e-07,0.001,16384,20,4,cuda,torch,400,8,-0.489412,0.876798,0.00878285,3.96223,0.001591,0.598262,0.00598949,2.92538,0.00121479,20,0.251,2.363,2026-08-01T11:10:28,9124b27,2.13.0+cu130,gonzalo
3,0.2,20,hoyer,normal,fixed30,75,1e-07,0.001,16384,20,4,cuda,torch,400,8,-0.493306,1.3575,0.0136183,3.96223,0.001591,0.923677,0.00926145,2.92538,0.00121479,20,0.254,2.363,2026-08-01T11:10:28,9124b27,2.13.0+cu130,gonzalo
3,0.4,inf,hoyer,normal,fixed30,75,1e-07,0.001,16384,20,4,cuda,torch,400,8,-0.48893,1.77129,0.0177761,8.00337,0.00308768,1.17472,0.0117749,5.87492,0.00213631,20,0.31,2.363,2026-08-01T11:10:28,9124b27,2.13.0+cu130,gonzalo
3,0.4,40,hoyer,normal,fixed30,75,1e-07,0.001,16384,20,4,cuda,torch,400,8,-0.489049,1.76366,0.0177013,8.00337,0.00308768,1.17725,0.0117999,5.87492,0.00213631,20,0.264,2.363,2026-08-01T11:10:28,9124b27,2.13.0+cu130,gonzalo
3,0.4,20,hoyer,normal,fixed30,75,1e-07,0.001,16384,20,4,cuda,torch,400,8,-0.492909,2.17785,0.0217861,8.00337,0.00308768,1.42723,0.0142817,5.87492,0.00213631,20,0.262,2.363,2026-08-01T11:10:28,9124b27,2.13.0+cu130,gonzalo
3,0.8,inf,hoyer,normal,fixed30,75,1e-07,0.001,16384,20,4,cuda,torch,400,8,-0.488236,3.54114,0.0357192,16.3393,0.00715361,2.33543,0.0234462,11.8498,0.00503285,20,0.261,2.363,2026-08-01T11:10:28,9124b27,2.13.0+cu130,gonzalo
3,0.8,40,hoyer,normal,fixed30,75,1e-07,0.001,16384,20,4,cuda,torch,400,8,-0.48837,3.53875,0.0356884,16.3393,0.00715361,2.34516,0.0235352,11.8498,0.00503285,20,0.314,2.363,2026-08-01T11:10:28,9124b27,2.13.0+cu130,gonzalo
3,0.8,20,hoyer,normal,fixed30,75,1e-07,0.001,16384,20,4,cuda,torch,400,8,-0.490849,3.78363,0.0381837,16.3393,0.00715361,2.41245,0.0242734,11.8498,0.00503285,20,0.248,2.363,2026-08-01T11:10:28,9124b27,2.13.0+cu130,gonzalo
4,0.2,inf,hoyer,normal,fixed30,75,1e-07,0.001,16384,20,4,cuda,torch,400,8,-0.48981,0.770729,0.00770907,4.78204,0.00301097,0.556234,0.00556459,3.64935,0.00229466,20,0.241,2.363,2026-08-01T11:10:28,9124b27,2.13.0+cu130,gonzalo
4,0.2,40,hoyer,normal,fixed30,75,1e-07,0.001,16384,20,4,cuda,torch,400,8,-0.490896,0.815374,0.00814789,4.78204,0.00301097,0.57598,0.00575604,3.64935,0.00229466,20,0.341,2.363,2026-08-01T11:10:28,9124b27,2.13.0+cu130,gonzalo
4,0.2,20,hoyer,normal,fixed30,75,1e-07,0.001,16384,20,4,cuda,torch,400,8,-0.495698,0.849667,0.00849603,4.78204,0.00301097,0.645802,0.00646533,3.64935,0.00229466,20,0.269,2.363,2026-08-01T11:10:28,9124b27,2.13.0+cu130,gonzalo
4,0.4,inf,hoyer,normal,fixed30,75,1e-07,0.001,16384,20,4,cuda,torch,400,8,-0.490103,1.45439,0.0145405,9.53594,0.00774396,1.00061,0.0100175,7.282,0.00671299,20,0.256,2.363,2026-08-01T11:10:28,9124b27,2.13.0+cu130,gonzalo
4,0.4,40,hoyer,normal,fixed30,75,1e-07,0.001,16384,20,4,cuda,torch,400,8,-0.491326,1.47273,0.0147193,9.53594,0.00774396,0.997386,0.00997837,7.282,0.00671299,20,0.282,2.363,2026-08-01T11:10:28,9124b27,2.13.0+cu130,gonzalo
4,0.4,20,hoyer,normal,fixed30,75,1e-07,0.001,16384,20,4,cuda,torch,400,8,-0.496021,1.54009,0.0154591,9.53594,0.00774396,1.20218,0.0120722,7.282,0.00671299,20,0.277,2.363,2026-08-01T11:10:28,9124b27,2.13.0+cu130,gonzalo
4,0.8,inf,hoyer,normal,fixed30,75,1e-07,0.001,16384,20,4,cuda,torch,400,8,-0.490386,3.8017,0.0372605,18.9441,0.0310387,2.46117,0.0242819,14.4923,0.0302869,20,0.255,2.363,2026-08-01T11:10:28,9124b27,2.13.0+cu130,gonzalo
4,0.8,40,hoyer,normal,fixed30,75,1e-07,0.001,16384,20,4,cuda,torch,400,8,-0.492372,3.05064,0.030311,18.9441,0.0310387,1.96018,0.0195616,14.4923,0.0302869,20,0.241,2.363,2026-08-01T11:10:28,9124b27,2.13.0+cu130,gonzalo
4,0.8,20,hoyer,normal,fixed30,75,1e-07,0.001,16384,20,4,cuda,torch,400,8,-0.49604,2.91257,0.0290351,18.9441,0.0310387,1.98648,0.0198974,14.4923,0.0302869,20,0.325,2.363,2026-08-01T11:10:28,9124b27,2.13.0+cu130,gonzalo
5,0.2,inf,hoyer,normal,fixed30,75,1e-07,0.001,16384,20,4,cuda,torch,400,8,-0.489168,2.00018,0.0197917,3.59851,0.0129451,1.44376,0.0143005,2.63017,0.0134565,20,0.244,2.363,2026-08-01T11:10:28,9124b27,2.13.0+cu130,gonzalo
5,0.2,40,hoyer,normal,fixed30,75,1e-07,0.001,16384,20,4,cuda,torch,400,8,-0.489598,1.99472,0.0197404,3.59851,0.0129451,1.44068,0.0142744,2.63017,0.0134565,20,0.305,2.363,2026-08-01T11:10:28,9124b27,2.13.0+cu130,gonzalo
5,0.2,20,hoyer,normal,fixed30,75,1e-07,0.001,16384,20,4,cuda,torch,400,8,-0.49363,2.15614,0.0212828,3.59851,0.0129451,1.52196,0.0150317,2.63017,0.0134565,20,0.306,2.363,2026-08-01T11:10:28,9124b27,2.13.0+cu130,gonzalo
5,0.4,inf,hoyer,normal,fixed30,75,1e-07,0.001,16384,20,4,cuda,torch,400,8,-0.488263,4.1361,0.0403658,7.25264,0.0289317,3.00291,0.0293854,5.28404,0.0299439,20,0.265,2.363,2026-08-01T11:10:28,9124b27,2.13.0+cu130,gonzalo
5,0.4,40,hoyer,normal,fixed30,75,1e-07,0.001,16384,20,4,cuda,torch,400,8,-0.48878,4.14654,0.040467,7.25264,0.0289317,3.01685,0.0295266,5.28404,0.0299439,20,0.28,2.363,2026-08-01T11:10:28,9124b27,2.13.0+cu130,gonzalo
5,0.4,20,hoyer,normal,fixed30,75,1e-07,0.001,16384,20,4,cuda,torch,400,8,-0.492079,4.45733,0.0432349,7.25264,0.0289317,3.23277,0.0314281,5.28404,0.0299439,20,0.253,2.363,2026-08-01T11:10:28,9124b27,2.13.0+cu130,gonzalo
5,0.8,inf,hoyer,normal,fixed30,75,1e-07,0.001,16384,20,4,cuda,torch,400,8,-0.485294,8.50937,0.0811865,14.7383,0.0709379,6.08879,0.0584133,10.6651,0.0724598,20,0.257,2.363,2026-08-01T11:10:28,9124b27,2.13.0+cu130,gonzalo
5,0.8,40,hoyer,normal,fixed30,75,1e-07,0.001,16384,20,4,cuda,torch,400,8,-0.486106,8.52794,0.0813472,14.7383,0.0709379,6.11234,0.05864,10.6651,0.0724598,20,0.243,2.363,2026-08-01T11:10:28,9124b27,2.13.0+cu130,gonzalo
5,0.8,20,hoyer,normal,fixed30,75,1e-07,0.001,16384,20,4,cuda,torch,400,8,-0.492344,8.50079,0.0811787,14.7383,0.0709379,6.05453,0.0581443,10.6651,0.0724598,20,0.269,2.363,2026-08-01T11:10:28,9124b27,2.13.0+cu130,gonzalo
6,0.2,inf,hoyer,normal,fixed30,75,1e-07,0.001,16384,20,4,cuda,torch,400,8,-0.489754,0.743368,0.00742548,4.06629,0.00236199,0.527325,0.00526745,3.49629,0.00192267,20,0.244,2.363,2026-08-01T11:10:28,9124b27,2.13.0+cu130,gonzalo
6,0.2,40,hoyer,normal,fixed30,75,1e-07,0.001,16384,20,4,cuda,torch,400,8,-0.491098,0.79269,0.00791739,4.06629,0.00236199,0.570059,0.00569313,3.49629,0.00192267,20,0.242,2.363,2026-08-01T11:10:28,9124b27,2.13.0+cu130,gonzalo
6,0.2,20,hoyer,normal,fixed30,75,1e-07,0.001,16384,20,4,cuda,torch,400,8,-0.49288,1.06019,0.0106055,4.06629,0.00236199,0.807915,0.00807541,3.49629,0.00192267,20,0.276,2.363,2026-08-01T11:10:28,9124b27,2.13.0+cu130,gonzalo
6,0.4,inf,hoyer,normal,fixed30,75,1e-07,0.001,16384,20,4,cuda,torch,400,8,-0.490002,1.34141,0.0134102,8.07184,0.00492231,0.907982,0.00907928,6.96086,0.00401434,20,0.291,2.363,2026-08-01T11:10:28,9124b27,2.13.0+cu130,gonzalo
6,0.4,40,hoyer,normal,fixed30,75,1e-07,0.001,16384,20,4,cuda,torch,400,8,-0.491337,1.38167,0.0138059,8.07184,0.00492231,0.948901,0.00948233,6.96086,0.00401434,20,0.259,2.363,2026-08-01T11:10:28,9124b27,2.13.0+cu130,gonzalo
6,0.4,20,hoyer,normal,fixed30,75,1e-07,0.001,16384,20,4,cuda,torch,400,8,-0.492247,2.23619,0.0222306,8.07184,0.00492231,1.84803,0.0183858,6.96086,0.00401434,20,0.244,2.363,2026-08-01T11:10:28,9124b27,2.13.0+cu130,gonzalo
6,0.8,inf,hoyer,normal,fixed30,75,1e-07,0.001,16384,20,4,cuda,torch,400,8,-0.464391,17.6637,0.171132,15.9113,0.011515,14.8494,0.144812,13.797,0.00987448,20,0.256,2.363,2026-08-01T11:10:28,9124b27,2.13.0+cu130,gonzalo
6,0.8,40,hoyer,normal,fixed30,75,1e-07,0.001,16384,20,4,cuda,torch,400,8,-0.465856,17.9821,0.174172,15.9113,0.011515,15.1229,0.147483,13.797,0.00987448,20,0.318,2.363,2026-08-01T11:10:28,9124b27,2.13.0+cu130,gonzalo
6,0.8,20,hoyer,normal,fixed30,75,1e-07,0.001,16384,20,4,cuda,torch,400,8,-0.470734,17.35,0.168117,15.9113,0.011515,14.5815,0.142286,13.797,0.00987448,20,0.242,2.363,2026-08-01T11:10:28,9124b27,2.13.0+cu130,gonzalo
7,0.2,inf,hoyer,normal,fixed30,75,1e-07,0.001,16384,20,4,cuda,torch,400,8,-0.490248,0.984804,0.00988708,5.05801,0.00312917,0.712194,0.00712767,4.27706,0.00246918,20,0.247,2.363,2026-08-01T11:10:28,9124b27,2.13.0+cu130,gonzalo
7,0.2,40,hoyer,normal,fixed30,75,1e-07,0.001,16384,20,4,cuda,torch,400,8,-0.491538,1.00626,0.0101027,5.05801,0.00312917,0.731215,0.00731667,4.27706,0.00246918,20,0.304,2.363,2026-08-01T11:10:28,9124b27,2.13.0+cu130,gonzalo
7,0.2,20,hoyer,normal,fixed30,75,1e-07,0.001,16384,20,4,cuda,torch,400,8,-0.495616,1.26695,0.0127346,5.05801,0.00312917,0.880168,0.00881473,4.27706,0.00246918,20,0.25,2.363,2026-08-01T11:10:28,9124b27,2.13.0+cu130,gonzalo
7,0.4,inf,hoyer,normal,fixed30,75,1e-07,0.001,16384,20,4,cuda,torch,400,8,-0.490883,2.0209,0.0205128,10.1879,0.00663565,1.26485,0.0127012,8.59942,0.00565098,20,0.27,2.363,2026-08-01T11:10:28,9124b27,2.13.0+cu130,gonzalo
7,0.4,40,hoyer,normal,fixed30,75,1e-07,0.001,16384,20,4,cuda,torch,400,8,-0.492288,2.02331,0.0205413,10.1879,0.00663565,1.27642,0.0128173,8.59942,0.00565098,20,0.288,2.363,2026-08-01T11:10:28,9124b27,2.13.0+cu130,gonzalo
7,0.4,20,hoyer,normal,fixed30,75,1e-07,0.001,16384,20,4,cuda,torch,400,8,-0.495313,2.42682,0.0243687,10.1879,0.00663565,1.87235,0.0186957,8.59942,0.00565098,20,0.294,2.363,2026-08-01T11:10:28,9124b27,2.13.0+cu130,gonzalo
7,0.8,inf,hoyer,normal,fixed30,75,1e-07,0.001,16384,20,4,cuda,torch,400,8,-0.49165,3.95752,0.0407152,20.6432,0.0154814,2.51755,0.025369,17.3717,0.0139716,20,0.341,2.363,2026-08-01T11:10:28,9124b27,2.13.0+cu130,gonzalo
7,0.8,40,hoyer,normal,fixed30,75,1e-07,0.001,16384,20,4,cuda,torch,400,8,-0.49346,3.94879,0.0405626,20.6432,0.0154814,2.57865,0.0259642,17.3717,0.0139716,20,0.243,2.363,2026-08-01T11:10:28,9124b27,2.13.0+cu130,gonzalo
7,0.8,20,hoyer,normal,fixed30,75,1e-07,0.001,16384,20,4,cuda,torch,400,8,-0.501983,4.14208,0.0417849,20.6432,0.0154814,3.21745,0.0322521,17.3717,0.0139716,20,0.244,2.363,2026-08-01T11:10:28,9124b27,2.13.0+cu130,gonzalo
8,0.2,inf,hoyer,normal,fixed30,75,1e-07,0.001,16384,20,4,cuda,torch,400,8,-0.489668,0.578637,0.0057887,4.18503,0.00217594,0.474035,0.00474022,3.35071,0.00130623,20,0.256,2.363,2026-08-01T11:10:28,9124b27,2.13.0+cu130,gonzalo
8,0.2,40,hoyer,normal,fixed30,75,1e-07,0.001,16384,20,4,cuda,torch,400,8,-0.491573,0.625422,0.00626122,4.18503,0.00217594,0.53691,0.00537388,3.35071,0.00130623,20,0.277,2.363,2026-08-01T11:10:28,9124b27,2.13.0+cu130,gonzalo
8,0.2,20,hoyer,normal,fixed30,75,1e-07,0.001,16384,20,4,cuda,torch,400,8,-0.493161,1.60623,0.0160471,4.18503,0.00217594,1.38452,0.0138303,3.35071,0.00130623,20,0.296,2.363,2026-08-01T11:10:28,9124b27,2.13.0+cu130,gonzalo
8,0.4,inf,hoyer,normal,fixed30,75,1e-07,0.001,16384,20,4,cuda,torch,400,8,-0.489796,1.06625,0.0106802,8.39204,0.00468117,0.821067,0.0082142,6.70955,0.00318396,20,0.288,2.363,2026-08-01T11:10:28,9124b27,2.13.0+cu130,gonzalo
8,0.4,40,hoyer,normal,fixed30,75,1e-07,0.001,16384,20,4,cuda,torch,400,8,-0.491723,1.11547,0.0111756,8.39204,0.00468117,0.911254,0.0091255,6.70955,0.00318396,20,0.278,2.363,2026-08-01T11:10:28,9124b27,2.13.0+cu130,gonzalo
8,0.4,20,hoyer,normal,fixed30,75,1e-07,0.001,16384,20,4,cuda,torch,400,8,-0.495001,1.54068,0.0153917,8.39204,0.00468117,1.33679,0.0133544,6.70955,0.00318396,20,0.244,2.363,2026-08-01T11:10:28,9124b27,2.13.0+cu130,gonzalo
8,0.8,inf,hoyer,normal,fixed30,75,1e-07,0.001,16384,20,4,cuda,torch,400,8,-0.469474,15.8326,0.160651,16.8781,0.0116011,12.8609,0.128809,13.4553,0.00958733,20,0.253,2.363,2026-08-01T11:10:28,9124b27,2.13.0+cu130,gonzalo
8,0.8,40,hoyer,normal,fixed30,75,1e-07,0.001,16384,20,4,cuda,torch,400,8,-0.471561,16.0896,0.16325,16.8781,0.0116011,13.0586,0.130792,13.4553,0.00958733,20,0.262,2.363,2026-08-01T11:10:28,9124b27,2.13.0+cu130,gonzalo
8,0.8,20,hoyer,normal,fixed30,75,1e-07,0.001,16384,20,4,cuda,torch,400,8,-0.479053,17.8526,0.181011,16.8781,0.0116011,14.522,0.145171,13.4553,0.00958733,20,0.252,2.363,2026-08-01T11:10:28,9124b27,2.13.0+cu130,gonzalo
9,0.2,inf,hoyer,normal,fixed30,75,1e-07,0.001,16384,20,4,cuda,torch,400,8,-0.489553,0.893837,0.00897014,5.10647,0.00625156,0.724058,0.00725463,4.26559,0.00622246,20,0.241,2.363,2026-08-01T11:10:28,9124b27,2.13.0+cu130,gonzalo
9,0.2,40,hoyer,normal,fixed30,75,1e-07,0.001,16384,20,4,cuda,torch,400,8,-0.489982,0.918627,0.00921362,5.10647,0.00625156,0.75211,0.0075328,4.26559,0.00622246,20,0.241,2.363,2026-08-01T11:10:28,9124b27,2.13.0+cu130,gonzalo
9,0.2,20,hoyer,normal,fixed30,75,1e-07,0.001,16384,20,4,cuda,torch,400,8,-0.491742,1.57147,0.0157271,5.10647,0.00625156,1.41925,0.014226,4.26559,0.00622246,20,0.269,2.363,2026-08-01T11:10:28,9124b27,2.13.0+cu130,gonzalo
9,0.4,inf,hoyer,normal,fixed30,75,1e-07,0.001,16384,20,4,cuda,torch,400,8,-0.489592,1.72272,0.0173865,10.3212,0.0156022,1.36465,0.0137167,8.62854,0.0160915,20,0.247,2.363,2026-08-01T11:10:28,9124b27,2.13.0+cu130,gonzalo
9,0.4,40,hoyer,normal,fixed30,75,1e-07,0.001,16384,20,4,cuda,torch,400,8,-0.489982,1.74215,0.0175658,10.3212,0.0156022,1.39835,0.014049,8.62854,0.0160915,20,0.242,2.363,2026-08-01T11:10:28,9124b27,2.13.0+cu130,gonzalo
9,0.4,20,hoyer,normal,fixed30,75,1e-07,0.001,16384,20,4,cuda,torch,400,8,-0.491335,1.93855,0.0194571,10.3212,0.0156022,1.63519,0.0163947,8.62854,0.0160915,20,0.247,2.363,2026-08-01T11:10:28,9124b27,2.13.0+cu130,gonzalo
9,0.8,inf,hoyer,normal,fixed30,75,1e-07,0.001,16384,20,4,cuda,torch,400,8,-0.461444,16.7417,0.173471,21.0496,0.0420231,14.7102,0.153339,17.644,0.04379,20,0.309,2.363,2026-08-01T11:10:28,9124b27,2.13.0+cu130,gonzalo
9,0.8,40,hoyer,normal,fixed30,75,1e-07,0.001,16384,20,4,cuda,torch,400,8,-0.461787,16.9802,0.175941,21.0496,0.0420231,14.9135,0.155475,17.644,0.04379,20,0.255,2.363,2026-08-01T11:10:28,9124b27,2.13.0+cu130,gonzalo
9,0.8,20,hoyer,normal,fixed30,75,1e-07,0.001,16384,20,4,cuda,torch,400,8,-0.495121,3.50672,0.0355268,21.0496,0.0420231,2.90126,0.029292,17.644,0.04379,20,0.255,2.363,2026-08-01T11:10:28,9124b27,2.13.0+cu130,gonzalo
10,0.2,inf,hoyer,normal,fixed30,75,1e-07,0.001,16384,20,4,cuda,torch,400,8,-0.489581,0.867077,0.00864842,4.29961,0.00355008,0.583356,0.00582523,3.72893,0.0032509,20,0.269,2.363,2026-08-01T11:10:28,9124b27,2.13.0+cu130,gonzalo
10,0.2,40,hoyer,normal,fixed30,75,1e-07,0.001,16384,20,4,cuda,torch,400,8,-0.490497,0.869635,0.00867609,4.29961,0.00355008,0.605913,0.00604887,3.72893,0.0032509,20,0.284,2.363,2026-08-01T11:10:28,9124b27,2.13.0+cu130,gonzalo
10,0.2,20,hoyer,normal,fixed30,75,1e-07,0.001,16384,20,4,cuda,torch,400,8,-0.495747,1.07264,0.0107036,4.29961,0.00355008,0.677981,0.00677471,3.72893,0.0032509,20,0.26,2.363,2026-08-01T11:10:28,9124b27,2.13.0+cu130,gonzalo
10,0.4,inf,hoyer,normal,fixed30,75,1e-07,0.001,16384,20,4,cuda,torch,400,8,-0.489559,1.7557,0.0174694,8.6009,0.00686183,1.18693,0.0118348,7.43999,0.00585708,20,0.244,2.363,2026-08-01T11:10:28,9124b27,2.13.0+cu130,gonzalo
10,0.4,40,hoyer,normal,fixed30,75,1e-07,0.001,16384,20,4,cuda,torch,400,8,-0.490485,1.76227,0.0175416,8.6009,0.00686183,1.22201,0.0121798,7.43999,0.00585708,20,0.249,2.363,2026-08-01T11:10:28,9124b27,2.13.0+cu130,gonzalo
10,0.4,20,hoyer,normal,fixed30,75,1e-07,0.001,16384,20,4,cuda,torch,400,8,-0.49256,1.93107,0.0191987,8.6009,0.00686183,1.29279,0.0128909,7.43999,0.00585708,20,0.25,2.363,2026-08-01T11:10:28,9124b27,2.13.0+cu130,gonzalo
10,0.8,inf,hoyer,normal,fixed30,75,1e-07,0.001,16384,20,4,cuda,torch,400,8,-0.489533,3.46319,0.0343801,17.2108,0.0134552,2.37191,0.0236021,14.8099,0.00995171,20,0.287,2.363,2026-08-01T11:10:28,9124b27,2.13.0+cu130,gonzalo
10,0.8,40,hoyer,normal,fixed30,75,1e-07,0.001,16384,20,4,cuda,torch,400,8,-0.490552,3.46809,0.0344429,17.2108,0.0134552,2.43082,0.0241659,14.8099,0.00995171,20,0.241,2.363,2026-08-01T11:10:28,9124b27,2.13.0+cu130,gonzalo
10,0.8,20,hoyer,normal,fixed30,75,1e-07,0.001,16384,20,4,cuda,torch,400,8,-0.489345,3.55199,0.035095,17.2108,0.0134552,2.3362,0.0232329,14.8099,0.00995171,20,0.296,2.363,2026-08-01T11:10:28,9124b27,2.13.0+cu130,gonzalo
1,0.2,inf,hoyer,normal,fixed30,75,1e-07,0.001,16384,30,4,cuda,torch,400,8,-0.490736,1.54958,0.0155974,3.9497,0.00479213,1.10897,0.0111401,2.80681,0.00448657,30,0.382,1.852,2026-08-01T11:11:42,9124b27,2.13.0+cu130,gonzalo
1,0.2,40,hoyer,normal,fixed30,75,1e-07,0.001,16384,30,4,cuda,torch,400,8,-0.491559,1.61099,0.0162214,3.9497,0.00479213,1.16009,0.0116558,2.80681,0.00448657,30,0.416,1.852,2026-08-01T11:11:42,9124b27,2.13.0+cu130,gonzalo
1,0.2,20,hoyer,normal,fixed30,75,1e-07,0.001,16384,30,4,cuda,torch,400,8,-0.495165,1.64625,0.0164679,3.9497,0.00479213,1.21459,0.0121508,2.80681,0.00448657,30,0.372,1.852,2026-08-01T11:11:42,9124b27,2.13.0+cu130,gonzalo
1,0.4,inf,hoyer,normal,fixed30,75,1e-07,0.001,16384,30,4,cuda,torch,400,8,-0.491194,3.00179,0.0303267,8.01912,0.0083344,2.13742,0.021528,5.66111,0.00736837,30,0.396,1.852,2026-08-01T11:11:42,9124b27,2.13.0+cu130,gonzalo
1,0.4,40,hoyer,normal,fixed30,75,1e-07,0.001,16384,30,4,cuda,torch,400,8,-0.49198,3.05721,0.0308936,8.01912,0.0083344,2.18753,0.0220346,5.66111,0.00736837,30,0.381,1.852,2026-08-01T11:11:42,9124b27,2.13.0+cu130,gonzalo
1,0.4,20,hoyer,normal,fixed30,75,1e-07,0.001,16384,30,4,cuda,torch,400,8,-0.49506,3.10709,0.0313089,8.01912,0.0083344,2.25984,0.0227203,5.66111,0.00736837,30,0.348,1.852,2026-08-01T11:11:42,9124b27,2.13.0+cu130,gonzalo
1,0.8,inf,hoyer,normal,fixed30,75,1e-07,0.001,16384,30,4,cuda,torch,400,8,-0.491751,5.72862,0.0583134,16.5439,0.014373,4.01162,0.0406283,11.5177,0.0107413,30,0.377,1.852,2026-08-01T11:11:42,9124b27,2.13.0+cu130,gonzalo
1,0.8,40,hoyer,normal,fixed30,75,1e-07,0.001,16384,30,4,cuda,torch,400,8,-0.492495,5.76923,0.0587258,16.5439,0.014373,4.05381,0.0410557,11.5177,0.0107413,30,0.363,1.852,2026-08-01T11:11:42,9124b27,2.13.0+cu130,gonzalo
1,0.8,20,hoyer,normal,fixed30,75,1e-07,0.001,16384,30,4,cuda,torch,400,8,-0.495649,5.86905,0.0596809,16.5439,0.014373,4.19642,0.0424897,11.5177,0.0107413,30,0.368,1.852,2026-08-01T11:11:42,9124b27,2.13.0+cu130,gonzalo
2,0.2,inf,hoyer,normal,fixed30,75,1e-07,0.001,16384,30,4,cuda,torch,400,8,-0.489018,1.53991,0.0152204,3.87511,0.00273464,0.862286,0.00858671,3.28263,0.00185466,30,0.365,1.852,2026-08-01T11:11:42,9124b27,2.13.0+cu130,gonzalo
2,0.2,40,hoyer,normal,fixed30,75,1e-07,0.001,16384,30,4,cuda,torch,400,8,-0.489653,1.65584,0.0163449,3.87511,0.00273464,0.896509,0.00892548,3.28263,0.00185466,30,0.349,1.852,2026-08-01T11:11:42,9124b27,2.13.0+cu130,gonzalo
2,0.2,20,hoyer,normal,fixed30,75,1e-07,0.001,16384,30,4,cuda,torch,400,8,-0.495018,1.50275,0.0148958,3.87511,0.00273464,1.10694,0.010982,3.28263,0.00185466,30,0.357,1.852,2026-08-01T11:11:42,9124b27,2.13.0+cu130,gonzalo
2,0.4,inf,hoyer,normal,fixed30,75,1e-07,0.001,16384,30,4,cuda,torch,400,8,-0.487653,3.1923,0.0311077,7.6336,0.00623601,1.67404,0.0165844,6.49394,0.00474227,30,0.361,1.852,2026-08-01T11:11:42,9124b27,2.13.0+cu130,gonzalo
2,0.4,40,hoyer,normal,fixed30,75,1e-07,0.001,16384,30,4,cuda,torch,400,8,-0.488357,3.34022,0.0325042,7.6336,0.00623601,1.72176,0.0170534,6.49394,0.00474227,30,0.35,1.852,2026-08-01T11:11:42,9124b27,2.13.0+cu130,gonzalo
2,0.4,20,hoyer,normal,fixed30,75,1e-07,0.001,16384,30,4,cuda,torch,400,8,-0.494395,2.98554,0.0291986,7.6336,0.00623601,1.66439,0.0164782,6.49394,0.00474227,30,0.398,1.852,2026-08-01T11:11:42,9124b27,2.13.0+cu130,gonzalo
2,0.8,inf,hoyer,normal,fixed30,75,1e-07,0.001,16384,30,4,cuda,torch,400,8,-0.484657,6.90485,0.0653742,14.8258,0.0188542,3.36862,0.0331479,12.7108,0.0174539,30,0.372,1.852,2026-08-01T11:11:42,9124b27,2.13.0+cu130,gonzalo
2,0.8,40,hoyer,normal,fixed30,75,1e-07,0.001,16384,30,4,cuda,torch,400,8,-0.485544,6.96855,0.065929,14.8258,0.0188542,3.38784,0.0333255,12.7108,0.0174539,30,0.366,1.852,2026-08-01T11:11:42,9124b27,2.13.0+cu130,gonzalo
2,0.8,20,hoyer,normal,fixed30,75,1e-07,0.001,16384,30,4,cuda,torch,400,8,-0.486991,7.25754,0.0692337,14.8258,0.0188542,3.69443,0.0366618,12.7108,0.0174539,30,0.374,1.852,2026-08-01T11:11:42,9124b27,2.13.0+cu130,gonzalo
3,0.2,inf,hoyer,normal,fixed30,75,1e-07,0.001,16384,30,4,cuda,torch,400,8,-0.48977,1.10858,0.0111173,3.96223,0.001591,0.851232,0.00853723,2.92538,0.00121479,30,0.342,1.852,2026-08-01T11:11:42,9124b27,2.13.0+cu130,gonzalo
3,0.2,40,hoyer,normal,fixed30,75,1e-07,0.001,16384,30,4,cuda,torch,400,8,-0.489898,1.14311,0.011463,3.96223,0.001591,0.881297,0.0088384,2.92538,0.00121479,30,0.34,1.852,2026-08-01T11:11:42,9124b27,2.13.0+cu130,gonzalo
3,0.2,20,hoyer,normal,fixed30,75,1e-07,0.001,16384,30,4,cuda,torch,400,8,-0.493721,1.33862,0.0133696,3.96223,0.001591,0.917986,0.00918061,2.92538,0.00121479,30,0.409,1.852,2026-08-01T11:11:42,9124b27,2.13.0+cu130,gonzalo
3,0.4,inf,hoyer,normal,fixed30,75,1e-07,0.001,16384,30,4,cuda,torch,400,8,-0.489342,2.06087,0.0206637,8.00337,0.00308768,1.51346,0.0151929,5.87492,0.00213631,30,0.364,1.852,2026-08-01T11:11:42,9124b27,2.13.0+cu130,gonzalo
3,0.4,40,hoyer,normal,fixed30,75,1e-07,0.001,16384,30,4,cuda,torch,400,8,-0.489464,2.0766,0.0208303,8.00337,0.00308768,1.53417,0.0154057,5.87492,0.00213631,30,0.358,1.852,2026-08-01T11:11:42,9124b27,2.13.0+cu130,gonzalo
3,0.4,20,hoyer,normal,fixed30,75,1e-07,0.001,16384,30,4,cuda,torch,400,8,-0.49326,2.72902,0.0270555,8.00337,0.00308768,1.97647,0.0196577,5.87492,0.00213631,30,0.354,1.852,2026-08-01T11:11:42,9124b27,2.13.0+cu130,gonzalo
3,0.8,inf,hoyer,normal,fixed30,75,1e-07,0.001,16384,30,4,cuda,torch,400,8,-0.488741,3.71283,0.0372759,16.3393,0.00715361,2.61904,0.026351,11.8498,0.00503285,30,0.452,1.852,2026-08-01T11:11:42,9124b27,2.13.0+cu130,gonzalo
3,0.8,40,hoyer,normal,fixed30,75,1e-07,0.001,16384,30,4,cuda,torch,400,8,-0.488874,3.69901,0.0371551,16.3393,0.00715361,2.61682,0.0263386,11.8498,0.00503285,30,0.356,1.852,2026-08-01T11:11:42,9124b27,2.13.0+cu130,gonzalo
3,0.8,20,hoyer,normal,fixed30,75,1e-07,0.001,16384,30,4,cuda,torch,400,8,-0.491278,4.11025,0.0408446,16.3393,0.00715361,2.80561,0.0279724,11.8498,0.00503285,30,0.358,1.852,2026-08-01T11:11:42,9124b27,2.13.0+cu130,gonzalo
4,0.2,inf,hoyer,normal,fixed30,75,1e-07,0.001,16384,30,4,cuda,torch,400,8,-0.490234,0.791797,0.00791663,4.78204,0.00301097,0.5961,0.00596157,3.64935,0.00229466,30,0.341,1.852,2026-08-01T11:11:42,9124b27,2.13.0+cu130,gonzalo
4,0.2,40,hoyer,normal,fixed30,75,1e-07,0.001,16384,30,4,cuda,torch,400,8,-0.491344,0.761346,0.00760705,4.78204,0.00301097,0.54899,0.00548693,3.64935,0.00229466,30,0.388,1.852,2026-08-01T11:11:42,9124b27,2.13.0+cu130,gonzalo
4,0.2,20,hoyer,normal,fixed30,75,1e-07,0.001,16384,30,4,cuda,torch,400,8,-0.496129,1.09278,0.0109252,4.78204,0.00301097,0.874278,0.00875821,3.64935,0.00229466,30,0.361,1.852,2026-08-01T11:11:42,9124b27,2.13.0+cu130,gonzalo
4,0.4,inf,hoyer,normal,fixed30,75,1e-07,0.001,16384,30,4,cuda,torch,400,8,-0.490503,1.4085,0.0140594,9.53594,0.00774396,0.989452,0.00989663,7.282,0.00671299,30,0.375,1.852,2026-08-01T11:11:42,9124b27,2.13.0+cu130,gonzalo
4,0.4,40,hoyer,normal,fixed30,75,1e-07,0.001,16384,30,4,cuda,torch,400,8,-0.491752,1.40065,0.0139758,9.53594,0.00774396,0.955663,0.00955323,7.282,0.00671299,30,0.417,1.852,2026-08-01T11:11:42,9124b27,2.13.0+cu130,gonzalo
4,0.4,20,hoyer,normal,fixed30,75,1e-07,0.001,16384,30,4,cuda,torch,400,8,-0.496372,1.69725,0.0170318,9.53594,0.00774396,1.36327,0.0136787,7.282,0.00671299,30,0.362,1.852,2026-08-01T11:11:42,9124b27,2.13.0+cu130,gonzalo
4,0.8,inf,hoyer,normal,fixed30,75,1e-07,0.001,16384,30,4,cuda,torch,400,8,-0.490902,2.93984,0.0292874,18.9441,0.0310387,2.05579,0.0205601,14.4923,0.0302869,30,0.367,1.852,2026-08-01T11:11:42,9124b27,2.13.0+cu130,gonzalo
4,0.8,40,hoyer,normal,fixed30,75,1e-07,0.001,16384,30,4,cuda,torch,400,8,-0.492822,2.85723,0.0285136,18.9441,0.0310387,1.94685,0.0195221,14.4923,0.0302869,30,0.448,1.852,2026-08-01T11:11:42,9124b27,2.13.0+cu130,gonzalo
4,0.8,20,hoyer,normal,fixed30,75,1e-07,0.001,16384,30,4,cuda,torch,400,8,-0.496472,3.06814,0.0307916,18.9441,0.0310387,2.3252,0.0233097,14.4923,0.0302869,30,0.403,1.852,2026-08-01T11:11:42,9124b27,2.13.0+cu130,gonzalo
5,0.2,inf,hoyer,normal,fixed30,75,1e-07,0.001,16384,30,4,cuda,torch,400,8,-0.489902,1.89963,0.0187394,3.59851,0.0129451,1.39859,0.013821,2.63017,0.0134565,30,0.436,1.852,2026-08-01T11:11:42,9124b27,2.13.0+cu130,gonzalo
5,0.2,40,hoyer,normal,fixed30,75,1e-07,0.001,16384,30,4,cuda,torch,400,8,-0.490316,1.89316,0.0186891,3.59851,0.0129451,1.39295,0.0137742,2.63017,0.0134565,30,0.387,1.852,2026-08-01T11:11:42,9124b27,2.13.0+cu130,gonzalo
5,0.2,20,hoyer,normal,fixed30,75,1e-07,0.001,16384,30,4,cuda,torch,400,8,-0.494329,2.04436,0.0201644,3.59851,0.0129451,1.43992,0.014216,2.63017,0.0134565,30,0.346,1.852,2026-08-01T11:11:42,9124b27,2.13.0+cu130,gonzalo
5,0.4,inf,hoyer,normal,fixed30,75,1e-07,0.001,16384,30,4,cuda,torch,400,8,-0.48934,4.12771,0.0400927,7.25264,0.0289317,3.07446,0.0299786,5.28404,0.0299439,30,0.35,1.852,2026-08-01T11:11:42,9124b27,2.13.0+cu130,gonzalo
5,0.4,40,hoyer,normal,fixed30,75,1e-07,0.001,16384,30,4,cuda,torch,400,8,-0.489836,4.16488,0.0404969,7.25264,0.0289317,3.10674,0.0303217,5.28404,0.0299439,30,0.344,1.852,2026-08-01T11:11:42,9124b27,2.13.0+cu130,gonzalo
5,0.4,20,hoyer,normal,fixed30,75,1e-07,0.001,16384,30,4,cuda,torch,400,8,-0.493149,4.56565,0.0442093,7.25264,0.0289317,3.33875,0.0324576,5.28404,0.0299439,30,0.358,1.852,2026-08-01T11:11:42,9124b27,2.13.0+cu130,gonzalo
5,0.8,inf,hoyer,normal,fixed30,75,1e-07,0.001,16384,30,4,cuda,torch,400,8,-0.486437,8.69916,0.0831004,14.7383,0.0709379,6.2424,0.0600691,10.6651,0.0724598,30,0.352,1.852,2026-08-01T11:11:42,9124b27,2.13.0+cu130,gonzalo
5,0.8,40,hoyer,normal,fixed30,75,1e-07,0.001,16384,30,4,cuda,torch,400,8,-0.487184,8.75895,0.0836789,14.7383,0.0709379,6.29645,0.0605966,10.6651,0.0724598,30,0.38,1.852,2026-08-01T11:11:42,9124b27,2.13.0+cu130,gonzalo
5,0.8,20,hoyer,normal,fixed30,75,1e-07,0.001,16384,30,4,cuda,torch,400,8,-0.493525,8.8132,0.0844481,14.7383,0.0709379,6.25315,0.0604101,10.6651,0.0724598,30,0.398,1.852,2026-08-01T11:11:42,9124b27,2.13.0+cu130,gonzalo
6,0.2,inf,hoyer,normal,fixed30,75,1e-07,0.001,16384,30,4,cuda,torch,400,8,-0.490175,0.919056,0.00917905,4.06629,0.00236199,0.596654,0.00596295,3.49629,0.00192267,30,0.359,1.852,2026-08-01T11:11:42,9124b27,2.13.0+cu130,gonzalo
6,0.2,40,hoyer,normal,fixed30,75,1e-07,0.001,16384,30,4,cuda,torch,400,8,-0.491504,1.00523,0.0100426,4.06629,0.00236199,0.668205,0.00667772,3.49629,0.00192267,30,0.335,1.852,2026-08-01T11:11:42,9124b27,2.13.0+cu130,gonzalo
6,0.2,20,hoyer,normal,fixed30,75,1e-07,0.001,16384,30,4,cuda,torch,400,8,-0.493346,1.17762,0.0118091,4.06629,0.00236199,0.856139,0.00857843,3.49629,0.00192267,30,0.338,1.852,2026-08-01T11:11:42,9124b27,2.13.0+cu130,gonzalo
6,0.4,inf,hoyer,normal,fixed30,75,1e-07,0.001,16384,30,4,cuda,torch,400,8,-0.490421,1.49682,0.0149384,8.07184,0.00492231,0.95994,0.00959299,6.96086,0.00401434,30,0.342,1.852,2026-08-01T11:11:42,9124b27,2.13.0+cu130,gonzalo
6,0.4,40,hoyer,normal,fixed30,75,1e-07,0.001,16384,30,4,cuda,torch,400,8,-0.491738,1.57872,0.0157612,8.07184,0.00492231,1.02667,0.0102605,6.96086,0.00401434,30,0.336,1.852,2026-08-01T11:11:42,9124b27,2.13.0+cu130,gonzalo
6,0.4,20,hoyer,normal,fixed30,75,1e-07,0.001,16384,30,4,cuda,torch,400,8,-0.49262,2.36739,0.0235758,8.07184,0.00492231,1.87909,0.01871,6.96086,0.00401434,30,0.337,1.852,2026-08-01T11:11:42,9124b27,2.13.0+cu130,gonzalo
6,0.8,inf,hoyer,normal,fixed30,75,1e-07,0.001,16384,30,4,cuda,torch,400,8,-0.466562,17.9447,0.173244,15.9113,0.011515,14.9672,0.145473,13.797,0.00987448,30,0.332,1.852,2026-08-01T11:11:42,9124b27,2.13.0+cu130,gonzalo
6,0.8,40,hoyer,normal,fixed30,75,1e-07,0.001,16384,30,4,cuda,torch,400,8,-0.468022,18.258,0.176249,15.9113,0.011515,15.239,0.148136,13.797,0.00987448,30,0.329,1.852,2026-08-01T11:11:42,9124b27,2.13.0+cu130,gonzalo
6,0.8,20,hoyer,normal,fixed30,75,1e-07,0.001,16384,30,4,cuda,torch,400,8,-0.473213,17.4907,0.168956,15.9113,0.011515,14.5797,0.141843,13.797,0.00987448,30,0.341,1.852,2026-08-01T11:11:42,9124b27,2.13.0+cu130,gonzalo
7,0.2,inf,hoyer,normal,fixed30,75,1e-07,0.001,16384,30,4,cuda,torch,400,8,-0.490611,1.23667,0.0124434,5.05801,0.00312917,0.858577,0.00859753,4.27706,0.00246918,30,0.348,1.852,2026-08-01T11:11:42,9124b27,2.13.0+cu130,gonzalo
7,0.2,40,hoyer,normal,fixed30,75,1e-07,0.001,16384,30,4,cuda,torch,400,8,-0.491905,1.31661,0.0132501,5.05801,0.00312917,0.926228,0.00927759,4.27706,0.00246918,30,0.359,1.852,2026-08-01T11:11:42,9124b27,2.13.0+cu130,gonzalo
7,0.2,20,hoyer,normal,fixed30,75,1e-07,0.001,16384,30,4,cuda,torch,400,8,-0.496049,1.7515,0.0176547,5.05801,0.00312917,1.28737,0.0129421,4.27706,0.00246918,30,0.411,1.852,2026-08-01T11:11:42,9124b27,2.13.0+cu130,gonzalo
7,0.4,inf,hoyer,normal,fixed30,75,1e-07,0.001,16384,30,4,cuda,torch,400,8,-0.491302,1.86954,0.0189715,10.1879,0.00663565,1.18111,0.0118559,8.59942,0.00565098,30,0.407,1.852,2026-08-01T11:11:42,9124b27,2.13.0+cu130,gonzalo
7,0.4,40,hoyer,normal,fixed30,75,1e-07,0.001,16384,30,4,cuda,torch,400,8,-0.492698,1.97568,0.0200805,10.1879,0.00663565,1.24763,0.0125369,8.59942,0.00565098,30,0.369,1.852,2026-08-01T11:11:42,9124b27,2.13.0+cu130,gonzalo
7,0.4,20,hoyer,normal,fixed30,75,1e-07,0.001,16384,30,4,cuda,torch,400,8,-0.495697,2.97492,0.0299917,10.1879,0.00663565,2.2489,0.0225177,8.59942,0.00565098,30,0.358,1.852,2026-08-01T11:11:42,9124b27,2.13.0+cu130,gonzalo
7,0.8,inf,hoyer,normal,fixed30,75,1e-07,0.001,16384,30,4,cuda,torch,400,8,-0.492261,3.73544,0.038676,20.6432,0.0154814,2.23025,0.0225697,17.3717,0.0139716,30,0.364,1.852,2026-08-01T11:11:42,9124b27,2.13.0+cu130,gonzalo
7,0.8,40,hoyer,normal,fixed30,75,1e-07,0.001,16384,30,4,cuda,torch,400,8,-0.493981,3.88624,0.0401358,20.6432,0.0154814,2.47058,0.0249466,17.3717,0.0139716,30,0.436,1.852,2026-08-01T11:11:42,9124b27,2.13.0+cu130,gonzalo
7,0.8,20,hoyer,normal,fixed30,75,1e-07,0.001,16384,30,4,cuda,torch,400,8,-0.50236,4.14624,0.0419192,20.6432,0.0154814,3.07949,0.0307472,17.3717,0.0139716,30,0.344,1.852,2026-08-01T11:11:42,9124b27,2.13.0+cu130,gonzalo
8,0.2,inf,hoyer,normal,fixed30,75,1e-07,0.001,16384,30,4,cuda,torch,400,8,-0.490098,0.701519,0.00701842,4.18503,0.00217594,0.52452,0.00523793,3.35071,0.00130623,30,0.338,1.852,2026-08-01T11:11:42,9124b27,2.13.0+cu130,gonzalo
8,0.2,40,hoyer,normal,fixed30,75,1e-07,0.001,16384,30,4,cuda,torch,400,8,-0.49202,0.694583,0.00694625,4.18503,0.00217594,0.539608,0.00538996,3.35071,0.00130623,30,0.385,1.852,2026-08-01T11:11:42,9124b27,2.13.0+cu130,gonzalo
8,0.2,20,hoyer,normal,fixed30,75,1e-07,0.001,16384,30,4,cuda,torch,400,8,-0.493575,1.80281,0.018029,4.18503,0.00217594,1.48322,0.014834,3.35071,0.00130623,30,0.337,1.852,2026-08-01T11:11:42,9124b27,2.13.0+cu130,gonzalo
8,0.4,inf,hoyer,normal,fixed30,75,1e-07,0.001,16384,30,4,cuda,torch,400,8,-0.490208,1.13893,0.0114186,8.39204,0.00468117,0.828522,0.0082749,6.70955,0.00318396,30,0.383,1.852,2026-08-01T11:11:42,9124b27,2.13.0+cu130,gonzalo
8,0.4,40,hoyer,normal,fixed30,75,1e-07,0.001,16384,30,4,cuda,torch,400,8,-0.492149,1.14869,0.0115085,8.39204,0.00468117,0.874193,0.0087341,6.70955,0.00318396,30,0.357,1.852,2026-08-01T11:11:42,9124b27,2.13.0+cu130,gonzalo
8,0.4,20,hoyer,normal,fixed30,75,1e-07,0.001,16384,30,4,cuda,torch,400,8,-0.49536,1.71779,0.0171392,8.39204,0.00468117,1.42174,0.0141701,6.70955,0.00318396,30,0.393,1.852,2026-08-01T11:11:42,9124b27,2.13.0+cu130,gonzalo
8,0.8,inf,hoyer,normal,fixed30,75,1e-07,0.001,16384,30,4,cuda,torch,400,8,-0.470962,16.3678,0.16543,16.8781,0.0116011,13.2374,0.131959,13.4553,0.00958733,30,0.409,1.852,2026-08-01T11:11:42,9124b27,2.13.0+cu130,gonzalo
8,0.8,40,hoyer,normal,fixed30,75,1e-07,0.001,16384,30,4,cuda,torch,400,8,-0.472933,16.6528,0.168307,16.8781,0.0116011,13.4569,0.134155,13.4553,0.00958733,30,0.328,1.852,2026-08-01T11:11:42,9124b27,2.13.0+cu130,gonzalo
8,0.8,20,hoyer,normal,fixed30,75,1e-07,0.001,16384,30,4,cuda,torch,400,8,-0.48078,18.2958,0.184841,16.8781,0.0116011,14.8469,0.147747,13.4553,0.00958733,30,0.357,1.852,2026-08-01T11:11:42,9124b27,2.13.0+cu130,gonzalo
9,0.2,inf,hoyer,normal,fixed30,75,1e-07,0.001,16384,30,4,cuda,torch,400,8,-0.48996,1.20495,0.0121123,5.10647,0.00625156,0.858997,0.0086113,4.26559,0.00622246,30,0.352,1.852,2026-08-01T11:11:42,9124b27,2.13.0+cu130,gonzalo
9,0.2,40,hoyer,normal,fixed30,75,1e-07,0.001,16384,30,4,cuda,torch,400,8,-0.490411,1.22651,0.0123277,5.10647,0.00625156,0.874519,0.00876671,4.26559,0.00622246,30,0.339,1.852,2026-08-01T11:11:42,9124b27,2.13.0+cu130,gonzalo
9,0.2,20,hoyer,normal,fixed30,75,1e-07,0.001,16384,30,4,cuda,torch,400,8,-0.492082,1.71576,0.0171121,5.10647,0.00625156,1.41582,0.0141263,4.26559,0.00622246,30,0.342,1.852,2026-08-01T11:11:42,9124b27,2.13.0+cu130,gonzalo
9,0.4,inf,hoyer,normal,fixed30,75,1e-07,0.001,16384,30,4,cuda,torch,400,8,-0.489993,2.06817,0.0209251,10.3212,0.0156022,1.51328,0.0152145,8.62854,0.0160915,30,0.34,1.852,2026-08-01T11:11:42,9124b27,2.13.0+cu130,gonzalo
9,0.4,40,hoyer,normal,fixed30,75,1e-07,0.001,16384,30,4,cuda,torch,400,8,-0.490403,2.09067,0.0211413,10.3212,0.0156022,1.53428,0.0154191,8.62854,0.0160915,30,0.411,1.852,2026-08-01T11:11:42,9124b27,2.13.0+cu130,gonzalo
9,0.4,20,hoyer,normal,fixed30,75,1e-07,0.001,16384,30,4,cuda,torch,400,8,-0.491678,2.38366,0.0239304,10.3212,0.0156022,1.85313,0.0185203,8.62854,0.0160915,30,0.35,1.852,2026-08-01T11:11:42,9124b27,2.13.0+cu130,gonzalo
9,0.8,inf,hoyer,normal,fixed30,75,1e-07,0.001,16384,30,4,cuda,torch,400,8,-0.463112,16.8322,0.173599,21.0496,0.0420231,14.812,0.153886,17.644,0.04379,30,0.341,1.852,2026-08-01T11:11:42,9124b27,2.13.0+cu130,gonzalo
9,0.8,40,hoyer,normal,fixed30,75,1e-07,0.001,16384,30,4,cuda,torch,400,8,-0.463686,16.9902,0.175197,21.0496,0.0420231,14.9482,0.155288,17.644,0.04379,30,0.373,1.852,2026-08-01T11:11:42,9124b27,2.13.0+cu130,gonzalo
9,0.8,20,hoyer,normal,fixed30,75,1e-07,0.001,16384,30,4,cuda,torch,400,8,-0.495557,3.6427,0.0368786,21.0496,0.0420231,2.93332,0.0295176,17.644,0.04379,30,0.344,1.852,2026-08-01T11:11:42,9124b27,2.13.0+cu130,gonzalo
10,0.2,inf,hoyer,normal,fixed30,75,1e-07,0.001,16384,30,4,cuda,torch,400,8,-0.490037,1.2813,0.0127334,4.29961,0.00355008,0.909422,0.00907151,3.72893,0.0032509,30,0.341,1.852,2026-08-01T11:11:42,9124b27,2.13.0+cu130,gonzalo
10,0.2,40,hoyer,normal,fixed30,75,1e-07,0.001,16384,30,4,cuda,torch,400,8,-0.490976,1.23959,0.012339,4.29961,0.00355008,0.880351,0.008792,3.72893,0.0032509,30,0.411,1.852,2026-08-01T11:11:42,9124b27,2.13.0+cu130,gonzalo
10,0.2,20,hoyer,normal,fixed30,75,1e-07,0.001,16384,30,4,cuda,torch,400,8,-0.496204,1.73342,0.017204,4.29961,0.00355008,1.22312,0.0121885,3.72893,0.0032509,30,0.36,1.852,2026-08-01T11:11:42,9124b27,2.13.0+cu130,gonzalo
10,0.4,inf,hoyer,normal,fixed30,75,1e-07,0.001,16384,30,4,cuda,torch,400,8,-0.489948,2.22523,0.0219642,8.6009,0.00686183,1.48829,0.0147969,7.43999,0.00585708,30,0.351,1.852,2026-08-01T11:11:42,9124b27,2.13.0+cu130,gonzalo
10,0.4,40,hoyer,normal,fixed30,75,1e-07,0.001,16384,30,4,cuda,torch,400,8,-0.490897,2.20132,0.0217633,8.6009,0.00686183,1.47864,0.0147186,7.43999,0.00585708,30,0.373,1.852,2026-08-01T11:11:42,9124b27,2.13.0+cu130,gonzalo
10,0.4,20,hoyer,normal,fixed30,75,1e-07,0.001,16384,30,4,cuda,torch,400,8,-0.492938,2.5843,0.025459,8.6009,0.00686183,1.75478,0.0174036,7.43999,0.00585708,30,0.337,1.852,2026-08-01T11:11:42,9124b27,2.13.0+cu130,gonzalo
10,0.8,inf,hoyer,normal,fixed30,75,1e-07,0.001,16384,30,4,cuda,torch,400,8,-0.489978,4.12802,0.0403759,17.2108,0.0134552,2.68781,0.0266173,14.8099,0.00995171,30,0.337,1.852,2026-08-01T11:11:42,9124b27,2.13.0+cu130,gonzalo
10,0.8,40,hoyer,normal,fixed30,75,1e-07,0.001,16384,30,4,cuda,torch,400,8,-0.491021,4.06,0.0397958,17.2108,0.0134552,2.65175,0.0262996,14.8099,0.00995171,30,0.35,1.852,2026-08-01T11:11:42,9124b27,2.13.0+cu130,gonzalo
10,0.8,20,hoyer,normal,fixed30,75,1e-07,0.001,16384,30,4,cuda,torch,400,8,-0.489889,4.63146,0.0453608,17.2108,0.0134552,3.12996,0.0310413,14.8099,0.00995171,30,0.361,1.852,2026-08-01T11:11:42,9124b27,2.13.0+cu130,gonzalo
1,0.2,inf,hoyer,normal,fixed30,75,1e-07,0.001,16384,50,4,cuda,torch,400,8,-0.494479,1.16775,0.0117179,3.9497,0.00479213,0.789671,0.00790457,2.80681,0.00448657,50,0.576,1.792,2026-08-01T11:12:59,9124b27,2.13.0+cu130,gonzalo
1,0.2,40,hoyer,normal,fixed30,75,1e-07,0.001,16384,50,4,cuda,torch,400,8,-0.495361,1.2764,0.0128079,3.9497,0.00479213,0.848988,0.0085026,2.80681,0.00448657,50,0.629,1.792,2026-08-01T11:12:59,9124b27,2.13.0+cu130,gonzalo
1,0.2,20,hoyer,normal,fixed30,75,1e-07,0.001,16384,50,4,cuda,torch,400,8,-0.498261,1.93685,0.0196484,3.9497,0.00479213,1.41609,0.0143384,2.80681,0.00448657,50,0.569,1.792,2026-08-01T11:12:59,9124b27,2.13.0+cu130,gonzalo
1,0.4,inf,hoyer,normal,fixed30,75,1e-07,0.001,16384,50,4,cuda,torch,400,8,-0.494254,2.34791,0.0236404,8.01912,0.0083344,1.64057,0.0164525,5.66111,0.00736837,50,0.614,1.792,2026-08-01T11:12:59,9124b27,2.13.0+cu130,gonzalo
1,0.4,40,hoyer,normal,fixed30,75,1e-07,0.001,16384,50,4,cuda,torch,400,8,-0.495058,2.34173,0.023585,8.01912,0.0083344,1.6122,0.0161707,5.66111,0.00736837,50,0.578,1.792,2026-08-01T11:12:59,9124b27,2.13.0+cu130,gonzalo
1,0.4,20,hoyer,normal,fixed30,75,1e-07,0.001,16384,50,4,cuda,torch,400,8,-0.497774,1.99234,0.0200644,8.01912,0.0083344,1.53326,0.0153982,5.66111,0.00736837,50,0.56,1.792,2026-08-01T11:12:59,9124b27,2.13.0+cu130,gonzalo
1,0.8,inf,hoyer,normal,fixed30,75,1e-07,0.001,16384,50,4,cuda,torch,400,8,-0.494085,4.53401,0.0461754,16.5439,0.014373,3.19173,0.0322774,11.5177,0.0107413,50,0.556,1.792,2026-08-01T11:12:59,9124b27,2.13.0+cu130,gonzalo
1,0.8,40,hoyer,normal,fixed30,75,1e-07,0.001,16384,50,4,cuda,torch,400,8,-0.49483,4.53857,0.0462461,16.5439,0.014373,3.18275,0.0321988,11.5177,0.0107413,50,0.557,1.792,2026-08-01T11:12:59,9124b27,2.13.0+cu130,gonzalo
1,0.8,20,hoyer,normal,fixed30,75,1e-07,0.001,16384,50,4,cuda,torch,400,8,-0.498163,3.71265,0.0377841,16.5439,0.014373,2.62174,0.0265306,11.5177,0.0107413,50,0.561,1.792,2026-08-01T11:12:59,9124b27,2.13.0+cu130,gonzalo
2,0.2,inf,hoyer,normal,fixed30,75,1e-07,0.001,16384,50,4,cuda,torch,400,8,-0.493172,1.37281,0.0136379,3.87511,0.00273464,0.993831,0.00990716,3.28263,0.00185466,50,0.556,1.792,2026-08-01T11:12:59,9124b27,2.13.0+cu130,gonzalo
2,0.2,40,hoyer,normal,fixed30,75,1e-07,0.001,16384,50,4,cuda,torch,400,8,-0.493954,1.05509,0.0105428,3.87511,0.00273464,0.79066,0.00791688,3.28263,0.00185466,50,0.557,1.792,2026-08-01T11:12:59,9124b27,2.13.0+cu130,gonzalo
2,0.2,20,hoyer,normal,fixed30,75,1e-07,0.001,16384,50,4,cuda,torch,400,8,-0.499035,2.32942,0.023078,3.87511,0.00273464,1.65808,0.0165066,3.28263,0.00185466,50,0.555,1.792,2026-08-01T11:12:59,9124b27,2.13.0+cu130,gonzalo
2,0.4,inf,hoyer,normal,fixed30,75,1e-07,0.001,16384,50,4,cuda,torch,400,8,-0.4929,1.55775,0.0154994,7.6336,0.00623601,0.968571,0.00969038,6.49394,0.00474227,50,0.556,1.792,2026-08-01T11:12:59,9124b27,2.13.0+cu130,gonzalo
2,0.4,40,hoyer,normal,fixed30,75,1e-07,0.001,16384,50,4,cuda,torch,400,8,-0.493612,1.57264,0.0156359,7.6336,0.00623601,0.918241,0.00919393,6.49394,0.00474227,50,0.556,1.792,2026-08-01T11:12:59,9124b27,2.13.0+cu130,gonzalo
2,0.4,20,hoyer,normal,fixed30,75,1e-07,0.001,16384,50,4,cuda,torch,400,8,-0.499134,2.43062,0.0240085,7.6336,0.00623601,1.71994,0.0170701,6.49394,0.00474227,50,0.557,1.792,2026-08-01T11:12:59,9124b27,2.13.0+cu130,gonzalo
2,0.8,inf,hoyer,normal,fixed30,75,1e-07,0.001,16384,50,4,cuda,torch,400,8,-0.489203,5.57686,0.0544594,14.8258,0.0188542,3.31343,0.0330172,12.7108,0.0174539,50,0.549,1.792,2026-08-01T11:12:59,9124b27,2.13.0+cu130,gonzalo
2,0.8,40,hoyer,normal,fixed30,75,1e-07,0.001,16384,50,4,cuda,torch,400,8,-0.491193,3.95334,0.0387417,14.8258,0.0188542,2.25849,0.0225879,12.7108,0.0174539,50,0.558,1.792,2026-08-01T11:12:59,9124b27,2.13.0+cu130,gonzalo
2,0.8,20,hoyer,normal,fixed30,75,1e-07,0.001,16384,50,4,cuda,torch,400,8,-0.490361,6.419,0.0618679,14.8258,0.0188542,3.36857,0.0333224,12.7108,0.0174539,50,0.537,1.792,2026-08-01T11:12:59,9124b27,2.13.0+cu130,gonzalo
3,0.2,inf,hoyer,normal,fixed30,75,1e-07,0.001,16384,50,4,cuda,torch,400,8,-0.493708,1.2786,0.01273,3.96223,0.001591,0.916959,0.00913873,2.92538,0.00121479,50,0.559,1.792,2026-08-01T11:12:59,9124b27,2.13.0+cu130,gonzalo
3,0.2,40,hoyer,normal,fixed30,75,1e-07,0.001,16384,50,4,cuda,torch,400,8,-0.493869,1.04714,0.010434,3.96223,0.001591,0.722265,0.00720273,2.92538,0.00121479,50,0.56,1.792,2026-08-01T11:12:59,9124b27,2.13.0+cu130,gonzalo
3,0.2,20,hoyer,normal,fixed30,75,1e-07,0.001,16384,50,4,cuda,torch,400,8,-0.496725,2.47457,0.024906,3.96223,0.001591,1.77193,0.0178256,2.92538,0.00121479,50,0.559,1.792,2026-08-01T11:12:59,9124b27,2.13.0+cu130,gonzalo
3,0.4,inf,hoyer,normal,fixed30,75,1e-07,0.001,16384,50,4,cuda,torch,400,8,-0.49328,2.04832,0.0204194,8.00337,0.00308768,1.52377,0.015199,5.87492,0.00213631,50,0.559,1.792,2026-08-01T11:12:59,9124b27,2.13.0+cu130,gonzalo
3,0.4,40,hoyer,normal,fixed30,75,1e-07,0.001,16384,50,4,cuda,torch,400,8,-0.493063,2.40073,0.0238849,8.00337,0.00308768,1.74816,0.0174175,5.87492,0.00213631,50,0.559,1.792,2026-08-01T11:12:59,9124b27,2.13.0+cu130,gonzalo
3,0.4,20,hoyer,normal,fixed30,75,1e-07,0.001,16384,50,4,cuda,torch,400,8,-0.496689,2.78982,0.0277491,8.00337,0.00308768,2.20417,0.0219617,5.87492,0.00213631,50,0.558,1.792,2026-08-01T11:12:59,9124b27,2.13.0+cu130,gonzalo
3,0.8,inf,hoyer,normal,fixed30,75,1e-07,0.001,16384,50,4,cuda,torch,400,8,-0.491657,4.34317,0.043329,16.3393,0.00715361,3.28492,0.0327861,11.8498,0.00503285,50,0.556,1.792,2026-08-01T11:12:59,9124b27,2.13.0+cu130,gonzalo
3,0.8,40,hoyer,normal,fixed30,75,1e-07,0.001,16384,50,4,cuda,torch,400,8,-0.491791,4.18722,0.0417447,16.3393,0.00715361,3.15943,0.0315198,11.8498,0.00503285,50,0.557,1.792,2026-08-01T11:12:59,9124b27,2.13.0+cu130,gonzalo
3,0.8,20,hoyer,normal,fixed30,75,1e-07,0.001,16384,50,4,cuda,torch,400,8,-0.49381,4.25678,0.0422772,16.3393,0.00715361,3.11033,0.0309785,11.8498,0.00503285,50,0.561,1.792,2026-08-01T11:12:59,9124b27,2.13.0+cu130,gonzalo
4,0.2,inf,hoyer,normal,fixed30,75,1e-07,0.001,16384,50,4,cuda,torch,400,8,-0.493368,2.29296,0.0224819,4.78204,0.00301097,1.46662,0.0144853,3.64935,0.00229466,50,0.555,1.792,2026-08-01T11:12:59,9124b27,2.13.0+cu130,gonzalo
4,0.2,40,hoyer,normal,fixed30,75,1e-07,0.001,16384,50,4,cuda,torch,400,8,-0.494693,2.06119,0.0202391,4.78204,0.00301097,1.32233,0.0130739,3.64935,0.00229466,50,0.555,1.792,2026-08-01T11:12:59,9124b27,2.13.0+cu130,gonzalo
4,0.2,20,hoyer,normal,fixed30,75,1e-07,0.001,16384,50,4,cuda,torch,400,8,-0.499335,2.96509,0.0291855,4.78204,0.00301097,2.08967,0.0207249,3.64935,0.00229466,50,0.557,1.792,2026-08-01T11:12:59,9124b27,2.13.0+cu130,gonzalo
4,0.4,inf,hoyer,normal,fixed30,75,1e-07,0.001,16384,50,4,cuda,torch,400,8,-0.4934,2.79907,0.0271923,9.53594,0.00774396,1.77892,0.0174814,7.282,0.00671299,50,0.56,1.792,2026-08-01T11:12:59,9124b27,2.13.0+cu130,gonzalo
4,0.4,40,hoyer,normal,fixed30,75,1e-07,0.001,16384,50,4,cuda,torch,400,8,-0.495191,2.06371,0.0201601,9.53594,0.00774396,1.32575,0.0130731,7.282,0.00671299,50,0.558,1.792,2026-08-01T11:12:59,9124b27,2.13.0+cu130,gonzalo
4,0.4,20,hoyer,normal,fixed30,75,1e-07,0.001,16384,50,4,cuda,torch,400,8,-0.499132,2.70814,0.0269619,9.53594,0.00774396,1.89835,0.0190623,7.282,0.00671299,50,0.559,1.792,2026-08-01T11:12:59,9124b27,2.13.0+cu130,gonzalo
4,0.8,inf,hoyer,normal,fixed30,75,1e-07,0.001,16384,50,4,cuda,torch,400,8,-0.492461,3.91658,0.0384603,18.9441,0.0310387,2.73427,0.0270333,14.4923,0.0302869,50,0.556,1.792,2026-08-01T11:12:59,9124b27,2.13.0+cu130,gonzalo
4,0.8,40,hoyer,normal,fixed30,75,1e-07,0.001,16384,50,4,cuda,torch,400,8,-0.49584,3.22063,0.0313374,18.9441,0.0310387,1.99637,0.019757,14.4923,0.0302869,50,0.557,1.792,2026-08-01T11:12:59,9124b27,2.13.0+cu130,gonzalo
4,0.8,20,hoyer,normal,fixed30,75,1e-07,0.001,16384,50,4,cuda,torch,400,8,-0.499988,2.14894,0.0214698,18.9441,0.0310387,1.7637,0.0176979,14.4923,0.0302869,50,0.557,1.792,2026-08-01T11:12:59,9124b27,2.13.0+cu130,gonzalo
5,0.2,inf,hoyer,normal,fixed30,75,1e-07,0.001,16384,50,4,cuda,torch,400,8,-0.493261,1.79293,0.0177737,3.59851,0.0129451,1.18218,0.0117593,2.63017,0.0134565,50,0.557,1.792,2026-08-01T11:12:59,9124b27,2.13.0+cu130,gonzalo
5,0.2,40,hoyer,normal,fixed30,75,1e-07,0.001,16384,50,4,cuda,torch,400,8,-0.493735,1.55711,0.0154701,3.59851,0.0129451,1.03926,0.0103518,2.63017,0.0134565,50,0.558,1.792,2026-08-01T11:12:59,9124b27,2.13.0+cu130,gonzalo
5,0.2,20,hoyer,normal,fixed30,75,1e-07,0.001,16384,50,4,cuda,torch,400,8,-0.497991,1.26815,0.0126801,3.59851,0.0129451,0.866635,0.00866659,2.63017,0.0134565,50,0.565,1.792,2026-08-01T11:12:59,9124b27,2.13.0+cu130,gonzalo
5,0.4,inf,hoyer,normal,fixed30,75,1e-07,0.001,16384,50,4,cuda,torch,400,8,-0.493454,1.71175,0.0169873,7.25264,0.0289317,1.1558,0.0115055,5.28404,0.0299439,50,0.56,1.792,2026-08-01T11:12:59,9124b27,2.13.0+cu130,gonzalo
5,0.4,40,hoyer,normal,fixed30,75,1e-07,0.001,16384,50,4,cuda,torch,400,8,-0.494076,1.45516,0.0144863,7.25264,0.0289317,0.965097,0.00963181,5.28404,0.0299439,50,0.559,1.792,2026-08-01T11:12:59,9124b27,2.13.0+cu130,gonzalo
5,0.4,20,hoyer,normal,fixed30,75,1e-07,0.001,16384,50,4,cuda,torch,400,8,-0.497279,1.64095,0.0163694,7.25264,0.0289317,0.966769,0.00965449,5.28404,0.0299439,50,0.559,1.792,2026-08-01T11:12:59,9124b27,2.13.0+cu130,gonzalo
5,0.8,inf,hoyer,normal,fixed30,75,1e-07,0.001,16384,50,4,cuda,torch,400,8,-0.492769,3.64981,0.0355814,14.7383,0.0709379,2.32325,0.022779,10.6651,0.0724598,50,0.571,1.792,2026-08-01T11:12:59,9124b27,2.13.0+cu130,gonzalo
5,0.8,40,hoyer,normal,fixed30,75,1e-07,0.001,16384,50,4,cuda,torch,400,8,-0.493265,3.71485,0.0362589,14.7383,0.0709379,2.37884,0.023349,10.6651,0.0724598,50,0.565,1.792,2026-08-01T11:12:59,9124b27,2.13.0+cu130,gonzalo
5,0.8,20,hoyer,normal,fixed30,75,1e-07,0.001,16384,50,4,cuda,torch,400,8,-0.498993,4.0723,0.0397106,14.7383,0.0709379,2.42054,0.0238344,10.6651,0.0724598,50,0.563,1.792,2026-08-01T11:12:59,9124b27,2.13.0+cu130,gonzalo
6,0.2,inf,hoyer,normal,fixed30,75,1e-07,0.001,16384,50,4,cuda,torch,400,8,-0.493531,1.8815,0.018577,4.06629,0.00236199,1.374,0.0136295,3.49629,0.00192267,50,0.566,1.792,2026-08-01T11:12:59,9124b27,2.13.0+cu130,gonzalo
6,0.2,40,hoyer,normal,fixed30,75,1e-07,0.001,16384,50,4,cuda,torch,400,8,-0.494667,2.05344,0.0202413,4.06629,0.00236199,1.46434,0.0145071,3.49629,0.00192267,50,0.564,1.792,2026-08-01T11:12:59,9124b27,2.13.0+cu130,gonzalo
6,0.2,20,hoyer,normal,fixed30,75,1e-07,0.001,16384,50,4,cuda,torch,400,8,-0.497122,1.70752,0.0170263,4.06629,0.00236199,1.26755,0.0126645,3.49629,0.00192267,50,0.563,1.792,2026-08-01T11:12:59,9124b27,2.13.0+cu130,gonzalo
6,0.4,inf,hoyer,normal,fixed30,75,1e-07,0.001,16384,50,4,cuda,torch,400,8,-0.493476,2.34237,0.02306,8.07184,0.00492231,1.73349,0.0171585,6.96086,0.00401434,50,0.6,1.792,2026-08-01T11:12:59,9124b27,2.13.0+cu130,gonzalo
6,0.4,40,hoyer,normal,fixed30,75,1e-07,0.001,16384,50,4,cuda,torch,400,8,-0.494577,2.4447,0.0240973,8.07184,0.00492231,1.8155,0.0179814,6.96086,0.00401434,50,0.62,1.792,2026-08-01T11:12:59,9124b27,2.13.0+cu130,gonzalo
6,0.4,20,hoyer,normal,fixed30,75,1e-07,0.001,16384,50,4,cuda,torch,400,8,-0.495178,2.82784,0.0281665,8.07184,0.00492231,2.15259,0.0215029,6.96086,0.00401434,50,0.561,1.792,2026-08-01T11:12:59,9124b27,2.13.0+cu130,gonzalo
6,0.8,inf,hoyer,normal,fixed30,75,1e-07,0.001,16384,50,4,cuda,torch,400,8,-0.469585,15.9465,0.148927,15.9113,0.011515,12.7452,0.121364,13.797,0.00987448,50,0.545,1.792,2026-08-01T11:12:59,9124b27,2.13.0+cu130,gonzalo
6,0.8,40,hoyer,normal,fixed30,75,1e-07,0.001,16384,50,4,cuda,torch,400,8,-0.471058,16.2402,0.151695,15.9113,0.011515,13.003,0.123871,13.797,0.00987448,50,0.549,1.792,2026-08-01T11:12:59,9124b27,2.13.0+cu130,gonzalo
6,0.8,20,hoyer,normal,fixed30,75,1e-07,0.001,16384,50,4,cuda,torch,400,8,-0.476651,15.3304,0.143645,15.9113,0.011515,12.2243,0.116739,13.797,0.00987448,50,0.547,1.792,2026-08-01T11:12:59,9124b27,2.13.0+cu130,gonzalo
7,0.2,inf,hoyer,normal,fixed30,75,1e-07,0.001,16384,50,4,cuda,torch,400,8,-0.493735,2.01029,0.0199944,5.05801,0.00312917,1.26361,0.01258,4.27706,0.00246918,50,0.56,1.792,2026-08-01T11:12:59,9124b27,2.13.0+cu130,gonzalo
7,0.2,40,hoyer,normal,fixed30,75,1e-07,0.001,16384,50,4,cuda,torch,400,8,-0.495009,2.01735,0.0201786,5.05801,0.00312917,1.29896,0.0129827,4.27706,0.00246918,50,0.56,1.792,2026-08-01T11:12:59,9124b27,2.13.0+cu130,gonzalo
7,0.2,20,hoyer,normal,fixed30,75,1e-07,0.001,16384,50,4,cuda,torch,400,8,-0.499216,2.62865,0.0262493,5.05801,0.00312917,1.80243,0.0180699,4.27706,0.00246918,50,0.559,1.792,2026-08-01T11:12:59,9124b27,2.13.0+cu130,gonzalo
7,0.4,inf,hoyer,normal,fixed30,75,1e-07,0.001,16384,50,4,cuda,torch,400,8,-0.49478,1.25228,0.0125686,10.1879,0.00663565,0.648789,0.00648047,8.59942,0.00565098,50,0.561,1.792,2026-08-01T11:12:59,9124b27,2.13.0+cu130,gonzalo
7,0.4,40,hoyer,normal,fixed30,75,1e-07,0.001,16384,50,4,cuda,torch,400,8,-0.49607,1.45698,0.0147007,10.1879,0.00663565,0.770499,0.00772458,8.59942,0.00565098,50,0.563,1.792,2026-08-01T11:12:59,9124b27,2.13.0+cu130,gonzalo
7,0.4,20,hoyer,normal,fixed30,75,1e-07,0.001,16384,50,4,cuda,torch,400,8,-0.498675,2.94388,0.0299134,10.1879,0.00663565,2.02714,0.0205054,8.59942,0.00565098,50,0.559,1.792,2026-08-01T11:12:59,9124b27,2.13.0+cu130,gonzalo
7,0.8,inf,hoyer,normal,fixed30,75,1e-07,0.001,16384,50,4,cuda,torch,400,8,-0.496086,1.72928,0.0175263,20.6432,0.0154814,0.845523,0.00846946,17.3717,0.0139716,50,0.678,1.792,2026-08-01T11:12:59,9124b27,2.13.0+cu130,gonzalo
7,0.8,40,hoyer,normal,fixed30,75,1e-07,0.001,16384,50,4,cuda,torch,400,8,-0.497502,2.06161,0.0208922,20.6432,0.0154814,1.09433,0.0109764,17.3717,0.0139716,50,0.589,1.792,2026-08-01T11:12:59,9124b27,2.13.0+cu130,gonzalo
7,0.8,20,hoyer,normal,fixed30,75,1e-07,0.001,16384,50,4,cuda,torch,400,8,-0.505067,3.26982,0.0334903,20.6432,0.0154814,2.21883,0.0225453,17.3717,0.0139716,50,0.701,1.792,2026-08-01T11:12:59,9124b27,2.13.0+cu130,gonzalo
8,0.2,inf,hoyer,normal,fixed30,75,1e-07,0.001,16384,50,4,cuda,torch,400,8,-0.493345,2.0317,0.0200363,4.18503,0.00217594,1.348,0.0133634,3.35071,0.00130623,50,0.574,1.792,2026-08-01T11:12:59,9124b27,2.13.0+cu130,gonzalo
8,0.2,40,hoyer,normal,fixed30,75,1e-07,0.001,16384,50,4,cuda,torch,400,8,-0.495705,1.30984,0.0129873,4.18503,0.00217594,0.89039,0.00885893,3.35071,0.00130623,50,0.596,1.792,2026-08-01T11:12:59,9124b27,2.13.0+cu130,gonzalo
8,0.2,20,hoyer,normal,fixed30,75,1e-07,0.001,16384,50,4,cuda,torch,400,8,-0.495545,4.00091,0.0393726,4.18503,0.00217594,2.87038,0.0284027,3.35071,0.00130623,50,0.578,1.792,2026-08-01T11:12:59,9124b27,2.13.0+cu130,gonzalo
8,0.4,inf,hoyer,normal,fixed30,75,1e-07,0.001,16384,50,4,cuda,torch,400,8,-0.493229,2.44038,0.0240345,8.39204,0.00468117,1.64438,0.0162827,6.70955,0.00318396,50,0.585,1.792,2026-08-01T11:12:59,9124b27,2.13.0+cu130,gonzalo
8,0.4,40,hoyer,normal,fixed30,75,1e-07,0.001,16384,50,4,cuda,torch,400,8,-0.495335,2.10519,0.0207854,8.39204,0.00468117,1.42209,0.0141053,6.70955,0.00318396,50,0.601,1.792,2026-08-01T11:12:59,9124b27,2.13.0+cu130,gonzalo
8,0.4,20,hoyer,normal,fixed30,75,1e-07,0.001,16384,50,4,cuda,torch,400,8,-0.497712,2.68017,0.0268241,8.39204,0.00468117,1.79821,0.0179863,6.70955,0.00318396,50,0.593,1.792,2026-08-01T11:12:59,9124b27,2.13.0+cu130,gonzalo
8,0.8,inf,hoyer,normal,fixed30,75,1e-07,0.001,16384,50,4,cuda,torch,400,8,-0.473204,14.1276,0.137544,16.8781,0.0116011,11.1107,0.1074,13.4553,0.00958733,50,0.557,1.792,2026-08-01T11:12:59,9124b27,2.13.0+cu130,gonzalo
8,0.8,40,hoyer,normal,fixed30,75,1e-07,0.001,16384,50,4,cuda,torch,400,8,-0.475096,14.416,0.140401,16.8781,0.0116011,11.339,0.109657,13.4553,0.00958733,50,0.63,1.792,2026-08-01T11:12:59,9124b27,2.13.0+cu130,gonzalo
8,0.8,20,hoyer,normal,fixed30,75,1e-07,0.001,16384,50,4,cuda,torch,400,8,-0.483219,15.9834,0.155179,16.8781,0.0116011,12.6706,0.122078,13.4553,0.00958733,50,0.563,1.792,2026-08-01T11:12:59,9124b27,2.13.0+cu130,gonzalo
9,0.2,inf,hoyer,normal,fixed30,75,1e-07,0.001,16384,50,4,cuda,torch,400,8,-0.493387,1.94378,0.0193352,5.10647,0.00625156,1.41254,0.0140676,4.26559,0.00622246,50,0.564,1.792,2026-08-01T11:12:59,9124b27,2.13.0+cu130,gonzalo
9,0.2,40,hoyer,normal,fixed30,75,1e-07,0.001,16384,50,4,cuda,torch,400,8,-0.494125,1.53345,0.0152854,5.10647,0.00625156,1.10481,0.0110183,4.26559,0.00622246,50,0.573,1.792,2026-08-01T11:12:59,9124b27,2.13.0+cu130,gonzalo
9,0.2,20,hoyer,normal,fixed30,75,1e-07,0.001,16384,50,4,cuda,torch,400,8,-0.495002,1.61563,0.0162227,5.10647,0.00625156,1.26268,0.0126763,4.26559,0.00622246,50,0.56,1.792,2026-08-01T11:12:59,9124b27,2.13.0+cu130,gonzalo
9,0.4,inf,hoyer,normal,fixed30,75,1e-07,0.001,16384,50,4,cuda,torch,400,8,-0.493056,2.67236,0.026767,10.3212,0.0156022,1.92276,0.0192233,8.62854,0.0160915,50,0.562,1.792,2026-08-01T11:12:59,9124b27,2.13.0+cu130,gonzalo
9,0.4,40,hoyer,normal,fixed30,75,1e-07,0.001,16384,50,4,cuda,torch,400,8,-0.493611,2.49944,0.0250433,10.3212,0.0156022,1.77223,0.0177277,8.62854,0.0160915,50,0.56,1.792,2026-08-01T11:12:59,9124b27,2.13.0+cu130,gonzalo
9,0.4,20,hoyer,normal,fixed30,75,1e-07,0.001,16384,50,4,cuda,torch,400,8,-0.49406,2.86437,0.0287541,10.3212,0.0156022,2.27804,0.022822,8.62854,0.0160915,50,0.561,1.792,2026-08-01T11:12:59,9124b27,2.13.0+cu130,gonzalo
9,0.8,inf,hoyer,normal,fixed30,75,1e-07,0.001,16384,50,4,cuda,torch,400,8,-0.465503,16.4721,0.169518,21.0496,0.0420231,14.0242,0.145617,17.644,0.04379,50,0.545,1.792,2026-08-01T11:12:59,9124b27,2.13.0+cu130,gonzalo
9,0.8,40,hoyer,normal,fixed30,75,1e-07,0.001,16384,50,4,cuda,torch,400,8,-0.46629,16.5334,0.170073,21.0496,0.0420231,14.0819,0.146167,17.644,0.04379,50,0.544,1.792,2026-08-01T11:12:59,9124b27,2.13.0+cu130,gonzalo
9,0.8,20,hoyer,normal,fixed30,75,1e-07,0.001,16384,50,4,cuda,torch,400,8,-0.499433,2.38649,0.0240104,21.0496,0.0420231,1.56684,0.0157615,17.644,0.04379,50,0.56,1.792,2026-08-01T11:12:59,9124b27,2.13.0+cu130,gonzalo
10,0.2,inf,hoyer,normal,fixed30,75,1e-07,0.001,16384,50,4,cuda,torch,400,8,-0.494149,0.874512,0.00875438,4.29961,0.00355008,0.603103,0.00603992,3.72893,0.0032509,50,0.628,1.792,2026-08-01T11:12:59,9124b27,2.13.0+cu130,gonzalo
10,0.2,40,hoyer,normal,fixed30,75,1e-07,0.001,16384,50,4,cuda,torch,400,8,-0.494734,1.32944,0.0133281,4.29961,0.00355008,0.862167,0.00864211,3.72893,0.0032509,50,0.611,1.792,2026-08-01T11:12:59,9124b27,2.13.0+cu130,gonzalo
10,0.2,20,hoyer,normal,fixed30,75,1e-07,0.001,16384,50,4,cuda,torch,400,8,-0.499453,2.42722,0.0243965,4.29961,0.00355008,1.58119,0.0159211,3.72893,0.0032509,50,0.645,1.792,2026-08-01T11:12:59,9124b27,2.13.0+cu130,gonzalo
10,0.4,inf,hoyer,normal,fixed30,75,1e-07,0.001,16384,50,4,cuda,torch,400,8,-0.493234,2.45766,0.0245593,8.6009,0.00686183,1.75681,0.0176064,7.43999,0.00585708,50,0.565,1.792,2026-08-01T11:12:59,9124b27,2.13.0+cu130,gonzalo
10,0.4,40,hoyer,normal,fixed30,75,1e-07,0.001,16384,50,4,cuda,torch,400,8,-0.494847,1.67612,0.0167717,8.6009,0.00686183,1.1846,0.0118742,7.43999,0.00585708,50,0.59,1.792,2026-08-01T11:12:59,9124b27,2.13.0+cu130,gonzalo
10,0.4,20,hoyer,normal,fixed30,75,1e-07,0.001,16384,50,4,cuda,torch,400,8,-0.496182,2.20276,0.0218657,8.6009,0.00686183,1.6155,0.0161207,7.43999,0.00585708,50,0.68,1.792,2026-08-01T11:12:59,9124b27,2.13.0+cu130,gonzalo
10,0.8,inf,hoyer,normal,fixed30,75,1e-07,0.001,16384,50,4,cuda,torch,400,8,-0.493324,3.31705,0.0330085,17.2108,0.0134552,2.33507,0.0233503,14.8099,0.00995171,50,0.636,1.792,2026-08-01T11:12:59,9124b27,2.13.0+cu130,gonzalo
10,0.8,40,hoyer,normal,fixed30,75,1e-07,0.001,16384,50,4,cuda,torch,400,8,-0.494406,3.34028,0.0332612,17.2108,0.0134552,2.34201,0.0234389,14.8099,0.00995171,50,0.571,1.792,2026-08-01T11:12:59,9124b27,2.13.0+cu130,gonzalo
10,0.8,20,hoyer,normal,fixed30,75,1e-07,0.001,16384,50,4,cuda,torch,400,8,-0.494002,4.03642,0.040628,17.2108,0.0134552,2.97203,0.0299835,14.8099,0.00995171,50,0.651,1.792,2026-08-01T11:12:59,9124b27,2.13.0+cu130,gonzalo
1,0.2,inf,hoyer,normal,fixed30,75,1e-07,0.001,16384,100,4,cuda,torch,400,8,-0.496262,0.732524,0.00736297,3.9497,0.00479213,0.433876,0.0043501,2.80681,0.00448657,100,1.162,2.334,2026-08-01T11:14:32,9124b27,2.13.0+cu130,gonzalo
1,0.2,40,hoyer,normal,fixed30,75,1e-07,0.001,16384,100,4,cuda,torch,400,8,-0.497129,0.72085,0.00724273,3.9497,0.00479213,0.410616,0.00411544,2.80681,0.00448657,100,1.169,2.334,2026-08-01T11:14:32,9124b27,2.13.0+cu130,gonzalo
1,0.2,20,hoyer,normal,fixed30,75,1e-07,0.001,16384,100,4,cuda,torch,400,8,-0.49948,2.29404,0.0232961,3.9497,0.00479213,1.56016,0.0158429,2.80681,0.00448657,100,1.158,2.334,2026-08-01T11:14:32,9124b27,2.13.0+cu130,gonzalo
1,0.4,inf,hoyer,normal,fixed30,75,1e-07,0.001,16384,100,4,cuda,torch,400,8,-0.496937,1.31716,0.013288,8.01912,0.0083344,0.737638,0.00740597,5.66111,0.00736837,100,1.155,2.334,2026-08-01T11:14:32,9124b27,2.13.0+cu130,gonzalo
1,0.4,40,hoyer,normal,fixed30,75,1e-07,0.001,16384,100,4,cuda,torch,400,8,-0.497713,1.29127,0.0130155,8.01912,0.0083344,0.731031,0.0073353,5.66111,0.00736837,100,1.186,2.334,2026-08-01T11:14:32,9124b27,2.13.0+cu130,gonzalo
1,0.4,20,hoyer,normal,fixed30,75,1e-07,0.001,16384,100,4,cuda,torch,400,8,-0.499863,1.94216,0.0195069,8.01912,0.0083344,1.32925,0.0133785,5.66111,0.00736837,100,1.244,2.334,2026-08-01T11:14:32,9124b27,2.13.0+cu130,gonzalo
1,0.8,inf,hoyer,normal,fixed30,75,1e-07,0.001,16384,100,4,cuda,torch,400,8,-0.498048,2.51431,0.0255049,16.5439,0.014373,1.39726,0.0140661,11.5177,0.0107413,100,1.283,2.334,2026-08-01T11:14:32,9124b27,2.13.0+cu130,gonzalo
1,0.8,40,hoyer,normal,fixed30,75,1e-07,0.001,16384,100,4,cuda,torch,400,8,-0.498777,2.41134,0.0244263,16.5439,0.014373,1.3383,0.0134578,11.5177,0.0107413,100,1.219,2.334,2026-08-01T11:14:32,9124b27,2.13.0+cu130,gonzalo
1,0.8,20,hoyer,normal,fixed30,75,1e-07,0.001,16384,100,4,cuda,torch,400,8,-0.50091,2.56247,0.0258753,16.5439,0.014373,1.59534,0.0160781,11.5177,0.0107413,100,1.217,2.334,2026-08-01T11:14:32,9124b27,2.13.0+cu130,gonzalo
2,0.2,inf,hoyer,normal,fixed30,75,1e-07,0.001,16384,100,4,cuda,torch,400,8,-0.495055,0.777018,0.00772582,3.87511,0.00273464,0.437694,0.0043643,3.28263,0.00185466,100,1.281,2.334,2026-08-01T11:14:32,9124b27,2.13.0+cu130,gonzalo
2,0.2,40,hoyer,normal,fixed30,75,1e-07,0.001,16384,100,4,cuda,torch,400,8,-0.495688,0.793047,0.00788513,3.87511,0.00273464,0.437426,0.00436222,3.28263,0.00185466,100,1.37,2.334,2026-08-01T11:14:32,9124b27,2.13.0+cu130,gonzalo
2,0.2,20,hoyer,normal,fixed30,75,1e-07,0.001,16384,100,4,cuda,torch,400,8,-0.500485,2.36204,0.0235899,3.87511,0.00273464,1.57582,0.0158227,3.28263,0.00185466,100,1.26,2.334,2026-08-01T11:14:32,9124b27,2.13.0+cu130,gonzalo
2,0.4,inf,hoyer,normal,fixed30,75,1e-07,0.001,16384,100,4,cuda,torch,400,8,-0.494637,1.03914,0.0103067,7.6336,0.00623601,0.533253,0.00530618,6.49394,0.00474227,100,1.337,2.334,2026-08-01T11:14:32,9124b27,2.13.0+cu130,gonzalo
2,0.4,40,hoyer,normal,fixed30,75,1e-07,0.001,16384,100,4,cuda,torch,400,8,-0.495239,1.12164,0.0111381,7.6336,0.00623601,0.535385,0.00534014,6.49394,0.00474227,100,1.225,2.334,2026-08-01T11:14:32,9124b27,2.13.0+cu130,gonzalo
2,0.4,20,hoyer,normal,fixed30,75,1e-07,0.001,16384,100,4,cuda,torch,400,8,-0.500409,2.99923,0.029641,7.6336,0.00623601,1.91032,0.018999,6.49394,0.00474227,100,1.209,2.334,2026-08-01T11:14:32,9124b27,2.13.0+cu130,gonzalo
2,0.8,inf,hoyer,normal,fixed30,75,1e-07,0.001,16384,100,4,cuda,torch,400,8,-0.489384,7.19987,0.069575,14.8258,0.0188542,4.41438,0.0434434,12.7108,0.0174539,100,1.117,2.334,2026-08-01T11:14:32,9124b27,2.13.0+cu130,gonzalo
2,0.8,40,hoyer,normal,fixed30,75,1e-07,0.001,16384,100,4,cuda,torch,400,8,-0.493248,4.05736,0.0387686,14.8258,0.0188542,2.24976,0.021974,12.7108,0.0174539,100,1.289,2.334,2026-08-01T11:14:32,9124b27,2.13.0+cu130,gonzalo
2,0.8,20,hoyer,normal,fixed30,75,1e-07,0.001,16384,100,4,cuda,torch,400,8,-0.490497,7.2142,0.0695808,14.8258,0.0188542,4.16248,0.0409814,12.7108,0.0174539,100,1.141,2.334,2026-08-01T11:14:32,9124b27,2.13.0+cu130,gonzalo
3,0.2,inf,hoyer,normal,fixed30,75,1e-07,0.001,16384,100,4,cuda,torch,400,8,-0.495615,0.471172,0.00471935,3.96223,0.001591,0.316383,0.00316652,2.92538,0.00121479,100,1.358,2.334,2026-08-01T11:14:32,9124b27,2.13.0+cu130,gonzalo
3,0.2,40,hoyer,normal,fixed30,75,1e-07,0.001,16384,100,4,cuda,torch,400,8,-0.495591,0.562022,0.0056182,3.96223,0.001591,0.378501,0.00378557,2.92538,0.00121479,100,1.318,2.334,2026-08-01T11:14:32,9124b27,2.13.0+cu130,gonzalo
3,0.2,20,hoyer,normal,fixed30,75,1e-07,0.001,16384,100,4,cuda,torch,400,8,-0.498067,2.7239,0.0272387,3.96223,0.001591,1.62006,0.0162984,2.92538,0.00121479,100,1.451,2.334,2026-08-01T11:14:32,9124b27,2.13.0+cu130,gonzalo
3,0.4,inf,hoyer,normal,fixed30,75,1e-07,0.001,16384,100,4,cuda,torch,400,8,-0.49573,0.741548,0.00745199,8.00337,0.00308768,0.445855,0.00447086,5.87492,0.00213631,100,1.351,2.334,2026-08-01T11:14:32,9124b27,2.13.0+cu130,gonzalo
3,0.4,40,hoyer,normal,fixed30,75,1e-07,0.001,16384,100,4,cuda,torch,400,8,-0.495484,1.04214,0.0104588,8.00337,0.00308768,0.649211,0.00650611,5.87492,0.00213631,100,1.283,2.334,2026-08-01T11:14:32,9124b27,2.13.0+cu130,gonzalo
3,0.4,20,hoyer,normal,fixed30,75,1e-07,0.001,16384,100,4,cuda,torch,400,8,-0.49989,2.99624,0.0304802,8.00337,0.00308768,2.03246,0.0206851,5.87492,0.00213631,100,1.395,2.334,2026-08-01T11:14:32,9124b27,2.13.0+cu130,gonzalo
3,0.8,inf,hoyer,normal,fixed30,75,1e-07,0.001,16384,100,4,cuda,torch,400,8,-0.495098,2.42886,0.0238294,16.3393,0.00715361,1.25504,0.0124717,11.8498,0.00503285,100,1.248,2.334,2026-08-01T11:14:32,9124b27,2.13.0+cu130,gonzalo
3,0.8,40,hoyer,normal,fixed30,75,1e-07,0.001,16384,100,4,cuda,torch,400,8,-0.49595,1.43973,0.0144861,16.3393,0.00715361,0.861057,0.00865024,11.8498,0.00503285,100,1.268,2.334,2026-08-01T11:14:32,9124b27,2.13.0+cu130,gonzalo
3,0.8,20,hoyer,normal,fixed30,75,1e-07,0.001,16384,100,4,cuda,torch,400,8,-0.49767,2.55691,0.0255274,16.3393,0.00715361,1.52308,0.0152777,11.8498,0.00503285,100,1.33,2.334,2026-08-01T11:14:32,9124b27,2.13.0+cu130,gonzalo
4,0.2,inf,hoyer,normal,fixed30,75,1e-07,0.001,16384,100,4,cuda,torch,400,8,-0.495511,0.561705,0.00560204,4.78204,0.00301097,0.434659,0.00434459,3.64935,0.00229466,100,1.426,2.334,2026-08-01T11:14:32,9124b27,2.13.0+cu130,gonzalo
4,0.2,40,hoyer,normal,fixed30,75,1e-07,0.001,16384,100,4,cuda,torch,400,8,-0.496844,0.765448,0.00764981,4.78204,0.00301097,0.572053,0.00571842,3.64935,0.00229466,100,1.313,2.334,2026-08-01T11:14:32,9124b27,2.13.0+cu130,gonzalo
4,0.2,20,hoyer,normal,fixed30,75,1e-07,0.001,16384,100,4,cuda,torch,400,8,-0.500847,2.32837,0.0230679,4.78204,0.00301097,1.39145,0.0138472,3.64935,0.00229466,100,1.259,2.334,2026-08-01T11:14:32,9124b27,2.13.0+cu130,gonzalo
4,0.4,inf,hoyer,normal,fixed30,75,1e-07,0.001,16384,100,4,cuda,torch,400,8,-0.495446,1.51115,0.0148808,9.53594,0.00774396,0.879618,0.00874583,7.282,0.00671299,100,1.203,2.334,2026-08-01T11:14:32,9124b27,2.13.0+cu130,gonzalo
4,0.4,40,hoyer,normal,fixed30,75,1e-07,0.001,16384,100,4,cuda,torch,400,8,-0.497046,1.3268,0.0131191,9.53594,0.00774396,0.790182,0.00785868,7.282,0.00671299,100,1.332,2.334,2026-08-01T11:14:32,9124b27,2.13.0+cu130,gonzalo
4,0.4,20,hoyer,normal,fixed30,75,1e-07,0.001,16384,100,4,cuda,torch,400,8,-0.50212,2.37486,0.0242874,9.53594,0.00774396,1.75421,0.0178664,7.282,0.00671299,100,1.384,2.334,2026-08-01T11:14:32,9124b27,2.13.0+cu130,gonzalo
4,0.8,inf,hoyer,normal,fixed30,75,1e-07,0.001,16384,100,4,cuda,torch,400,8,-0.494921,5.19552,0.0491307,18.9441,0.0310387,2.48226,0.0241083,14.4923,0.0302869,100,1.361,2.334,2026-08-01T11:14:32,9124b27,2.13.0+cu130,gonzalo
4,0.8,40,hoyer,normal,fixed30,75,1e-07,0.001,16384,100,4,cuda,torch,400,8,-0.49729,3.0658,0.0296616,18.9441,0.0310387,1.86935,0.0185541,14.4923,0.0302869,100,1.31,2.334,2026-08-01T11:14:32,9124b27,2.13.0+cu130,gonzalo
4,0.8,20,hoyer,normal,fixed30,75,1e-07,0.001,16384,100,4,cuda,torch,400,8,-0.502167,2.25022,0.0225277,18.9441,0.0310387,1.47949,0.0148718,14.4923,0.0302869,100,1.391,2.334,2026-08-01T11:14:32,9124b27,2.13.0+cu130,gonzalo
5,0.2,inf,hoyer,normal,fixed30,75,1e-07,0.001,16384,100,4,cuda,torch,400,8,-0.494953,1.6561,0.0164746,3.59851,0.0129451,1.03568,0.0103416,2.63017,0.0134565,100,1.272,2.334,2026-08-01T11:14:32,9124b27,2.13.0+cu130,gonzalo
5,0.2,40,hoyer,normal,fixed30,75,1e-07,0.001,16384,100,4,cuda,torch,400,8,-0.495593,1.27015,0.0127087,3.59851,0.0129451,0.878228,0.00878988,2.63017,0.0134565,100,1.412,2.334,2026-08-01T11:14:32,9124b27,2.13.0+cu130,gonzalo
5,0.2,20,hoyer,normal,fixed30,75,1e-07,0.001,16384,100,4,cuda,torch,400,8,-0.499065,2.01328,0.0201766,3.59851,0.0129451,1.15195,0.0115265,2.63017,0.0134565,100,1.312,2.334,2026-08-01T11:14:32,9124b27,2.13.0+cu130,gonzalo
5,0.4,inf,hoyer,normal,fixed30,75,1e-07,0.001,16384,100,4,cuda,torch,400,8,-0.49506,1.9653,0.0193694,7.25264,0.0289317,1.25136,0.0123683,5.28404,0.0299439,100,1.391,2.334,2026-08-01T11:14:32,9124b27,2.13.0+cu130,gonzalo
5,0.4,40,hoyer,normal,fixed30,75,1e-07,0.001,16384,100,4,cuda,torch,400,8,-0.495666,1.56417,0.0154857,7.25264,0.0289317,0.974499,0.00967042,5.28404,0.0299439,100,1.284,2.334,2026-08-01T11:14:32,9124b27,2.13.0+cu130,gonzalo
5,0.4,20,hoyer,normal,fixed30,75,1e-07,0.001,16384,100,4,cuda,torch,400,8,-0.498229,2.10519,0.0210806,7.25264,0.0289317,1.19838,0.011994,5.28404,0.0299439,100,1.178,2.334,2026-08-01T11:14:32,9124b27,2.13.0+cu130,gonzalo
5,0.8,inf,hoyer,normal,fixed30,75,1e-07,0.001,16384,100,4,cuda,torch,400,8,-0.49438,3.31288,0.0320881,14.7383,0.0709379,2.11158,0.0206361,10.6651,0.0724598,100,1.208,2.334,2026-08-01T11:14:32,9124b27,2.13.0+cu130,gonzalo
5,0.8,40,hoyer,normal,fixed30,75,1e-07,0.001,16384,100,4,cuda,torch,400,8,-0.49498,3.21093,0.0312419,14.7383,0.0709379,2.01158,0.0197185,10.6651,0.0724598,100,1.245,2.334,2026-08-01T11:14:32,9124b27,2.13.0+cu130,gonzalo
5,0.8,20,hoyer,normal,fixed30,75,1e-07,0.001,16384,100,4,cuda,torch,400,8,-0.499671,3.91495,0.0384955,14.7383,0.0709379,2.12713,0.0210824,10.6651,0.0724598,100,1.15,2.334,2026-08-01T11:14:32,9124b27,2.13.0+cu130,gonzalo
6,0.2,inf,hoyer,normal,fixed30,75,1e-07,0.001,16384,100,4,cuda,torch,400,8,-0.49582,0.319513,0.00319489,4.06629,0.00236199,0.196719,0.0019672,3.49629,0.00192267,100,1.241,2.334,2026-08-01T11:14:32,9124b27,2.13.0+cu130,gonzalo
6,0.2,40,hoyer,normal,fixed30,75,1e-07,0.001,16384,100,4,cuda,torch,400,8,-0.497073,0.468578,0.00468518,4.06629,0.00236199,0.36275,0.00362796,3.49629,0.00192267,100,1.252,2.334,2026-08-01T11:14:32,9124b27,2.13.0+cu130,gonzalo
6,0.2,20,hoyer,normal,fixed30,75,1e-07,0.001,16384,100,4,cuda,torch,400,8,-0.499048,1.60669,0.0162933,4.06629,0.00236199,1.25232,0.0126651,3.49629,0.00192267,100,1.216,2.334,2026-08-01T11:14:32,9124b27,2.13.0+cu130,gonzalo
6,0.4,inf,hoyer,normal,fixed30,75,1e-07,0.001,16384,100,4,cuda,torch,400,8,-0.49601,0.902176,0.00900722,8.07184,0.00492231,0.574835,0.00574098,6.96086,0.00401434,100,1.238,2.334,2026-08-01T11:14:32,9124b27,2.13.0+cu130,gonzalo
6,0.4,40,hoyer,normal,fixed30,75,1e-07,0.001,16384,100,4,cuda,torch,400,8,-0.497336,0.722824,0.00722157,8.07184,0.00492231,0.439621,0.00439788,6.96086,0.00401434,100,1.369,2.334,2026-08-01T11:14:32,9124b27,2.13.0+cu130,gonzalo
6,0.4,20,hoyer,normal,fixed30,75,1e-07,0.001,16384,100,4,cuda,torch,400,8,-0.498297,2.75353,0.0276834,8.07184,0.00492231,2.03744,0.0205992,6.96086,0.00401434,100,1.184,2.334,2026-08-01T11:14:32,9124b27,2.13.0+cu130,gonzalo
6,0.8,inf,hoyer,normal,fixed30,75,1e-07,0.001,16384,100,4,cuda,torch,400,8,-0.474459,12.915,0.123015,15.9113,0.011515,10.6755,0.102826,13.797,0.00987448,100,1.173,2.334,2026-08-01T11:14:32,9124b27,2.13.0+cu130,gonzalo
6,0.8,40,hoyer,normal,fixed30,75,1e-07,0.001,16384,100,4,cuda,torch,400,8,-0.475965,13.1447,0.125211,15.9113,0.011515,10.9024,0.105056,13.797,0.00987448,100,1.207,2.334,2026-08-01T11:14:32,9124b27,2.13.0+cu130,gonzalo
6,0.8,20,hoyer,normal,fixed30,75,1e-07,0.001,16384,100,4,cuda,torch,400,8,-0.482027,12.2021,0.117146,15.9113,0.011515,10.0255,0.0971054,13.797,0.00987448,100,1.303,2.334,2026-08-01T11:14:32,9124b27,2.13.0+cu130,gonzalo
7,0.2,inf,hoyer,normal,fixed30,75,1e-07,0.001,16384,100,4,cuda,torch,400,8,-0.49598,0.475676,0.00476085,5.05801,0.00312917,0.334287,0.00334013,4.27706,0.00246918,100,1.333,2.334,2026-08-01T11:14:32,9124b27,2.13.0+cu130,gonzalo
7,0.2,40,hoyer,normal,fixed30,75,1e-07,0.001,16384,100,4,cuda,torch,400,8,-0.497192,0.519685,0.00520264,5.05801,0.00312917,0.348242,0.00348579,4.27706,0.00246918,100,1.519,2.334,2026-08-01T11:14:32,9124b27,2.13.0+cu130,gonzalo
7,0.2,20,hoyer,normal,fixed30,75,1e-07,0.001,16384,100,4,cuda,torch,400,8,-0.500321,2.26247,0.022534,5.05801,0.00312917,1.39583,0.0139554,4.27706,0.00246918,100,1.223,2.334,2026-08-01T11:14:32,9124b27,2.13.0+cu130,gonzalo
7,0.4,inf,hoyer,normal,fixed30,75,1e-07,0.001,16384,100,4,cuda,torch,400,8,-0.49636,1.08679,0.0109429,10.1879,0.00663565,0.565226,0.00565865,8.59942,0.00565098,100,1.281,2.334,2026-08-01T11:14:32,9124b27,2.13.0+cu130,gonzalo
7,0.4,40,hoyer,normal,fixed30,75,1e-07,0.001,16384,100,4,cuda,torch,400,8,-0.497831,0.921369,0.00929005,10.1879,0.00663565,0.524463,0.0052547,8.59942,0.00565098,100,1.219,2.334,2026-08-01T11:14:32,9124b27,2.13.0+cu130,gonzalo
7,0.4,20,hoyer,normal,fixed30,75,1e-07,0.001,16384,100,4,cuda,torch,400,8,-0.500679,2.39573,0.0242705,10.1879,0.00663565,1.73742,0.0175094,8.59942,0.00565098,100,1.186,2.334,2026-08-01T11:14:32,9124b27,2.13.0+cu130,gonzalo
7,0.8,inf,hoyer,normal,fixed30,75,1e-07,0.001,16384,100,4,cuda,torch,400,8,-0.497511,1.7183,0.0174742,20.6432,0.0154814,0.799914,0.00802689,17.3717,0.0139716,100,1.533,2.334,2026-08-01T11:14:32,9124b27,2.13.0+cu130,gonzalo
7,0.8,40,hoyer,normal,fixed30,75,1e-07,0.001,16384,100,4,cuda,torch,400,8,-0.499315,1.63978,0.0166749,20.6432,0.0154814,0.855045,0.00857802,17.3717,0.0139716,100,1.406,2.334,2026-08-01T11:14:32,9124b27,2.13.0+cu130,gonzalo
7,0.8,20,hoyer,normal,fixed30,75,1e-07,0.001,16384,100,4,cuda,torch,400,8,-0.508461,2.96319,0.0300989,20.6432,0.0154814,2.1289,0.0215056,17.3717,0.0139716,100,1.37,2.334,2026-08-01T11:14:32,9124b27,2.13.0+cu130,gonzalo
8,0.2,inf,hoyer,normal,fixed30,75,1e-07,0.001,16384,100,4,cuda,torch,400,8,-0.495496,0.656356,0.00656793,4.18503,0.00217594,0.380952,0.00380835,3.35071,0.00130623,100,1.535,2.334,2026-08-01T11:14:32,9124b27,2.13.0+cu130,gonzalo
8,0.2,40,hoyer,normal,fixed30,75,1e-07,0.001,16384,100,4,cuda,torch,400,8,-0.497559,0.562157,0.00561611,4.18503,0.00217594,0.327584,0.00327306,3.35071,0.00130623,100,1.325,2.334,2026-08-01T11:14:32,9124b27,2.13.0+cu130,gonzalo
8,0.2,20,hoyer,normal,fixed30,75,1e-07,0.001,16384,100,4,cuda,torch,400,8,-0.495614,7.17589,0.0677353,4.18503,0.00217594,4.3095,0.0417267,3.35071,0.00130623,100,1.069,2.334,2026-08-01T11:14:32,9124b27,2.13.0+cu130,gonzalo
8,0.4,inf,hoyer,normal,fixed30,75,1e-07,0.001,16384,100,4,cuda,torch,400,8,-0.49562,0.734038,0.00736115,8.39204,0.00468117,0.3295,0.00329372,6.70955,0.00318396,100,1.171,2.334,2026-08-01T11:14:32,9124b27,2.13.0+cu130,gonzalo
8,0.4,40,hoyer,normal,fixed30,75,1e-07,0.001,16384,100,4,cuda,torch,400,8,-0.497636,0.821494,0.00822642,8.39204,0.00468117,0.387539,0.00387191,6.70955,0.00318396,100,1.215,2.334,2026-08-01T11:14:32,9124b27,2.13.0+cu130,gonzalo
8,0.4,20,hoyer,normal,fixed30,75,1e-07,0.001,16384,100,4,cuda,torch,400,8,-0.500929,1.83891,0.0184673,8.39204,0.00468117,1.26194,0.0126588,6.70955,0.00318396,100,1.209,2.334,2026-08-01T11:14:32,9124b27,2.13.0+cu130,gonzalo
8,0.8,inf,hoyer,normal,fixed30,75,1e-07,0.001,16384,100,4,cuda,torch,400,8,-0.47734,10.8527,0.106822,16.8781,0.0116011,9.2407,0.089928,13.4553,0.00958733,100,1.173,2.334,2026-08-01T11:14:32,9124b27,2.13.0+cu130,gonzalo
8,0.8,40,hoyer,normal,fixed30,75,1e-07,0.001,16384,100,4,cuda,torch,400,8,-0.479445,10.9875,0.108208,16.8781,0.0116011,9.35509,0.0911144,13.4553,0.00958733,100,1.287,2.334,2026-08-01T11:14:32,9124b27,2.13.0+cu130,gonzalo
8,0.8,20,hoyer,normal,fixed30,75,1e-07,0.001,16384,100,4,cuda,torch,400,8,-0.487505,12.4374,0.121682,16.8781,0.0116011,10.6813,0.103462,13.4553,0.00958733,100,1.246,2.334,2026-08-01T11:14:32,9124b27,2.13.0+cu130,gonzalo
9,0.2,inf,hoyer,normal,fixed30,75,1e-07,0.001,16384,100,4,cuda,torch,400,8,-0.495686,0.492973,0.00493848,5.10647,0.00625156,0.383096,0.00383038,4.26559,0.00622246,100,1.208,2.334,2026-08-01T11:14:32,9124b27,2.13.0+cu130,gonzalo
9,0.2,40,hoyer,normal,fixed30,75,1e-07,0.001,16384,100,4,cuda,torch,400,8,-0.496151,0.493277,0.00493976,5.10647,0.00625156,0.330095,0.00330198,4.26559,0.00622246,100,1.191,2.334,2026-08-01T11:14:32,9124b27,2.13.0+cu130,gonzalo
9,0.2,20,hoyer,normal,fixed30,75,1e-07,0.001,16384,100,4,cuda,torch,400,8,-0.497396,2.12037,0.0211883,5.10647,0.00625156,1.50347,0.0151292,4.26559,0.00622246,100,1.198,2.334,2026-08-01T11:14:32,9124b27,2.13.0+cu130,gonzalo
9,0.4,inf,hoyer,normal,fixed30,75,1e-07,0.001,16384,100,4,cuda,torch,400,8,-0.495938,0.864528,0.00872097,10.3212,0.0156022,0.497723,0.00499757,8.62854,0.0160915,100,1.28,2.334,2026-08-01T11:14:32,9124b27,2.13.0+cu130,gonzalo
9,0.4,40,hoyer,normal,fixed30,75,1e-07,0.001,16384,100,4,cuda,torch,400,8,-0.496343,0.820254,0.00824565,10.3212,0.0156022,0.484351,0.00485161,8.62854,0.0160915,100,1.263,2.334,2026-08-01T11:14:32,9124b27,2.13.0+cu130,gonzalo
9,0.4,20,hoyer,normal,fixed30,75,1e-07,0.001,16384,100,4,cuda,torch,400,8,-0.49686,1.41485,0.0142632,10.3212,0.0156022,1.09179,0.0109602,8.62854,0.0160915,100,1.174,2.334,2026-08-01T11:14:32,9124b27,2.13.0+cu130,gonzalo
9,0.8,inf,hoyer,normal,fixed30,75,1e-07,0.001,16384,100,4,cuda,torch,400,8,-0.469536,15.6885,0.159614,21.0496,0.0420231,13.038,0.134355,17.644,0.04379,100,1.423,2.334,2026-08-01T11:14:32,9124b27,2.13.0+cu130,gonzalo
9,0.8,40,hoyer,normal,fixed30,75,1e-07,0.001,16384,100,4,cuda,torch,400,8,-0.47039,15.69,0.159547,21.0496,0.0420231,13.0543,0.134442,17.644,0.04379,100,1.484,2.334,2026-08-01T11:14:32,9124b27,2.13.0+cu130,gonzalo
9,0.8,20,hoyer,normal,fixed30,75,1e-07,0.001,16384,100,4,cuda,torch,400,8,-0.501838,2.26105,0.02269,21.0496,0.0420231,1.68041,0.01697,17.644,0.04379,100,1.197,2.334,2026-08-01T11:14:32,9124b27,2.13.0+cu130,gonzalo
10,0.2,inf,hoyer,normal,fixed30,75,1e-07,0.001,16384,100,4,cuda,torch,400,8,-0.495759,0.406568,0.00407006,4.29961,0.00355008,0.240921,0.00241037,3.72893,0.0032509,100,1.214,2.334,2026-08-01T11:14:32,9124b27,2.13.0+cu130,gonzalo
10,0.2,40,hoyer,normal,fixed30,75,1e-07,0.001,16384,100,4,cuda,torch,400,8,-0.496647,0.558393,0.00559368,4.29961,0.00355008,0.395084,0.00395426,3.72893,0.0032509,100,1.364,2.334,2026-08-01T11:14:32,9124b27,2.13.0+cu130,gonzalo
10,0.2,20,hoyer,normal,fixed30,75,1e-07,0.001,16384,100,4,cuda,torch,400,8,-0.500675,2.15394,0.0213964,4.29961,0.00355008,1.19944,0.0119572,3.72893,0.0032509,100,1.354,2.334,2026-08-01T11:14:32,9124b27,2.13.0+cu130,gonzalo
10,0.4,inf,hoyer,normal,fixed30,75,1e-07,0.001,16384,100,4,cuda,torch,400,8,-0.495859,1.09774,0.0110077,8.6009,0.00686183,0.708182,0.00707868,7.43999,0.00585708,100,1.227,2.334,2026-08-01T11:14:32,9124b27,2.13.0+cu130,gonzalo
10,0.4,40,hoyer,normal,fixed30,75,1e-07,0.001,16384,100,4,cuda,torch,400,8,-0.496962,0.790247,0.00793529,8.6009,0.00686183,0.456306,0.00457504,7.43999,0.00585708,100,1.285,2.334,2026-08-01T11:14:32,9124b27,2.13.0+cu130,gonzalo
10,0.4,20,hoyer,normal,fixed30,75,1e-07,0.001,16384,100,4,cuda,torch,400,8,-0.497917,1.74568,0.0173935,8.6009,0.00686183,1.00962,0.0100803,7.43999,0.00585708,100,1.219,2.334,2026-08-01T11:14:32,9124b27,2.13.0+cu130,gonzalo
10,0.8,inf,hoyer,normal,fixed30,75,1e-07,0.001,16384,100,4,cuda,torch,400,8,-0.496551,1.52514,0.0153315,17.2108,0.0134552,0.937931,0.00938379,14.8099,0.00995171,100,1.209,2.334,2026-08-01T11:14:32,9124b27,2.13.0+cu130,gonzalo
10,0.8,40,hoyer,normal,fixed30,75,1e-07,0.001,16384,100,4,cuda,torch,400,8,-0.497654,1.39619,0.0140446,17.2108,0.0134552,0.848432,0.00849822,14.8099,0.00995171,100,1.237,2.334,2026-08-01T11:14:32,9124b27,2.13.0+cu130,gonzalo
10,0.8,20,hoyer,normal,fixed30,75,1e-07,0.001,16384,100,4,cuda,torch,400,8,-0.496721,1.96203,0.0197907,17.2108,0.0134552,1.33781,0.0134737,14.8099,0.00995171,100,1.247,2.334,2026-08-01T11:14:32,9124b27,2.13.0+cu130,gonzalo
1,0.2,inf,hoyer,normal,fixed30,75,1e-07,0.001,16384,200,4,cuda,torch,400,8,-0.496309,0.540897,0.00541861,3.9497,0.00479213,0.306445,0.00306601,2.80681,0.00448657,200,2.246,3.933,2026-08-01T11:17:10,9124b27,2.13.0+cu130,gonzalo
1,0.2,40,hoyer,normal,fixed30,75,1e-07,0.001,16384,200,4,cuda,torch,400,8,-0.497172,0.581808,0.00583514,3.9497,0.00479213,0.323925,0.00324349,2.80681,0.00448657,171,2.306,3.933,2026-08-01T11:17:10,9124b27,2.13.0+cu130,gonzalo
1,0.2,20,hoyer,normal,fixed30,75,1e-07,0.001,16384,200,4,cuda,torch,400,8,-0.499519,2.21235,0.0224318,3.9497,0.00479213,1.47709,0.0149766,2.80681,0.00448657,157,2.09,3.933,2026-08-01T11:17:10,9124b27,2.13.0+cu130,gonzalo
1,0.4,inf,hoyer,normal,fixed30,75,1e-07,0.001,16384,200,4,cuda,torch,400,8,-0.496977,1.16555,0.0117279,8.01912,0.0083344,0.657719,0.00659526,5.66111,0.00736837,160,2.286,3.933,2026-08-01T11:17:10,9124b27,2.13.0+cu130,gonzalo
1,0.4,40,hoyer,normal,fixed30,75,1e-07,0.001,16384,200,4,cuda,torch,400,8,-0.497749,1.1267,0.0113314,8.01912,0.0083344,0.635027,0.00636588,5.66111,0.00736837,164,2.378,3.933,2026-08-01T11:17:10,9124b27,2.13.0+cu130,gonzalo
1,0.4,20,hoyer,normal,fixed30,75,1e-07,0.001,16384,200,4,cuda,torch,400,8,-0.499902,1.74732,0.0175356,8.01912,0.0083344,1.15175,0.0115821,5.66111,0.00736837,200,2.582,3.933,2026-08-01T11:17:10,9124b27,2.13.0+cu130,gonzalo
1,0.8,inf,hoyer,normal,fixed30,75,1e-07,0.001,16384,200,4,cuda,torch,400,8,-0.498048,2.36747,0.0239224,16.5439,0.014373,1.32645,0.0133232,11.5177,0.0107413,200,2.161,3.933,2026-08-01T11:17:10,9124b27,2.13.0+cu130,gonzalo
1,0.8,40,hoyer,normal,fixed30,75,1e-07,0.001,16384,200,4,cuda,torch,400,8,-0.498831,2.18103,0.0220411,16.5439,0.014373,1.22493,0.0123046,11.5177,0.0107413,174,2.221,3.933,2026-08-01T11:17:10,9124b27,2.13.0+cu130,gonzalo
1,0.8,20,hoyer,normal,fixed30,75,1e-07,0.001,16384,200,4,cuda,torch,400,8,-0.500974,2.27954,0.0229513,16.5439,0.014373,1.42258,0.014315,11.5177,0.0107413,195,2.713,3.933,2026-08-01T11:17:10,9124b27,2.13.0+cu130,gonzalo
2,0.2,inf,hoyer,normal,fixed30,75,1e-07,0.001,16384,200,4,cuda,torch,400,8,-0.495198,0.485718,0.00484152,3.87511,0.00273464,0.25362,0.00253145,3.28263,0.00185466,183,2.6,3.933,2026-08-01T11:17:10,9124b27,2.13.0+cu130,gonzalo
2,0.2,40,hoyer,normal,fixed30,75,1e-07,0.001,16384,200,4,cuda,torch,400,8,-0.495797,0.59363,0.00591686,3.87511,0.00273464,0.283642,0.00283371,3.28263,0.00185466,172,2.647,3.933,2026-08-01T11:17:10,9124b27,2.13.0+cu130,gonzalo
2,0.2,20,hoyer,normal,fixed30,75,1e-07,0.001,16384,200,4,cuda,torch,400,8,-0.500528,2.28902,0.0227668,3.87511,0.00273464,1.50793,0.0150759,3.28263,0.00185466,200,2.659,3.933,2026-08-01T11:17:10,9124b27,2.13.0+cu130,gonzalo
2,0.4,inf,hoyer,normal,fixed30,75,1e-07,0.001,16384,200,4,cuda,torch,400,8,-0.494705,0.997487,0.00990507,7.6336,0.00623601,0.519344,0.00517243,6.49394,0.00474227,181,2.506,3.933,2026-08-01T11:17:10,9124b27,2.13.0+cu130,gonzalo
2,0.4,40,hoyer,normal,fixed30,75,1e-07,0.001,16384,200,4,cuda,torch,400,8,-0.495296,1.07372,0.0106604,7.6336,0.00623601,0.521982,0.00520385,6.49394,0.00474227,160,2.086,3.933,2026-08-01T11:17:10,9124b27,2.13.0+cu130,gonzalo
2,0.4,20,hoyer,normal,fixed30,75,1e-07,0.001,16384,200,4,cuda,torch,400,8,-0.500503,2.76823,0.0273429,7.6336,0.00623601,1.79405,0.0178363,6.49394,0.00474227,182,2.792,3.933,2026-08-01T11:17:10,9124b27,2.13.0+cu130,gonzalo
2,0.8,inf,hoyer,normal,fixed30,75,1e-07,0.001,16384,200,4,cuda,torch,400,8,-0.489927,7.01836,0.0676139,14.8258,0.0188542,4.28543,0.042098,12.7108,0.0174539,200,2.75,3.933,2026-08-01T11:17:10,9124b27,2.13.0+cu130,gonzalo
2,0.8,40,hoyer,normal,fixed30,75,1e-07,0.001,16384,200,4,cuda,torch,400,8,-0.493298,4.19767,0.0400463,14.8258,0.0188542,2.28376,0.0222695,12.7108,0.0174539,200,2.572,3.933,2026-08-01T11:17:10,9124b27,2.13.0+cu130,gonzalo
2,0.8,20,hoyer,normal,fixed30,75,1e-07,0.001,16384,200,4,cuda,torch,400,8,-0.491065,6.92784,0.0667421,14.8258,0.0188542,4.00148,0.0393324,12.7108,0.0174539,200,3.17,3.933,2026-08-01T11:17:10,9124b27,2.13.0+cu130,gonzalo
3,0.2,inf,hoyer,normal,fixed30,75,1e-07,0.001,16384,200,4,cuda,torch,400,8,-0.495703,0.298211,0.00298728,3.96223,0.001591,0.162492,0.00162611,2.92538,0.00121479,182,2.698,3.933,2026-08-01T11:17:10,9124b27,2.13.0+cu130,gonzalo
3,0.2,40,hoyer,normal,fixed30,75,1e-07,0.001,16384,200,4,cuda,torch,400,8,-0.495634,0.6013,0.00599779,3.96223,0.001591,0.374286,0.00373798,2.92538,0.00121479,200,2.79,3.933,2026-08-01T11:17:10,9124b27,2.13.0+cu130,gonzalo
3,0.2,20,hoyer,normal,fixed30,75,1e-07,0.001,16384,200,4,cuda,torch,400,8,-0.49817,2.56865,0.0256588,3.96223,0.001591,1.58266,0.0159043,2.92538,0.00121479,194,3.005,3.933,2026-08-01T11:17:10,9124b27,2.13.0+cu130,gonzalo
3,0.4,inf,hoyer,normal,fixed30,75,1e-07,0.001,16384,200,4,cuda,torch,400,8,-0.495797,0.591122,0.00593733,8.00337,0.00308768,0.33469,0.00335448,5.87492,0.00213631,193,2.864,3.933,2026-08-01T11:17:10,9124b27,2.13.0+cu130,gonzalo
3,0.4,40,hoyer,normal,fixed30,75,1e-07,0.001,16384,200,4,cuda,torch,400,8,-0.495726,0.609484,0.00608815,8.00337,0.00308768,0.32476,0.00324554,5.87492,0.00213631,145,2.328,3.933,2026-08-01T11:17:10,9124b27,2.13.0+cu130,gonzalo
3,0.4,20,hoyer,normal,fixed30,75,1e-07,0.001,16384,200,4,cuda,torch,400,8,-0.499953,3.04836,0.0310028,8.00337,0.00308768,2.04146,0.0207717,5.87492,0.00213631,200,3.05,3.933,2026-08-01T11:17:10,9124b27,2.13.0+cu130,gonzalo
3,0.8,inf,hoyer,normal,fixed30,75,1e-07,0.001,16384,200,4,cuda,torch,400,8,-0.49515,2.53335,0.0247472,16.3393,0.00715361,1.30953,0.0129769,11.8498,0.00503285,200,2.85,3.933,2026-08-01T11:17:10,9124b27,2.13.0+cu130,gonzalo
3,0.8,40,hoyer,normal,fixed30,75,1e-07,0.001,16384,200,4,cuda,torch,400,8,-0.49607,1.13657,0.0114323,16.3393,0.00715361,0.63283,0.00634789,11.8498,0.00503285,194,2.681,3.933,2026-08-01T11:17:10,9124b27,2.13.0+cu130,gonzalo
3,0.8,20,hoyer,normal,fixed30,75,1e-07,0.001,16384,200,4,cuda,torch,400,8,-0.497798,2.54312,0.0252422,16.3393,0.00715361,1.45405,0.0145653,11.8498,0.00503285,200,2.915,3.933,2026-08-01T11:17:10,9124b27,2.13.0+cu130,gonzalo
4,0.2,inf,hoyer,normal,fixed30,75,1e-07,0.001,16384,200,4,cuda,torch,400,8,-0.49561,0.66176,0.00657925,4.78204,0.00301097,0.383896,0.00382646,3.64935,0.00229466,200,2.608,3.933,2026-08-01T11:17:10,9124b27,2.13.0+cu130,gonzalo
4,0.2,40,hoyer,normal,fixed30,75,1e-07,0.001,16384,200,4,cuda,torch,400,8,-0.49698,0.524861,0.00525059,4.78204,0.00301097,0.329131,0.00329524,3.64935,0.00229466,200,2.762,3.933,2026-08-01T11:17:10,9124b27,2.13.0+cu130,gonzalo
4,0.2,20,hoyer,normal,fixed30,75,1e-07,0.001,16384,200,4,cuda,torch,400,8,-0.501001,1.86575,0.0185706,4.78204,0.00301097,1.22198,0.0122152,3.64935,0.00229466,185,2.639,3.933,2026-08-01T11:17:10,9124b27,2.13.0+cu130,gonzalo
4,0.4,inf,hoyer,normal,fixed30,75,1e-07,0.001,16384,200,4,cuda,torch,400,8,-0.495733,0.744359,0.00738735,9.53594,0.00774396,0.403344,0.00402349,7.282,0.00671299,174,2.453,3.933,2026-08-01T11:17:10,9124b27,2.13.0+cu130,gonzalo
4,0.4,40,hoyer,normal,fixed30,75,1e-07,0.001,16384,200,4,cuda,torch,400,8,-0.49723,0.908774,0.00906749,9.53594,0.00774396,0.564894,0.00565109,7.282,0.00671299,200,3.003,3.933,2026-08-01T11:17:10,9124b27,2.13.0+cu130,gonzalo
4,0.4,20,hoyer,normal,fixed30,75,1e-07,0.001,16384,200,4,cuda,torch,400,8,-0.502163,2.19023,0.0223083,9.53594,0.00774396,1.57075,0.015962,7.282,0.00671299,200,2.731,3.933,2026-08-01T11:17:10,9124b27,2.13.0+cu130,gonzalo
4,0.8,inf,hoyer,normal,fixed30,75,1e-07,0.001,16384,200,4,cuda,torch,400,8,-0.496119,1.66693,0.0163184,18.9441,0.0310387,0.853146,0.00845614,14.4923,0.0302869,200,2.563,3.933,2026-08-01T11:17:10,9124b27,2.13.0+cu130,gonzalo
4,0.8,40,hoyer,normal,fixed30,75,1e-07,0.001,16384,200,4,cuda,torch,400,8,-0.497861,2.80958,0.0272903,18.9441,0.0310387,1.60543,0.0158421,14.4923,0.0302869,200,2.44,3.933,2026-08-01T11:17:10,9124b27,2.13.0+cu130,gonzalo
4,0.8,20,hoyer,normal,fixed30,75,1e-07,0.001,16384,200,4,cuda,torch,400,8,-0.502299,2.341,0.0234095,18.9441,0.0310387,1.42051,0.0142873,14.4923,0.0302869,136,1.917,3.933,2026-08-01T11:17:10,9124b27,2.13.0+cu130,gonzalo
5,0.2,inf,hoyer,normal,fixed30,75,1e-07,0.001,16384,200,4,cuda,torch,400,8,-0.495488,0.825423,0.00818647,3.59851,0.0129451,0.543504,0.00540265,2.63017,0.0134565,200,2.478,3.933,2026-08-01T11:17:10,9124b27,2.13.0+cu130,gonzalo
5,0.2,40,hoyer,normal,fixed30,75,1e-07,0.001,16384,200,4,cuda,torch,400,8,-0.495978,0.682217,0.00678552,3.59851,0.0129451,0.409653,0.00408053,2.63017,0.0134565,185,2.282,3.933,2026-08-01T11:17:10,9124b27,2.13.0+cu130,gonzalo
5,0.2,20,hoyer,normal,fixed30,75,1e-07,0.001,16384,200,4,cuda,torch,400,8,-0.49922,1.50104,0.01496,3.59851,0.0129451,0.846331,0.00844883,2.63017,0.0134565,200,2.444,3.933,2026-08-01T11:17:10,9124b27,2.13.0+cu130,gonzalo
5,0.4,inf,hoyer,normal,fixed30,75,1e-07,0.001,16384,200,4,cuda,torch,400,8,-0.495231,1.52744,0.0150392,7.25264,0.0289317,0.981654,0.00970605,5.28404,0.0299439,200,2.581,3.933,2026-08-01T11:17:10,9124b27,2.13.0+cu130,gonzalo
5,0.4,40,hoyer,normal,fixed30,75,1e-07,0.001,16384,200,4,cuda,torch,400,8,-0.495743,1.41218,0.0139394,7.25264,0.0289317,0.876987,0.00868614,5.28404,0.0299439,168,2.417,3.933,2026-08-01T11:17:10,9124b27,2.13.0+cu130,gonzalo
5,0.4,20,hoyer,normal,fixed30,75,1e-07,0.001,16384,200,4,cuda,torch,400,8,-0.498306,1.7954,0.0179212,7.25264,0.0289317,0.957425,0.0095637,5.28404,0.0299439,184,2.816,3.933,2026-08-01T11:17:10,9124b27,2.13.0+cu130,gonzalo
5,0.8,inf,hoyer,normal,fixed30,75,1e-07,0.001,16384,200,4,cuda,torch,400,8,-0.494489,3.09739,0.0300426,14.7383,0.0709379,1.9675,0.0192455,10.6651,0.0724598,180,2.701,3.933,2026-08-01T11:17:10,9124b27,2.13.0+cu130,gonzalo
5,0.8,40,hoyer,normal,fixed30,75,1e-07,0.001,16384,200,4,cuda,torch,400,8,-0.495075,2.96407,0.0288334,14.7383,0.0709379,1.84852,0.0181169,10.6651,0.0724598,165,2.142,3.933,2026-08-01T11:17:10,9124b27,2.13.0+cu130,gonzalo
5,0.8,20,hoyer,normal,fixed30,75,1e-07,0.001,16384,200,4,cuda,torch,400,8,-0.49971,4.09101,0.040131,14.7383,0.0709379,2.23883,0.0221389,10.6651,0.0724598,200,2.295,3.933,2026-08-01T11:17:10,9124b27,2.13.0+cu130,gonzalo
6,0.2,inf,hoyer,normal,fixed30,75,1e-07,0.001,16384,200,4,cuda,torch,400,8,-0.495853,0.48321,0.00482407,4.06629,0.00236199,0.315129,0.00314583,3.49629,0.00192267,200,2.115,3.933,2026-08-01T11:17:10,9124b27,2.13.0+cu130,gonzalo
6,0.2,40,hoyer,normal,fixed30,75,1e-07,0.001,16384,200,4,cuda,torch,400,8,-0.497181,0.258274,0.00258032,4.06629,0.00236199,0.172137,0.00172121,3.49629,0.00192267,175,2.557,3.933,2026-08-01T11:17:10,9124b27,2.13.0+cu130,gonzalo
6,0.2,20,hoyer,normal,fixed30,75,1e-07,0.001,16384,200,4,cuda,torch,400,8,-0.499102,1.45565,0.0147191,4.06629,0.00236199,1.12639,0.0113744,3.49629,0.00192267,180,2.772,3.933,2026-08-01T11:17:10,9124b27,2.13.0+cu130,gonzalo
6,0.4,inf,hoyer,normal,fixed30,75,1e-07,0.001,16384,200,4,cuda,torch,400,8,-0.49601,1.08282,0.0108027,8.07184,0.00492231,0.73311,0.00731423,6.96086,0.00401434,200,2.535,3.933,2026-08-01T11:17:10,9124b27,2.13.0+cu130,gonzalo
6,0.4,40,hoyer,normal,fixed30,75,1e-07,0.001,16384,200,4,cuda,torch,400,8,-0.497471,0.431439,0.0043088,8.07184,0.00492231,0.241649,0.00241595,6.96086,0.00401434,164,2.476,3.933,2026-08-01T11:17:10,9124b27,2.13.0+cu130,gonzalo
6,0.4,20,hoyer,normal,fixed30,75,1e-07,0.001,16384,200,4,cuda,torch,400,8,-0.498364,2.56872,0.0257751,8.07184,0.00492231,1.85111,0.0187071,6.96086,0.00401434,194,3.085,3.933,2026-08-01T11:17:10,9124b27,2.13.0+cu130,gonzalo
6,0.8,inf,hoyer,normal,fixed30,75,1e-07,0.001,16384,200,4,cuda,torch,400,8,-0.480814,10.4673,0.10036,15.9113,0.011515,8.36985,0.0812141,13.797,0.00987448,200,3.167,3.933,2026-08-01T11:17:10,9124b27,2.13.0+cu130,gonzalo
6,0.8,40,hoyer,normal,fixed30,75,1e-07,0.001,16384,200,4,cuda,torch,400,8,-0.481941,10.7956,0.103525,15.9113,0.011515,8.72578,0.0847001,13.797,0.00987448,200,3.084,3.933,2026-08-01T11:17:10,9124b27,2.13.0+cu130,gonzalo
6,0.8,20,hoyer,normal,fixed30,75,1e-07,0.001,16384,200,4,cuda,torch,400,8,-0.488111,9.85281,0.095711,15.9113,0.011515,7.854,0.0769163,13.797,0.00987448,200,3.198,3.933,2026-08-01T11:17:10,9124b27,2.13.0+cu130,gonzalo
7,0.2,inf,hoyer,normal,fixed30,75,1e-07,0.001,16384,200,4,cuda,torch,400,8,-0.496094,0.350521,0.00351697,5.05801,0.00312917,0.167099,0.00167149,4.27706,0.00246918,200,2.702,3.933,2026-08-01T11:17:10,9124b27,2.13.0+cu130,gonzalo
7,0.2,40,hoyer,normal,fixed30,75,1e-07,0.001,16384,200,4,cuda,torch,400,8,-0.497366,0.523349,0.0052581,5.05801,0.00312917,0.289758,0.00290438,4.27706,0.00246918,200,2.889,3.933,2026-08-01T11:17:10,9124b27,2.13.0+cu130,gonzalo
7,0.2,20,hoyer,normal,fixed30,75,1e-07,0.001,16384,200,4,cuda,torch,400,8,-0.500355,2.35626,0.0233183,5.05801,0.00312917,1.33337,0.0133186,4.27706,0.00246918,200,3.278,3.933,2026-08-01T11:17:10,9124b27,2.13.0+cu130,gonzalo
7,0.4,inf,hoyer,normal,fixed30,75,1e-07,0.001,16384,200,4,cuda,torch,400,8,-0.496588,0.689995,0.00694408,10.1879,0.00663565,0.330274,0.0033042,8.59942,0.00565098,200,3.35,3.933,2026-08-01T11:17:10,9124b27,2.13.0+cu130,gonzalo
7,0.4,40,hoyer,normal,fixed30,75,1e-07,0.001,16384,200,4,cuda,torch,400,8,-0.49798,0.808269,0.00815207,10.1879,0.00663565,0.418787,0.00419908,8.59942,0.00565098,182,2.87,3.933,2026-08-01T11:17:10,9124b27,2.13.0+cu130,gonzalo
7,0.4,20,hoyer,normal,fixed30,75,1e-07,0.001,16384,200,4,cuda,torch,400,8,-0.500764,2.1609,0.0218421,10.1879,0.00663565,1.57465,0.0158538,8.59942,0.00565098,200,3.26,3.933,2026-08-01T11:17:10,9124b27,2.13.0+cu130,gonzalo
7,0.8,inf,hoyer,normal,fixed30,75,1e-07,0.001,16384,200,4,cuda,torch,400,8,-0.497727,1.26321,0.0127865,20.6432,0.0154814,0.59891,0.00599085,17.3717,0.0139716,151,2.037,3.933,2026-08-01T11:17:10,9124b27,2.13.0+cu130,gonzalo
7,0.8,40,hoyer,normal,fixed30,75,1e-07,0.001,16384,200,4,cuda,torch,400,8,-0.499511,1.38655,0.0140717,20.6432,0.0154814,0.679487,0.00681162,17.3717,0.0139716,193,2.681,3.933,2026-08-01T11:17:10,9124b27,2.13.0+cu130,gonzalo
7,0.8,20,hoyer,normal,fixed30,75,1e-07,0.001,16384,200,4,cuda,torch,400,8,-0.508504,2.7926,0.0284405,20.6432,0.0154814,1.97011,0.0199215,17.3717,0.0139716,176,2.684,3.933,2026-08-01T11:17:10,9124b27,2.13.0+cu130,gonzalo
8,0.2,inf,hoyer,normal,fixed30,75,1e-07,0.001,16384,200,4,cuda,torch,400,8,-0.495676,0.271674,0.002718,4.18503,0.00217594,0.131756,0.00131692,3.35071,0.00130623,192,2.472,3.933,2026-08-01T11:17:10,9124b27,2.13.0+cu130,gonzalo
8,0.2,40,hoyer,normal,fixed30,75,1e-07,0.001,16384,200,4,cuda,torch,400,8,-0.497627,0.453495,0.00452756,4.18503,0.00217594,0.255107,0.00254843,3.35071,0.00130623,168,2.33,3.933,2026-08-01T11:17:10,9124b27,2.13.0+cu130,gonzalo
8,0.2,20,hoyer,normal,fixed30,75,1e-07,0.001,16384,200,4,cuda,torch,400,8,-0.495935,6.84103,0.0646031,4.18503,0.00217594,4.03567,0.0390949,3.35071,0.00130623,200,2.663,3.933,2026-08-01T11:17:10,9124b27,2.13.0+cu130,gonzalo
8,0.4,inf,hoyer,normal,fixed30,75,1e-07,0.001,16384,200,4,cuda,torch,400,8,-0.495761,0.548125,0.00548496,8.39204,0.00468117,0.267801,0.0026752,6.70955,0.00318396,173,2.155,3.933,2026-08-01T11:17:10,9124b27,2.13.0+cu130,gonzalo
8,0.4,40,hoyer,normal,fixed30,75,1e-07,0.001,16384,200,4,cuda,torch,400,8,-0.497739,0.640326,0.00639654,8.39204,0.00468117,0.329227,0.00328762,6.70955,0.00318396,179,2.231,3.933,2026-08-01T11:17:10,9124b27,2.13.0+cu130,gonzalo
8,0.4,20,hoyer,normal,fixed30,75,1e-07,0.001,16384,200,4,cuda,torch,400,8,-0.500975,1.6705,0.0167436,8.39204,0.00468117,1.14061,0.0114216,6.70955,0.00318396,182,2.672,3.933,2026-08-01T11:17:10,9124b27,2.13.0+cu130,gonzalo
8,0.8,inf,hoyer,normal,fixed30,75,1e-07,0.001,16384,200,4,cuda,torch,400,8,-0.483633,8.37389,0.0824821,16.8781,0.0116011,7.11354,0.0697348,13.4553,0.00958733,200,2.736,3.933,2026-08-01T11:17:10,9124b27,2.13.0+cu130,gonzalo
8,0.8,40,hoyer,normal,fixed30,75,1e-07,0.001,16384,200,4,cuda,torch,400,8,-0.486151,8.35126,0.0822394,16.8781,0.0116011,7.09298,0.0695949,13.4553,0.00958733,200,2.752,3.933,2026-08-01T11:17:10,9124b27,2.13.0+cu130,gonzalo
8,0.8,20,hoyer,normal,fixed30,75,1e-07,0.001,16384,200,4,cuda,torch,400,8,-0.493431,10.0006,0.0980999,16.8781,0.0116011,8.65974,0.0845598,13.4553,0.00958733,200,2.725,3.933,2026-08-01T11:17:10,9124b27,2.13.0+cu130,gonzalo
9,0.2,inf,hoyer,normal,fixed30,75,1e-07,0.001,16384,200,4,cuda,torch,400,8,-0.49574,0.649035,0.0064955,5.10647,0.00625156,0.425058,0.00425419,4.26559,0.00622246,200,2.471,3.933,2026-08-01T11:17:10,9124b27,2.13.0+cu130,gonzalo
9,0.2,40,hoyer,normal,fixed30,75,1e-07,0.001,16384,200,4,cuda,torch,400,8,-0.496211,0.462738,0.0046352,5.10647,0.00625156,0.276353,0.00276641,4.26559,0.00622246,177,2.511,3.933,2026-08-01T11:17:10,9124b27,2.13.0+cu130,gonzalo
9,0.2,20,hoyer,normal,fixed30,75,1e-07,0.001,16384,200,4,cuda,torch,400,8,-0.49745,2.07198,0.0206341,5.10647,0.00625156,1.39324,0.0139899,4.26559,0.00622246,177,2.287,3.933,2026-08-01T11:17:10,9124b27,2.13.0+cu130,gonzalo
9,0.4,inf,hoyer,normal,fixed30,75,1e-07,0.001,16384,200,4,cuda,torch,400,8,-0.496026,0.869045,0.00875872,10.3212,0.0156022,0.466572,0.00468603,8.62854,0.0160915,181,2.308,3.933,2026-08-01T11:17:10,9124b27,2.13.0+cu130,gonzalo
9,0.4,40,hoyer,normal,fixed30,75,1e-07,0.001,16384,200,4,cuda,torch,400,8,-0.496395,0.83342,0.00838213,10.3212,0.0156022,0.467104,0.00468531,8.62854,0.0160915,179,2.262,3.933,2026-08-01T11:17:10,9124b27,2.13.0+cu130,gonzalo
9,0.4,20,hoyer,normal,fixed30,75,1e-07,0.001,16384,200,4,cuda,torch,400,8,-0.49686,1.34303,0.013511,10.3212,0.0156022,1.0023,0.01006,8.62854,0.0160915,200,2.186,3.933,2026-08-01T11:17:10,9124b27,2.13.0+cu130,gonzalo
9,0.8,inf,hoyer,normal,fixed30,75,1e-07,0.001,16384,200,4,cuda,torch,400,8,-0.475246,14.0018,0.140756,21.0496,0.0420231,11.4405,0.117109,17.644,0.04379,200,2.5,3.933,2026-08-01T11:17:10,9124b27,2.13.0+cu130,gonzalo
9,0.8,40,hoyer,normal,fixed30,75,1e-07,0.001,16384,200,4,cuda,torch,400,8,-0.475853,14.0492,0.141182,21.0496,0.0420231,11.4845,0.117456,17.644,0.04379,200,2.522,3.933,2026-08-01T11:17:10,9124b27,2.13.0+cu130,gonzalo
9,0.8,20,hoyer,normal,fixed30,75,1e-07,0.001,16384,200,4,cuda,torch,400,8,-0.501912,2.17936,0.0217934,21.0496,0.0420231,1.53469,0.0154535,17.644,0.04379,174,2.499,3.933,2026-08-01T11:17:10,9124b27,2.13.0+cu130,gonzalo
10,0.2,inf,hoyer,normal,fixed30,75,1e-07,0.001,16384,200,4,cuda,torch,400,8,-0.495854,0.261523,0.00261129,4.29961,0.00355008,0.137027,0.00136972,3.72893,0.0032509,152,2.203,3.933,2026-08-01T11:17:10,9124b27,2.13.0+cu130,gonzalo
10,0.2,40,hoyer,normal,fixed30,75,1e-07,0.001,16384,200,4,cuda,torch,400,8,-0.496774,0.468147,0.00470606,4.29961,0.00355008,0.291892,0.00292877,3.72893,0.0032509,194,2.737,3.933,2026-08-01T11:17:10,9124b27,2.13.0+cu130,gonzalo
10,0.2,20,hoyer,normal,fixed30,75,1e-07,0.001,16384,200,4,cuda,torch,400,8,-0.500757,2.09282,0.0208055,4.29961,0.00355008,1.17943,0.0117836,3.72893,0.0032509,182,2.53,3.933,2026-08-01T11:17:10,9124b27,2.13.0+cu130,gonzalo
10,0.4,inf,hoyer,normal,fixed30,75,1e-07,0.001,16384,200,4,cuda,torch,400,8,-0.496122,0.54852,0.00549745,8.6009,0.00686183,0.27975,0.00280091,7.43999,0.00585708,200,2.786,3.933,2026-08-01T11:17:10,9124b27,2.13.0+cu130,gonzalo
10,0.4,40,hoyer,normal,fixed30,75,1e-07,0.001,16384,200,4,cuda,torch,400,8,-0.497064,0.692109,0.00696481,8.6009,0.00686183,0.382361,0.0038403,7.43999,0.00585708,153,2.127,3.933,2026-08-01T11:17:10,9124b27,2.13.0+cu130,gonzalo
10,0.4,20,hoyer,normal,fixed30,75,1e-07,0.001,16384,200,4,cuda,torch,400,8,-0.497984,1.69525,0.0168797,8.6009,0.00686183,0.957691,0.00955979,7.43999,0.00585708,157,2.057,3.933,2026-08-01T11:17:10,9124b27,2.13.0+cu130,gonzalo
10,0.8,inf,hoyer,normal,fixed30,75,1e-07,0.001,16384,200,4,cuda,torch,400,8,-0.49685,1.077,0.0108129,17.2108,0.0134552,0.553118,0.00554119,14.8099,0.00995171,184,2.621,3.933,2026-08-01T11:17:10,9124b27,2.13.0+cu130,gonzalo
10,0.8,40,hoyer,normal,fixed30,75,1e-07,0.001,16384,200,4,cuda,torch,400,8,-0.497912,1.18299,0.0119277,17.2108,0.0134552,0.610767,0.00614027,14.8099,0.00995171,194,2.646,3.933,2026-08-01T11:17:10,9124b27,2.13.0+cu130,gonzalo
10,0.8,20,hoyer,normal,fixed30,75,1e-07,0.001,16384,200,4,cuda,torch,400,8,-0.496785,1.98169,0.0199516,17.2108,0.0134552,1.24392,0.0125371,14.8099,0.00995171,200,2.745,3.933,2026-08-01T11:17:10,9124b27,2.13.0+cu130,gonzalo
